month,year,month_num,regime,avg_prob,transition_pressure,expectedness,top_driver,top_driver_text,secondary_driver_text,signal_summary,curve_summary,market_summary,path_summary,branch_name,branch_probability,branch_description,leaf_scenarios,dir_2Y,dir_10Y,dir_2s10s,dir_VIX,dir_credit_spread,scale_2Y_bp,scale_10Y_bp,scale_2s10s_bp,scale_VIX,scale_credit_spread_bp,month_end_2Y,month_end_10Y,month_end_2s10s,month_end_VIX,month_end_credit_spread,regime_definition,regime_explanation,month_end,tooltip,former_regime,former_regime_label,former_branch,former_path_summary,former_realization_label,former_realization_score,former_realization_summary
2007-01,2007,1,growth_scare,0.41688292793101317,0.1445343317814332,flow_amplified,disproportion,flow unwind,policy relief,infla +0.33 | risk -0.21 | polic -0.42 | dispr -1.60 | trans +0.14,"flat / mildly positive; initial month / no prior comparison; 2s10s -0.11%, 3m10y -0.29%, 5s30s +0.11%.","Breakeven 2.43% (+0.00), credit 1.57% (+0.00), VIX avg 10.4, oil 58.2 (+0.0).",Scenario engine warming up. Template path: Base path: recession signal strengthens unless stabilization or inflation rebound interrupts it. Transition pressure low.,warmup_path,0.0,Warm-up month before full scenario conditioning becomes available.,Monthly path template only during warm-up.,flat,flat,flat,flat,flat,1.0,1.0,1.0,1.0,1.0,4.94,4.83,-0.11000000000000032,10.42,1.57,Growth and risk-off concerns dominate the month and push markets toward slower activity and defensive pricing.,"Growth slowdown, risk-off pressure, and wider spreads dominate.",2007-01-31,"2007-01: Growth Scare
Month-end: 2007-01-31
Avg regime probability: 0.42
Transition pressure: 0.14 (low)
Expectedness: flow-amplified [macro_consistent:0%, mixed:0%, likely_flow_amplified:100%]
Curve: flat / mildly positive; initial month / no prior comparison; 2s10s -0.11%, 3m10y -0.29%, 5s30s +0.11%.
Market / macro: Breakeven 2.43% (+0.00), credit 1.57% (+0.00), VIX avg 10.4, oil 58.2 (+0.0).
Top drivers: flow unwind; policy relief.
Top branch: warmup_path (history < 25 trading days)
Path: Scenario engine warming up. Template path: Base path: recession signal strengthens unless stabilization or inflation rebound interrupts it. Transition pressure low.
Leaf scenario: monthly path template only during warm-up.",None,None,None,No prior month expectation.,not_applicable,,No prior month expectation to evaluate.
2007-02,2007,2,growth_scare,0.5488155030777565,0.1725793831183881,contested,risk,risk relief,flow amplification / surprise,infla +0.04 | risk -0.96 | polic +0.77 | dispr +0.80 | trans +0.50,"flat / mildly positive; bull steepening; 2s10s -0.09%, 3m10y -0.60%, 5s30s +0.16%.","Breakeven 2.36% (-0.06), credit 1.60% (+0.04), VIX avg 11.1, oil 61.8 (+4.4).",Scenario engine warming up. Template path: Base path: recession signal strengthens unless stabilization or inflation rebound interrupts it. Transition pressure low.,warmup_path,0.0,Warm-up month before full scenario conditioning becomes available.,Monthly path template only during warm-up.,flat,flat,flat,flat,flat,1.0,1.0,1.0,1.0,1.0,4.65,4.56,-0.09000000000000075,15.42,1.6,Growth and risk-off concerns dominate the month and push markets toward slower activity and defensive pricing.,"Growth slowdown, risk-off pressure, and wider spreads dominate.",2007-02-28,"2007-02: Growth Scare
Month-end: 2007-02-28
Avg regime probability: 0.55
Transition pressure: 0.17 (low)
Expectedness: contested [macro_consistent:45%, mixed:35%, likely_flow_amplified:20%]
Curve: flat / mildly positive; bull steepening; 2s10s -0.09%, 3m10y -0.60%, 5s30s +0.16%.
Market / macro: Breakeven 2.36% (-0.06), credit 1.60% (+0.04), VIX avg 11.1, oil 61.8 (+4.4).
Top drivers: risk relief; flow amplification / surprise.
Top branch: warmup_path (history < 25 trading days)
Path: Scenario engine warming up. Template path: Base path: recession signal strengthens unless stabilization or inflation rebound interrupts it. Transition pressure low.
Leaf scenario: monthly path template only during warm-up.",growth_scare,Growth Scare,warmup_path,Scenario engine warming up. Template path: Base path: recession signal strengthens unless stabilization or inflation rebound interrupts it. Transition pressure low.,not realized,0.0,"Not realized 0/5 tracked directions; misses: 2Y, 10Y, 2s10s, VIX, credit. Current month driven by risk relief under contested evidence."
2007-03,2007,3,growth_scare,0.39727703245088275,0.279316279009406,macro_confirmed,inflation,disinflation / oil fade,flow amplification / surprise,infla -0.37 | risk -0.10 | polic -0.08 | dispr +0.19 | trans +0.11,"flat / mildly positive; mixed repricing; 2s10s +0.07%, 3m10y -0.39%, 5s30s +0.30%.","Breakeven 2.44% (+0.07), credit 1.75% (+0.13), VIX avg 15.2, oil 65.9 (+4.0).","Risk-off pressure broadens and rates price a deeper slowdown. Tomorrow: 2Y lower, 10Y lower. +1w: curve higher, credit higher. +1m: VIX higher. Transition pressure low.",recession_signal_strengthens,0.4911380997505548,Risk-off pressure broadens and rates price a deeper slowdown.,Credit widening intensifies; VIX stays bid,lower,lower,higher,higher,higher,4.988987873306578,3.2752862470324606,2.3553131426627845,1.497922811763009,2.036541185441632,4.58,4.65,0.07000000000000028,14.64,1.75,Growth and risk-off concerns dominate the month and push markets toward slower activity and defensive pricing.,"Growth slowdown, risk-off pressure, and wider spreads dominate.",2007-03-30,"2007-03: Growth Scare
Month-end: 2007-03-30
Avg regime probability: 0.40
Transition pressure: 0.28 (low)
Expectedness: macro-confirmed [macro_consistent:82%, mixed:9%, likely_flow_amplified:9%]
Curve: flat / mildly positive; mixed repricing; 2s10s +0.07%, 3m10y -0.39%, 5s30s +0.30%.
Market / macro: Breakeven 2.44% (+0.07), credit 1.75% (+0.13), VIX avg 15.2, oil 65.9 (+4.0).
Top drivers: disinflation / oil fade; flow amplification / surprise.
Top branch: recession_signal_strengthens (p=0.49)
Path: Risk-off pressure broadens and rates price a deeper slowdown. Tomorrow: 2Y lower, 10Y lower. +1w: curve higher, credit higher. +1m: VIX higher. Transition pressure low.
Leaf scenario: Credit widening intensifies; VIX stays bid",growth_scare,Growth Scare,warmup_path,Scenario engine warming up. Template path: Base path: recession signal strengthens unless stabilization or inflation rebound interrupts it. Transition pressure low.,not realized,0.0,"Not realized 0/5 tracked directions; misses: 2Y, 10Y, 2s10s, VIX, credit. Current month driven by disinflation / oil fade under macro-confirmed evidence."
2007-04,2007,4,mixed_transition,0.5589961885906549,0.13059350862432645,macro_confirmed,risk,risk-off / credit stress,policy relief,infla -0.60 | risk +0.95 | polic -0.80 | dispr -0.47 | trans +0.19,"flat / mildly positive; mixed repricing; 2s10s +0.03%, 3m10y -0.28%, 5s30s +0.30%.","Breakeven 2.43% (-0.01), credit 1.68% (-0.06), VIX avg 12.9, oil 65.8 (-0.2).","A recent move mean-reverts as the initial catalyst loses traction. Tomorrow: 2Y lower, 10Y lower. +1w: curve higher, credit lower. +1m: VIX lower. Transition pressure low.",reversal,0.3966144237181272,A recent move mean-reverts as the initial catalyst loses traction.,Positioning unwinds; cross-asset confirmation fades,lower,lower,higher,lower,lower,4.171330722922845,3.3451457367355393,1.3747727084867452,0.6205197418293797,1.0049875621120898,4.6,4.63,0.03000000000000025,14.22,1.68,No single macro force dominates; the regime is contested and transition pressure is high.,"Signals disagree, transition pressure is elevated, and narrative coherence is weak.",2007-04-30,"2007-04: Mixed Transition
Month-end: 2007-04-30
Avg regime probability: 0.56
Transition pressure: 0.13 (low)
Expectedness: macro-confirmed [macro_consistent:67%, mixed:29%, likely_flow_amplified:5%]
Curve: flat / mildly positive; mixed repricing; 2s10s +0.03%, 3m10y -0.28%, 5s30s +0.30%.
Market / macro: Breakeven 2.43% (-0.01), credit 1.68% (-0.06), VIX avg 12.9, oil 65.8 (-0.2).
Top drivers: risk-off / credit stress; policy relief.
Top branch: reversal (p=0.40)
Path: A recent move mean-reverts as the initial catalyst loses traction. Tomorrow: 2Y lower, 10Y lower. +1w: curve higher, credit lower. +1m: VIX lower. Transition pressure low.
Leaf scenario: Positioning unwinds; cross-asset confirmation fades",growth_scare,Growth Scare,recession_signal_strengthens,"Risk-off pressure broadens and rates price a deeper slowdown. Tomorrow: 2Y lower, 10Y lower. +1w: curve higher, credit higher. +1m: VIX higher. Transition pressure low.",not realized,0.2,"Not realized 1/5 tracked directions; misses: 2Y, 2s10s, VIX, credit. Current month driven by risk-off / credit stress under macro-confirmed evidence."
2007-05,2007,5,policy_constraint,0.44933186638652406,0.12608463900502545,macro_confirmed,disproportion,flow amplification / surprise,hawkish front-end pressure,infla +0.07 | risk -0.05 | polic +0.47 | dispr +0.92 | trans +0.15,"flat / mildly positive; bear flattening; 2s10s -0.02%, 3m10y +0.17%, 5s30s +0.15%.","Breakeven 2.36% (-0.09), credit 1.60% (-0.07), VIX avg 13.3, oil 64.0 (-0.4).","The front end remains pinned by policy credibility and restrictive guidance. Tomorrow: 2Y higher, 10Y higher. +1w: curve lower, credit higher. +1m: VIX higher. Transition pressure low.",policy_stays_tight,0.5450849763066156,The front end remains pinned by policy credibility and restrictive guidance.,Front-end yields grind higher; curve keeps flattening,higher,higher,lower,higher,higher,2.2688102609076974,2.2999999999999883,0.9733961166965865,0.5097999607689275,0.7483314773547877,4.92,4.9,-0.019999999999999574,13.05,1.6,The front end stays pinned by restrictive policy and the market prices a tight policy corridor as the main constraint.,Restrictive policy path and front-end repricing dominate more than broad risk stress.,2007-05-31,"2007-05: Policy Constraint
Month-end: 2007-05-31
Avg regime probability: 0.45
Transition pressure: 0.13 (low)
Expectedness: macro-confirmed [macro_consistent:61%, mixed:35%, likely_flow_amplified:4%]
Curve: flat / mildly positive; bear flattening; 2s10s -0.02%, 3m10y +0.17%, 5s30s +0.15%.
Market / macro: Breakeven 2.36% (-0.09), credit 1.60% (-0.07), VIX avg 13.3, oil 64.0 (-0.4).
Top drivers: flow amplification / surprise; hawkish front-end pressure.
Top branch: policy_stays_tight (p=0.55)
Path: The front end remains pinned by policy credibility and restrictive guidance. Tomorrow: 2Y higher, 10Y higher. +1w: curve lower, credit higher. +1m: VIX higher. Transition pressure low.
Leaf scenario: Front-end yields grind higher; curve keeps flattening",mixed_transition,Mixed Transition,reversal,"A recent move mean-reverts as the initial catalyst loses traction. Tomorrow: 2Y lower, 10Y lower. +1w: curve higher, credit lower. +1m: VIX lower. Transition pressure low.",partially realized,0.4,"Partially realized 2/5 tracked directions; misses: 2Y, 10Y, 2s10s. Current month driven by flow amplification / surprise under macro-confirmed evidence."
2007-06,2007,6,mixed_transition,0.6042219928084341,0.15491997945266908,flow_amplified,disproportion,flow unwind,policy relief,infla -0.08 | risk +0.14 | polic -1.14 | dispr -2.00 | trans +0.15,"flat / mildly positive; mixed repricing; 2s10s +0.16%, 3m10y +0.21%, 5s30s +0.20%.","Breakeven 2.38% (+0.00), credit 1.59% (-0.01), VIX avg 14.9, oil 70.5 (+5.4).","A recent move mean-reverts as the initial catalyst loses traction. Tomorrow: 2Y lower, 10Y lower. +1w: curve higher, credit lower. +1m: VIX lower. Transition pressure low.",reversal,0.5144434830912904,A recent move mean-reverts as the initial catalyst loses traction.,Positioning unwinds; cross-asset confirmation fades,lower,lower,higher,lower,lower,4.318564576337838,5.713142742834294,3.031501278244824,1.4836976612504316,1.7741194999210186,4.87,5.03,0.16000000000000014,16.23,1.59,No single macro force dominates; the regime is contested and transition pressure is high.,"Signals disagree, transition pressure is elevated, and narrative coherence is weak.",2007-06-29,"2007-06: Mixed Transition
Month-end: 2007-06-29
Avg regime probability: 0.60
Transition pressure: 0.15 (low)
Expectedness: flow-amplified [macro_consistent:29%, mixed:29%, likely_flow_amplified:43%]
Curve: flat / mildly positive; mixed repricing; 2s10s +0.16%, 3m10y +0.21%, 5s30s +0.20%.
Market / macro: Breakeven 2.38% (+0.00), credit 1.59% (-0.01), VIX avg 14.9, oil 70.5 (+5.4).
Top drivers: flow unwind; policy relief.
Top branch: reversal (p=0.51)
Path: A recent move mean-reverts as the initial catalyst loses traction. Tomorrow: 2Y lower, 10Y lower. +1w: curve higher, credit lower. +1m: VIX lower. Transition pressure low.
Leaf scenario: Positioning unwinds; cross-asset confirmation fades",policy_constraint,Policy Constraint,policy_stays_tight,"The front end remains pinned by policy credibility and restrictive guidance. Tomorrow: 2Y higher, 10Y higher. +1w: curve lower, credit higher. +1m: VIX higher. Transition pressure low.",partially realized,0.4,"Partially realized 2/5 tracked directions; misses: 2Y, 2s10s, credit. Current month driven by flow unwind under flow-amplified evidence."
2007-07,2007,7,growth_scare,0.6079045914597109,0.19820838634772783,macro_confirmed,disproportion,flow unwind,regime rotation pressure,infla +0.31 | risk +0.41 | polic -0.29 | dispr -0.67 | trans +0.49,"flat / mildly positive; bull steepening; 2s10s +0.22%, 3m10y -0.18%, 5s30s +0.32%.","Breakeven 2.34% (-0.05), credit 1.85% (+0.25), VIX avg 17.2, oil 78.2 (+7.1).","Risk-off pressure broadens and rates price a deeper slowdown. Tomorrow: 2Y lower, 10Y lower. +1w: curve higher, credit higher. +1m: VIX higher. Transition pressure low.",recession_signal_strengthens,0.5158056119110099,Risk-off pressure broadens and rates price a deeper slowdown.,Credit widening intensifies; VIX stays bid,lower,lower,higher,higher,higher,6.109623556324915,5.833309523760939,1.6155494421403507,1.5684705926475002,4.2056509603151815,4.56,4.78,0.22000000000000064,23.52,1.85,Growth and risk-off concerns dominate the month and push markets toward slower activity and defensive pricing.,"Growth slowdown, risk-off pressure, and wider spreads dominate.",2007-07-31,"2007-07: Growth Scare
Month-end: 2007-07-31
Avg regime probability: 0.61
Transition pressure: 0.20 (low)
Expectedness: macro-confirmed [macro_consistent:64%, mixed:32%, likely_flow_amplified:5%]
Curve: flat / mildly positive; bull steepening; 2s10s +0.22%, 3m10y -0.18%, 5s30s +0.32%.
Market / macro: Breakeven 2.34% (-0.05), credit 1.85% (+0.25), VIX avg 17.2, oil 78.2 (+7.1).
Top drivers: flow unwind; regime rotation pressure.
Top branch: recession_signal_strengthens (p=0.52)
Path: Risk-off pressure broadens and rates price a deeper slowdown. Tomorrow: 2Y lower, 10Y lower. +1w: curve higher, credit higher. +1m: VIX higher. Transition pressure low.
Leaf scenario: Credit widening intensifies; VIX stays bid",mixed_transition,Mixed Transition,reversal,"A recent move mean-reverts as the initial catalyst loses traction. Tomorrow: 2Y lower, 10Y lower. +1w: curve higher, credit lower. +1m: VIX lower. Transition pressure low.",partially realized,0.6,"Partially realized 3/5 tracked directions; misses: VIX, credit. Current month driven by flow unwind under macro-confirmed evidence."
2007-08,2007,8,growth_scare,0.5744422666671612,0.26561961481458524,macro_confirmed,policy,hawkish front-end pressure,risk relief,infla +0.24 | risk -0.77 | polic +1.24 | dispr +0.35 | trans +0.22,"flat / mildly positive; bull steepening; 2s10s +0.39%, 3m10y +0.53%, 5s30s +0.58%.","Breakeven 2.20% (-0.12), credit 2.05% (+0.19), VIX avg 25.0, oil 74.0 (-2.5).","Growth fears stop worsening and markets move toward a calmer range. Tomorrow: 2Y higher, 10Y higher. +1w: curve flat, credit lower. +1m: VIX lower. Transition pressure low.",stabilization,0.38451165367092244,Growth fears stop worsening and markets move toward a calmer range.,Volatility cools; credit stops widening,higher,higher,flat,lower,lower,9.01373951254416,4.725198408532709,5.376802023508016,2.2406693196453604,3.556332380416652,4.15,4.54,0.3899999999999997,23.38,2.05,Growth and risk-off concerns dominate the month and push markets toward slower activity and defensive pricing.,"Growth slowdown, risk-off pressure, and wider spreads dominate.",2007-08-31,"2007-08: Growth Scare
Month-end: 2007-08-31
Avg regime probability: 0.57
Transition pressure: 0.27 (low)
Expectedness: macro-confirmed [macro_consistent:70%, mixed:22%, likely_flow_amplified:9%]
Curve: flat / mildly positive; bull steepening; 2s10s +0.39%, 3m10y +0.53%, 5s30s +0.58%.
Market / macro: Breakeven 2.20% (-0.12), credit 2.05% (+0.19), VIX avg 25.0, oil 74.0 (-2.5).
Top drivers: hawkish front-end pressure; risk relief.
Top branch: stabilization (p=0.38)
Path: Growth fears stop worsening and markets move toward a calmer range. Tomorrow: 2Y higher, 10Y higher. +1w: curve flat, credit lower. +1m: VIX lower. Transition pressure low.
Leaf scenario: Volatility cools; credit stops widening",growth_scare,Growth Scare,recession_signal_strengthens,"Risk-off pressure broadens and rates price a deeper slowdown. Tomorrow: 2Y lower, 10Y lower. +1w: curve higher, credit higher. +1m: VIX higher. Transition pressure low.",realized,0.8,Realized 4/5 tracked directions; misses: VIX. Current month driven by hawkish front-end pressure under macro-confirmed evidence.
2007-09,2007,9,inflation_shock,0.46546955573446797,0.2592536678459777,macro_confirmed,policy,hawkish front-end pressure,regime rotation pressure,infla +0.07 | risk +0.24 | polic +0.35 | dispr +0.18 | trans +0.33,"moderately steep; mixed repricing; 2s10s +0.62%, 3m10y +0.77%, 5s30s +0.60%.","Breakeven 2.32% (+0.12), credit 2.00% (-0.05), VIX avg 22.3, oil 81.6 (+7.7).","Inflation remains dominant and front-end repricing extends. Tomorrow: 2Y higher, 10Y higher. +1w: curve lower, credit higher. +1m: VIX higher. Transition pressure low.",inflation_persists,0.4619460600189171,Inflation remains dominant and front-end repricing extends.,Energy impulse re-accelerates; breakevens keep grinding higher,higher,higher,lower,higher,higher,6.781592733274385,5.812701609406763,3.7719358425084595,1.7163067907574097,2.233271143412724,3.97,4.59,0.6199999999999997,18.0,2.0,Inflation and commodity pressure dominate the rates regime and keep nominal repricing biased upward.,"Inflation pressure, commodity impulse, and nominal repricing dominate.",2007-09-28,"2007-09: Inflation Shock
Month-end: 2007-09-28
Avg regime probability: 0.47
Transition pressure: 0.26 (low)
Expectedness: macro-confirmed [macro_consistent:80%, mixed:15%, likely_flow_amplified:5%]
Curve: moderately steep; mixed repricing; 2s10s +0.62%, 3m10y +0.77%, 5s30s +0.60%.
Market / macro: Breakeven 2.32% (+0.12), credit 2.00% (-0.05), VIX avg 22.3, oil 81.6 (+7.7).
Top drivers: hawkish front-end pressure; regime rotation pressure.
Top branch: inflation_persists (p=0.46)
Path: Inflation remains dominant and front-end repricing extends. Tomorrow: 2Y higher, 10Y higher. +1w: curve lower, credit higher. +1m: VIX higher. Transition pressure low.
Leaf scenario: Energy impulse re-accelerates; breakevens keep grinding higher",growth_scare,Growth Scare,stabilization,"Growth fears stop worsening and markets move toward a calmer range. Tomorrow: 2Y higher, 10Y higher. +1w: curve flat, credit lower. +1m: VIX lower. Transition pressure low.",partially realized,0.6,"Partially realized 3/5 tracked directions; misses: 2Y, 2s10s. Current month driven by hawkish front-end pressure under macro-confirmed evidence."
2007-10,2007,10,mixed_transition,0.6141053391426939,0.27911770090661686,macro_confirmed,policy,hawkish front-end pressure,flow amplification / surprise,infla +0.32 | risk -0.85 | polic +1.88 | dispr +1.57 | trans +0.46,"moderately steep; bull flattening; 2s10s +0.54%, 3m10y +0.54%, 5s30s +0.58%.","Breakeven 2.34% (+0.04), credit 1.99% (+0.00), VIX avg 19.1, oil 94.2 (+13.8).","Existing moves extend as positioning and narrative momentum reinforce one another. Tomorrow: 2Y higher, 10Y higher. +1w: curve lower, credit higher. +1m: VIX higher. Transition pressure low.",amplification,0.7844758039284878,Existing moves extend as positioning and narrative momentum reinforce one another.,Move broadens across rates and risk; flow pressure stays elevated,higher,higher,lower,higher,higher,6.843975452907477,4.972675336275231,3.293554311074901,1.5840621042118268,2.0493901531919194,3.94,4.48,0.5400000000000005,18.53,1.99,No single macro force dominates; the regime is contested and transition pressure is high.,"Signals disagree, transition pressure is elevated, and narrative coherence is weak.",2007-10-31,"2007-10: Mixed Transition
Month-end: 2007-10-31
Avg regime probability: 0.61
Transition pressure: 0.28 (low)
Expectedness: macro-confirmed [macro_consistent:65%, mixed:26%, likely_flow_amplified:9%]
Curve: moderately steep; bull flattening; 2s10s +0.54%, 3m10y +0.54%, 5s30s +0.58%.
Market / macro: Breakeven 2.34% (+0.04), credit 1.99% (+0.00), VIX avg 19.1, oil 94.2 (+13.8).
Top drivers: hawkish front-end pressure; flow amplification / surprise.
Top branch: amplification (p=0.78)
Path: Existing moves extend as positioning and narrative momentum reinforce one another. Tomorrow: 2Y higher, 10Y higher. +1w: curve lower, credit higher. +1m: VIX higher. Transition pressure low.
Leaf scenario: Move broadens across rates and risk; flow pressure stays elevated",inflation_shock,Inflation Shock,inflation_persists,"Inflation remains dominant and front-end repricing extends. Tomorrow: 2Y higher, 10Y higher. +1w: curve lower, credit higher. +1m: VIX higher. Transition pressure low.",partially realized,0.4,"Partially realized 2/5 tracked directions; misses: 2Y, 10Y, credit. Current month driven by hawkish front-end pressure under macro-confirmed evidence."
2007-11,2007,11,growth_scare,0.8245554888609538,0.3982431715359549,macro_confirmed,policy,policy relief,regime rotation pressure,infla -0.02 | risk -0.19 | polic -0.69 | dispr -0.23 | trans +0.32,"moderately steep; bull steepening; 2s10s +0.93%, 3m10y +0.82%, 5s30s +0.99%.","Breakeven 2.34% (-0.02), credit 2.47% (+0.46), VIX avg 25.6, oil 88.6 (-4.9).","Risk-off pressure broadens and rates price a deeper slowdown. Tomorrow: 2Y lower, 10Y lower. +1w: curve higher, credit higher. +1m: VIX higher. Transition pressure low.",recession_signal_strengthens,0.47280814833968554,Risk-off pressure broadens and rates price a deeper slowdown.,Credit widening intensifies; VIX stays bid,lower,lower,higher,higher,higher,9.883825170448931,6.731270311018567,5.003998401278721,2.6693652803616064,3.150793550837635,3.04,3.97,0.9300000000000002,22.87,2.47,Growth and risk-off concerns dominate the month and push markets toward slower activity and defensive pricing.,"Growth slowdown, risk-off pressure, and wider spreads dominate.",2007-11-30,"2007-11: Growth Scare
Month-end: 2007-11-30
Avg regime probability: 0.82
Transition pressure: 0.40 (low)
Expectedness: macro-confirmed [macro_consistent:64%, mixed:32%, likely_flow_amplified:5%]
Curve: moderately steep; bull steepening; 2s10s +0.93%, 3m10y +0.82%, 5s30s +0.99%.
Market / macro: Breakeven 2.34% (-0.02), credit 2.47% (+0.46), VIX avg 25.6, oil 88.6 (-4.9).
Top drivers: policy relief; regime rotation pressure.
Top branch: recession_signal_strengthens (p=0.47)
Path: Risk-off pressure broadens and rates price a deeper slowdown. Tomorrow: 2Y lower, 10Y lower. +1w: curve higher, credit higher. +1m: VIX higher. Transition pressure low.
Leaf scenario: Credit widening intensifies; VIX stays bid",mixed_transition,Mixed Transition,amplification,"Existing moves extend as positioning and narrative momentum reinforce one another. Tomorrow: 2Y higher, 10Y higher. +1w: curve lower, credit higher. +1m: VIX higher. Transition pressure low.",partially realized,0.4,"Partially realized 2/5 tracked directions; misses: 2Y, 10Y, 2s10s. Current month driven by policy relief under macro-confirmed evidence."
2007-12,2007,12,mixed_transition,0.6189476168269786,0.30461508595759956,macro_confirmed,policy,policy relief,risk-off / credit stress,infla -0.36 | risk +0.70 | polic -0.89 | dispr -0.27 | trans +0.25,"moderately steep; bear steepening; 2s10s +0.99%, 3m10y +0.68%, 5s30s +1.00%.","Breakeven 2.31% (-0.01), credit 2.52% (+0.00), VIX avg 21.5, oil 96.0 (+6.7).","A recent move mean-reverts as the initial catalyst loses traction. Tomorrow: 2Y lower, 10Y lower. +1w: curve higher, credit lower. +1m: VIX lower. Transition pressure low.",reversal,0.37184728834143055,A recent move mean-reverts as the initial catalyst loses traction.,Positioning unwinds; cross-asset confirmation fades,lower,lower,higher,lower,lower,9.501973479230514,8.275717491553227,2.7202941017470814,1.2555017921134166,2.449489742783179,3.05,4.04,0.9900000000000002,22.5,2.52,No single macro force dominates; the regime is contested and transition pressure is high.,"Signals disagree, transition pressure is elevated, and narrative coherence is weak.",2007-12-31,"2007-12: Mixed Transition
Month-end: 2007-12-31
Avg regime probability: 0.62
Transition pressure: 0.30 (low)
Expectedness: macro-confirmed [macro_consistent:67%, mixed:33%, likely_flow_amplified:0%]
Curve: moderately steep; bear steepening; 2s10s +0.99%, 3m10y +0.68%, 5s30s +1.00%.
Market / macro: Breakeven 2.31% (-0.01), credit 2.52% (+0.00), VIX avg 21.5, oil 96.0 (+6.7).
Top drivers: policy relief; risk-off / credit stress.
Top branch: reversal (p=0.37)
Path: A recent move mean-reverts as the initial catalyst loses traction. Tomorrow: 2Y lower, 10Y lower. +1w: curve higher, credit lower. +1m: VIX lower. Transition pressure low.
Leaf scenario: Positioning unwinds; cross-asset confirmation fades",growth_scare,Growth Scare,recession_signal_strengthens,"Risk-off pressure broadens and rates price a deeper slowdown. Tomorrow: 2Y lower, 10Y lower. +1w: curve higher, credit higher. +1m: VIX higher. Transition pressure low.",partially realized,0.4,"Partially realized 2/5 tracked directions; misses: 2Y, 10Y, VIX. Current month driven by policy relief under macro-confirmed evidence."
2008-01,2008,1,growth_scare,0.7706945480591595,0.3258619731928565,macro_confirmed,policy,policy relief,flow unwind,infla +0.12 | risk -0.08 | polic -1.82 | dispr -1.38 | trans +0.30,"steep; bull steepening; 2s10s +1.50%, 3m10y +1.71%, 5s30s +1.53%.","Breakeven 2.34% (+0.03), credit 2.96% (+0.44), VIX avg 25.7, oil 91.7 (-4.3).","Risk-off pressure broadens and rates price a deeper slowdown. Tomorrow: 2Y lower, 10Y lower. +1w: curve higher, credit higher. +1m: VIX higher. Transition pressure low.",recession_signal_strengthens,0.4931304987517528,Risk-off pressure broadens and rates price a deeper slowdown.,Credit widening intensifies; VIX stays bid,lower,lower,higher,higher,higher,8.695401083331344,7.460562981437804,4.64650406219557,1.6182906877319667,3.2476914878109953,2.17,3.67,1.5,26.2,2.96,Growth and risk-off concerns dominate the month and push markets toward slower activity and defensive pricing.,"Growth slowdown, risk-off pressure, and wider spreads dominate.",2008-01-31,"2008-01: Growth Scare
Month-end: 2008-01-31
Avg regime probability: 0.77
Transition pressure: 0.33 (low)
Expectedness: macro-confirmed [macro_consistent:74%, mixed:17%, likely_flow_amplified:9%]
Curve: steep; bull steepening; 2s10s +1.50%, 3m10y +1.71%, 5s30s +1.53%.
Market / macro: Breakeven 2.34% (+0.03), credit 2.96% (+0.44), VIX avg 25.7, oil 91.7 (-4.3).
Top drivers: policy relief; flow unwind.
Top branch: recession_signal_strengthens (p=0.49)
Path: Risk-off pressure broadens and rates price a deeper slowdown. Tomorrow: 2Y lower, 10Y lower. +1w: curve higher, credit higher. +1m: VIX higher. Transition pressure low.
Leaf scenario: Credit widening intensifies; VIX stays bid",mixed_transition,Mixed Transition,reversal,"A recent move mean-reverts as the initial catalyst loses traction. Tomorrow: 2Y lower, 10Y lower. +1w: curve higher, credit lower. +1m: VIX lower. Transition pressure low.",partially realized,0.6,"Partially realized 3/5 tracked directions; misses: VIX, credit. Current month driven by policy relief under macro-confirmed evidence."
2008-02,2008,2,growth_scare,0.5880275805121181,0.3122674952145901,macro_confirmed,policy,policy relief,risk-off / credit stress,infla -0.41 | risk +1.57 | polic -2.00 | dispr -1.19 | trans +0.55,"steep; bull steepening; 2s10s +1.88%, 3m10y +1.68%, 5s30s +1.91%.","Breakeven 2.43% (+0.12), credit 3.22% (+0.24), VIX avg 25.4, oil 101.8 (+12.8).","Risk-off pressure broadens and rates price a deeper slowdown. Tomorrow: 2Y lower, 10Y lower. +1w: curve higher, credit higher. +1m: VIX higher. Transition pressure low.",recession_signal_strengthens,0.7573778972378967,Risk-off pressure broadens and rates price a deeper slowdown.,Credit widening intensifies; VIX stays bid,lower,lower,higher,higher,higher,9.330594836343504,9.536639869471857,5.204565303654091,1.2589177892142125,3.3704599092705507,1.65,3.53,1.88,26.54,3.22,Growth and risk-off concerns dominate the month and push markets toward slower activity and defensive pricing.,"Growth slowdown, risk-off pressure, and wider spreads dominate.",2008-02-29,"2008-02: Growth Scare
Month-end: 2008-02-29
Avg regime probability: 0.59
Transition pressure: 0.31 (low)
Expectedness: macro-confirmed [macro_consistent:76%, mixed:24%, likely_flow_amplified:0%]
Curve: steep; bull steepening; 2s10s +1.88%, 3m10y +1.68%, 5s30s +1.91%.
Market / macro: Breakeven 2.43% (+0.12), credit 3.22% (+0.24), VIX avg 25.4, oil 101.8 (+12.8).
Top drivers: policy relief; risk-off / credit stress.
Top branch: recession_signal_strengthens (p=0.76)
Path: Risk-off pressure broadens and rates price a deeper slowdown. Tomorrow: 2Y lower, 10Y lower. +1w: curve higher, credit higher. +1m: VIX higher. Transition pressure low.
Leaf scenario: Credit widening intensifies; VIX stays bid",growth_scare,Growth Scare,recession_signal_strengthens,"Risk-off pressure broadens and rates price a deeper slowdown. Tomorrow: 2Y lower, 10Y lower. +1w: curve higher, credit higher. +1m: VIX higher. Transition pressure low.",realized,0.8,Realized 4/5 tracked directions; misses: VIX. Current month driven by policy relief under macro-confirmed evidence.
2008-03,2008,3,growth_scare,0.4500139582019612,0.5012933348791923,macro_confirmed,policy,policy relief,flow unwind,infla -0.28 | risk -0.34 | polic -0.89 | dispr -0.71 | trans +0.25,"steep; bull flattening; 2s10s +1.83%, 3m10y +2.07%, 5s30s +1.84%.","Breakeven 2.34% (-0.12), credit 3.45% (+0.23), VIX avg 27.1, oil 101.5 (-0.9).","Risk-off pressure broadens and rates price a deeper slowdown. Tomorrow: 2Y lower, 10Y lower. +1w: curve higher, credit higher. +1m: VIX higher. Transition pressure low.",recession_signal_strengthens,0.46444633818645636,Risk-off pressure broadens and rates price a deeper slowdown.,Credit widening intensifies; VIX stays bid,lower,lower,higher,higher,higher,11.876342029429766,9.66165099762976,5.783597496368496,2.3351879474680413,5.082076347321046,1.62,3.45,1.83,25.61,3.45,Growth and risk-off concerns dominate the month and push markets toward slower activity and defensive pricing.,"Growth slowdown, risk-off pressure, and wider spreads dominate.",2008-03-31,"2008-03: Growth Scare
Month-end: 2008-03-31
Avg regime probability: 0.45
Transition pressure: 0.50 (low)
Expectedness: macro-confirmed [macro_consistent:81%, mixed:14%, likely_flow_amplified:5%]
Curve: steep; bull flattening; 2s10s +1.83%, 3m10y +2.07%, 5s30s +1.84%.
Market / macro: Breakeven 2.34% (-0.12), credit 3.45% (+0.23), VIX avg 27.1, oil 101.5 (-0.9).
Top drivers: policy relief; flow unwind.
Top branch: recession_signal_strengthens (p=0.46)
Path: Risk-off pressure broadens and rates price a deeper slowdown. Tomorrow: 2Y lower, 10Y lower. +1w: curve higher, credit higher. +1m: VIX higher. Transition pressure low.
Leaf scenario: Credit widening intensifies; VIX stays bid",growth_scare,Growth Scare,recession_signal_strengthens,"Risk-off pressure broadens and rates price a deeper slowdown. Tomorrow: 2Y lower, 10Y lower. +1w: curve higher, credit higher. +1m: VIX higher. Transition pressure low.",partially realized,0.6,"Partially realized 3/5 tracked directions; misses: 2s10s, VIX. Current month driven by policy relief under macro-confirmed evidence."
2008-04,2008,4,policy_constraint,0.6057267463412239,0.2738252946821454,macro_confirmed,disproportion,flow unwind,policy relief,infla -0.48 | risk +0.02 | polic -0.58 | dispr -0.74 | trans +0.25,"moderately steep; bear flattening; 2s10s +1.48%, 3m10y +2.34%, 5s30s +1.46%.","Breakeven 2.27% (-0.08), credit 3.10% (-0.33), VIX avg 21.6, oil 113.7 (+12.8).","Policy pressure eases and front-end rates retrace without a major growth shock. Tomorrow: 2Y lower, 10Y lower. +1w: curve higher, credit lower. +1m: VIX lower. Transition pressure low.",front_end_relief,0.5152252999707903,Policy pressure eases and front-end rates retrace without a major growth shock.,Data moderation lowers the policy premium; vol declines,lower,lower,higher,lower,lower,8.36346220174396,6.134125854594112,4.57820925690384,0.751415996635685,2.673948391424189,2.29,3.77,1.48,20.79,3.1,The front end stays pinned by restrictive policy and the market prices a tight policy corridor as the main constraint.,Restrictive policy path and front-end repricing dominate more than broad risk stress.,2008-04-30,"2008-04: Policy Constraint
Month-end: 2008-04-30
Avg regime probability: 0.61
Transition pressure: 0.27 (low)
Expectedness: macro-confirmed [macro_consistent:73%, mixed:27%, likely_flow_amplified:0%]
Curve: moderately steep; bear flattening; 2s10s +1.48%, 3m10y +2.34%, 5s30s +1.46%.
Market / macro: Breakeven 2.27% (-0.08), credit 3.10% (-0.33), VIX avg 21.6, oil 113.7 (+12.8).
Top drivers: flow unwind; policy relief.
Top branch: front_end_relief (p=0.52)
Path: Policy pressure eases and front-end rates retrace without a major growth shock. Tomorrow: 2Y lower, 10Y lower. +1w: curve higher, credit lower. +1m: VIX lower. Transition pressure low.
Leaf scenario: Data moderation lowers the policy premium; vol declines",growth_scare,Growth Scare,recession_signal_strengthens,"Risk-off pressure broadens and rates price a deeper slowdown. Tomorrow: 2Y lower, 10Y lower. +1w: curve higher, credit higher. +1m: VIX higher. Transition pressure low.",not realized,0.0,"Not realized 0/5 tracked directions; misses: 2Y, 10Y, 2s10s, VIX, credit. Current month driven by flow unwind under macro-confirmed evidence."
2008-05,2008,5,inflation_shock,0.4452647484912388,0.2283767095824622,macro_confirmed,disproportion,flow unwind,risk relief,infla +0.39 | risk -0.72 | polic -0.04 | dispr -1.06 | trans +0.12,"moderately steep; bear flattening; 2s10s +1.40%, 3m10y +2.17%, 5s30s +1.31%.","Breakeven 2.48% (+0.22), credit 3.00% (-0.04), VIX avg 18.4, oil 127.3 (+14.8).","Inflation remains dominant and front-end repricing extends. Tomorrow: 2Y higher, 10Y higher. +1w: curve lower, credit higher. +1m: VIX higher. Transition pressure low.",inflation_persists,0.5095691448554688,Inflation remains dominant and front-end repricing extends.,Energy impulse re-accelerates; breakevens keep grinding higher,higher,higher,lower,higher,higher,7.566207768757083,6.12596931105601,3.419064199455757,0.8222339995402769,2.351063589101752,2.66,4.06,1.3999999999999995,17.83,3.0,Inflation and commodity pressure dominate the rates regime and keep nominal repricing biased upward.,"Inflation pressure, commodity impulse, and nominal repricing dominate.",2008-05-30,"2008-05: Inflation Shock
Month-end: 2008-05-30
Avg regime probability: 0.45
Transition pressure: 0.23 (low)
Expectedness: macro-confirmed [macro_consistent:64%, mixed:27%, likely_flow_amplified:9%]
Curve: moderately steep; bear flattening; 2s10s +1.40%, 3m10y +2.17%, 5s30s +1.31%.
Market / macro: Breakeven 2.48% (+0.22), credit 3.00% (-0.04), VIX avg 18.4, oil 127.3 (+14.8).
Top drivers: flow unwind; risk relief.
Top branch: inflation_persists (p=0.51)
Path: Inflation remains dominant and front-end repricing extends. Tomorrow: 2Y higher, 10Y higher. +1w: curve lower, credit higher. +1m: VIX higher. Transition pressure low.
Leaf scenario: Energy impulse re-accelerates; breakevens keep grinding higher",policy_constraint,Policy Constraint,front_end_relief,"Policy pressure eases and front-end rates retrace without a major growth shock. Tomorrow: 2Y lower, 10Y lower. +1w: curve higher, credit lower. +1m: VIX lower. Transition pressure low.",partially realized,0.4,"Partially realized 2/5 tracked directions; misses: 2Y, 10Y, 2s10s. Current month driven by flow unwind under macro-confirmed evidence."
2008-06,2008,6,growth_scare,0.3985642564756647,0.3451984851276289,macro_confirmed,policy,policy relief,risk-off / credit stress,infla +0.02 | risk +0.27 | polic -0.43 | dispr -0.01 | trans +0.14,"moderately steep; bull flattening; 2s10s +1.36%, 3m10y +2.09%, 5s30s +1.19%.","Breakeven 2.51% (+0.04), credit 3.05% (+0.00), VIX avg 22.1, oil 140.0 (+12.2).","Risk-off pressure broadens and rates price a deeper slowdown. Tomorrow: 2Y lower, 10Y lower. +1w: curve higher, credit higher. +1m: VIX higher. Transition pressure low.",recession_signal_strengthens,0.5305185480640777,Risk-off pressure broadens and rates price a deeper slowdown.,Credit widening intensifies; VIX stays bid,lower,lower,higher,higher,higher,11.951568934662928,6.793195124534558,7.486487828080669,1.5534619403126684,3.7013511046643575,2.63,3.99,1.3600000000000003,23.95,3.05,Growth and risk-off concerns dominate the month and push markets toward slower activity and defensive pricing.,"Growth slowdown, risk-off pressure, and wider spreads dominate.",2008-06-30,"2008-06: Growth Scare
Month-end: 2008-06-30
Avg regime probability: 0.40
Transition pressure: 0.35 (low)
Expectedness: macro-confirmed [macro_consistent:81%, mixed:10%, likely_flow_amplified:10%]
Curve: moderately steep; bull flattening; 2s10s +1.36%, 3m10y +2.09%, 5s30s +1.19%.
Market / macro: Breakeven 2.51% (+0.04), credit 3.05% (+0.00), VIX avg 22.1, oil 140.0 (+12.2).
Top drivers: policy relief; risk-off / credit stress.
Top branch: recession_signal_strengthens (p=0.53)
Path: Risk-off pressure broadens and rates price a deeper slowdown. Tomorrow: 2Y lower, 10Y lower. +1w: curve higher, credit higher. +1m: VIX higher. Transition pressure low.
Leaf scenario: Credit widening intensifies; VIX stays bid",inflation_shock,Inflation Shock,inflation_persists,"Inflation remains dominant and front-end repricing extends. Tomorrow: 2Y higher, 10Y higher. +1w: curve lower, credit higher. +1m: VIX higher. Transition pressure low.",partially realized,0.6,"Partially realized 3/5 tracked directions; misses: 2Y, 10Y. Current month driven by policy relief under macro-confirmed evidence."
2008-07,2008,7,growth_scare,0.45941715033212593,0.27625994106694024,macro_confirmed,policy,policy relief,risk-off / credit stress,infla -0.50 | risk +1.26 | polic -1.87 | dispr -0.25 | trans +0.36,"moderately steep; bull steepening; 2s10s +1.47%, 3m10y +2.31%, 5s30s +1.34%.","Breakeven 2.34% (-0.18), credit 3.22% (+0.16), VIX avg 24.3, oil 124.2 (-16.9).","Risk-off pressure broadens and rates price a deeper slowdown. Tomorrow: 2Y lower, 10Y lower. +1w: curve higher, credit higher. +1m: VIX higher. Transition pressure low.",recession_signal_strengthens,0.7571422055972394,Risk-off pressure broadens and rates price a deeper slowdown.,Credit widening intensifies; VIX stays bid,lower,lower,higher,higher,higher,9.240670971309392,6.819090848492928,3.884584919911005,1.5671339285459942,3.0838287890218616,2.52,3.99,1.4700000000000002,22.94,3.22,Growth and risk-off concerns dominate the month and push markets toward slower activity and defensive pricing.,"Growth slowdown, risk-off pressure, and wider spreads dominate.",2008-07-31,"2008-07: Growth Scare
Month-end: 2008-07-31
Avg regime probability: 0.46
Transition pressure: 0.28 (low)
Expectedness: macro-confirmed [macro_consistent:70%, mixed:22%, likely_flow_amplified:9%]
Curve: moderately steep; bull steepening; 2s10s +1.47%, 3m10y +2.31%, 5s30s +1.34%.
Market / macro: Breakeven 2.34% (-0.18), credit 3.22% (+0.16), VIX avg 24.3, oil 124.2 (-16.9).
Top drivers: policy relief; risk-off / credit stress.
Top branch: recession_signal_strengthens (p=0.76)
Path: Risk-off pressure broadens and rates price a deeper slowdown. Tomorrow: 2Y lower, 10Y lower. +1w: curve higher, credit higher. +1m: VIX higher. Transition pressure low.
Leaf scenario: Credit widening intensifies; VIX stays bid",growth_scare,Growth Scare,recession_signal_strengthens,"Risk-off pressure broadens and rates price a deeper slowdown. Tomorrow: 2Y lower, 10Y lower. +1w: curve higher, credit higher. +1m: VIX higher. Transition pressure low.",partially realized,0.6,"Partially realized 3/5 tracked directions; misses: 10Y, VIX. Current month driven by policy relief under macro-confirmed evidence."
2008-08,2008,8,growth_scare,0.42316548028350454,0.22076209817039635,macro_confirmed,policy,policy relief,risk-off / credit stress,infla -0.35 | risk +0.41 | polic -0.56 | dispr +0.17 | trans +0.27,"moderately steep; bull flattening; 2s10s +1.47%, 3m10y +2.11%, 5s30s +1.33%.","Breakeven 2.15% (-0.19), credit 3.29% (+0.08), VIX avg 20.7, oil 115.5 (-9.5).","Risk-off pressure broadens and rates price a deeper slowdown. Tomorrow: 2Y lower, 10Y lower. +1w: curve higher, credit higher. +1m: VIX higher. Transition pressure low.",recession_signal_strengthens,0.6228553164580678,Risk-off pressure broadens and rates price a deeper slowdown.,Credit widening intensifies; VIX stays bid,lower,lower,higher,higher,higher,6.3943334289040585,5.109794516416485,3.2011716605018186,1.0694690271344933,1.8275666882497081,2.36,3.83,1.4700000000000002,20.65,3.29,Growth and risk-off concerns dominate the month and push markets toward slower activity and defensive pricing.,"Growth slowdown, risk-off pressure, and wider spreads dominate.",2008-08-29,"2008-08: Growth Scare
Month-end: 2008-08-29
Avg regime probability: 0.42
Transition pressure: 0.22 (low)
Expectedness: macro-confirmed [macro_consistent:67%, mixed:33%, likely_flow_amplified:0%]
Curve: moderately steep; bull flattening; 2s10s +1.47%, 3m10y +2.11%, 5s30s +1.33%.
Market / macro: Breakeven 2.15% (-0.19), credit 3.29% (+0.08), VIX avg 20.7, oil 115.5 (-9.5).
Top drivers: policy relief; risk-off / credit stress.
Top branch: recession_signal_strengthens (p=0.62)
Path: Risk-off pressure broadens and rates price a deeper slowdown. Tomorrow: 2Y lower, 10Y lower. +1w: curve higher, credit higher. +1m: VIX higher. Transition pressure low.
Leaf scenario: Credit widening intensifies; VIX stays bid",growth_scare,Growth Scare,recession_signal_strengthens,"Risk-off pressure broadens and rates price a deeper slowdown. Tomorrow: 2Y lower, 10Y lower. +1w: curve higher, credit higher. +1m: VIX higher. Transition pressure low.",partially realized,0.6,"Partially realized 3/5 tracked directions; misses: 2s10s, VIX. Current month driven by policy relief under macro-confirmed evidence."
2008-09,2008,9,mixed_transition,0.7765186159751832,0.7683919773598433,macro_confirmed,policy,hawkish front-end pressure,flow amplification / surprise,infla +0.69 | risk -1.24 | polic +2.00 | dispr +1.25 | trans +1.11,"steep; mixed repricing; 2s10s +1.85%, 3m10y +2.93%, 5s30s +1.33%.","Breakeven 1.60% (-0.55), credit 4.00% (+0.71), VIX avg 29.8, oil 100.7 (-14.8).","Existing moves extend as positioning and narrative momentum reinforce one another. Tomorrow: 2Y higher, 10Y higher. +1w: curve lower, credit higher. +1m: VIX higher. Transition pressure low.",amplification,0.7702707494022379,Existing moves extend as positioning and narrative momentum reinforce one another.,Move broadens across rates and risk; flow pressure stays elevated,higher,higher,lower,higher,higher,19.25383078766405,12.216689404253515,8.481008194784396,3.8818565146074104,6.665395712183932,2.0,3.85,1.85,39.39,4.0,No single macro force dominates; the regime is contested and transition pressure is high.,"Signals disagree, transition pressure is elevated, and narrative coherence is weak.",2008-09-30,"2008-09: Mixed Transition
Month-end: 2008-09-30
Avg regime probability: 0.78
Transition pressure: 0.77 (low)
Expectedness: macro-confirmed [macro_consistent:64%, mixed:27%, likely_flow_amplified:9%]
Curve: steep; mixed repricing; 2s10s +1.85%, 3m10y +2.93%, 5s30s +1.33%.
Market / macro: Breakeven 1.60% (-0.55), credit 4.00% (+0.71), VIX avg 29.8, oil 100.7 (-14.8).
Top drivers: hawkish front-end pressure; flow amplification / surprise.
Top branch: amplification (p=0.77)
Path: Existing moves extend as positioning and narrative momentum reinforce one another. Tomorrow: 2Y higher, 10Y higher. +1w: curve lower, credit higher. +1m: VIX higher. Transition pressure low.
Leaf scenario: Move broadens across rates and risk; flow pressure stays elevated",growth_scare,Growth Scare,recession_signal_strengthens,"Risk-off pressure broadens and rates price a deeper slowdown. Tomorrow: 2Y lower, 10Y lower. +1w: curve higher, credit higher. +1m: VIX higher. Transition pressure low.",realized,0.8,Realized 4/5 tracked directions; misses: 10Y. Current month driven by hawkish front-end pressure under macro-confirmed evidence.
2008-10,2008,10,mixed_transition,0.7481066998790159,0.6585570477645987,macro_confirmed,inflation,disinflation / oil fade,policy relief,infla -0.97 | risk -0.20 | polic -0.73 | dispr +0.09 | trans +0.30,"steep; mixed repricing; 2s10s +2.45%, 3m10y +3.55%, 5s30s +1.55%.","Breakeven 0.87% (-0.64), credit 5.53% (+1.43), VIX avg 61.2, oil 68.1 (-30.1).","The system stabilizes and daily moves fade into a tighter range. Tomorrow: 2Y lower, 10Y lower. +1w: curve higher, credit lower. +1m: VIX lower. Transition pressure low.",containment,0.3807272313598834,The system stabilizes and daily moves fade into a tighter range.,Market internals calm; scenario dispersion compresses,lower,lower,higher,lower,lower,9.303762679690404,9.888882646689666,6.692533152700848,8.694701763142886,12.652667702899645,1.56,4.01,2.4499999999999997,59.89,5.53,No single macro force dominates; the regime is contested and transition pressure is high.,"Signals disagree, transition pressure is elevated, and narrative coherence is weak.",2008-10-31,"2008-10: Mixed Transition
Month-end: 2008-10-31
Avg regime probability: 0.75
Transition pressure: 0.66 (low)
Expectedness: macro-confirmed [macro_consistent:74%, mixed:13%, likely_flow_amplified:13%]
Curve: steep; mixed repricing; 2s10s +2.45%, 3m10y +3.55%, 5s30s +1.55%.
Market / macro: Breakeven 0.87% (-0.64), credit 5.53% (+1.43), VIX avg 61.2, oil 68.1 (-30.1).
Top drivers: disinflation / oil fade; policy relief.
Top branch: containment (p=0.38)
Path: The system stabilizes and daily moves fade into a tighter range. Tomorrow: 2Y lower, 10Y lower. +1w: curve higher, credit lower. +1m: VIX lower. Transition pressure low.
Leaf scenario: Market internals calm; scenario dispersion compresses",mixed_transition,Mixed Transition,amplification,"Existing moves extend as positioning and narrative momentum reinforce one another. Tomorrow: 2Y higher, 10Y higher. +1w: curve lower, credit higher. +1m: VIX higher. Transition pressure low.",partially realized,0.6,"Partially realized 3/5 tracked directions; misses: 2Y, 2s10s. Current month driven by disinflation / oil fade under macro-confirmed evidence."
2008-11,2008,11,growth_scare,0.7941160552017784,0.4714973098031597,macro_confirmed,policy,policy relief,flow unwind,infla +0.49 | risk +0.67 | polic -1.40 | dispr -0.74 | trans +0.41,"steep; bull flattening; 2s10s +1.93%, 3m10y +2.92%, 5s30s +1.52%.","Breakeven 0.33% (-0.54), credit 6.10% (+0.57), VIX avg 62.3, oil 55.2 (-8.7).","Risk-off pressure broadens and rates price a deeper slowdown. Tomorrow: 2Y lower, 10Y lower. +1w: curve higher, credit higher. +1m: VIX higher. Transition pressure low.",recession_signal_strengthens,0.5982940383516202,Risk-off pressure broadens and rates price a deeper slowdown.,Credit widening intensifies; VIX stays bid,lower,lower,higher,higher,higher,8.158431221748458,10.965400129498237,6.851277253184249,5.779851966097402,6.754813098820703,1.0,2.93,1.9300000000000002,55.84,6.1,Growth and risk-off concerns dominate the month and push markets toward slower activity and defensive pricing.,"Growth slowdown, risk-off pressure, and wider spreads dominate.",2008-11-28,"2008-11: Growth Scare
Month-end: 2008-11-28
Avg regime probability: 0.79
Transition pressure: 0.47 (low)
Expectedness: macro-confirmed [macro_consistent:45%, mixed:25%, likely_flow_amplified:30%]
Curve: steep; bull flattening; 2s10s +1.93%, 3m10y +2.92%, 5s30s +1.52%.
Market / macro: Breakeven 0.33% (-0.54), credit 6.10% (+0.57), VIX avg 62.3, oil 55.2 (-8.7).
Top drivers: policy relief; flow unwind.
Top branch: recession_signal_strengthens (p=0.60)
Path: Risk-off pressure broadens and rates price a deeper slowdown. Tomorrow: 2Y lower, 10Y lower. +1w: curve higher, credit higher. +1m: VIX higher. Transition pressure low.
Leaf scenario: Credit widening intensifies; VIX stays bid",mixed_transition,Mixed Transition,containment,"The system stabilizes and daily moves fade into a tighter range. Tomorrow: 2Y lower, 10Y lower. +1w: curve higher, credit lower. +1m: VIX lower. Transition pressure low.",partially realized,0.6,"Partially realized 3/5 tracked directions; misses: 2s10s, credit. Current month driven by policy relief under macro-confirmed evidence."
2008-12,2008,12,policy_constraint,0.48993646080678166,0.4136600603566521,macro_confirmed,inflation,inflation / oil impulse,policy relief,infla +1.43 | risk -0.87 | polic -1.01 | dispr -0.39 | trans +0.44,"moderately steep; bull flattening; 2s10s +1.49%, 3m10y +2.14%, 5s30s +1.14%.","Breakeven 0.11% (-0.23), credit 5.82% (-0.30), VIX avg 52.0, oil 44.6 (-4.7).","Policy pressure eases and front-end rates retrace without a major growth shock. Tomorrow: 2Y lower, 10Y lower. +1w: curve higher, credit lower. +1m: VIX lower. Transition pressure low.",front_end_relief,0.5698991390310854,Policy pressure eases and front-end rates retrace without a major growth shock.,Data moderation lowers the policy premium; vol declines,lower,lower,higher,lower,lower,6.793195124534551,8.514105942493318,7.53309365400431,1.8586914752050696,4.398579316097426,0.76,2.25,1.49,40.0,5.82,The front end stays pinned by restrictive policy and the market prices a tight policy corridor as the main constraint.,Restrictive policy path and front-end repricing dominate more than broad risk stress.,2008-12-31,"2008-12: Policy Constraint
Month-end: 2008-12-31
Avg regime probability: 0.49
Transition pressure: 0.41 (low)
Expectedness: macro-confirmed [macro_consistent:70%, mixed:26%, likely_flow_amplified:4%]
Curve: moderately steep; bull flattening; 2s10s +1.49%, 3m10y +2.14%, 5s30s +1.14%.
Market / macro: Breakeven 0.11% (-0.23), credit 5.82% (-0.30), VIX avg 52.0, oil 44.6 (-4.7).
Top drivers: inflation / oil impulse; policy relief.
Top branch: front_end_relief (p=0.57)
Path: Policy pressure eases and front-end rates retrace without a major growth shock. Tomorrow: 2Y lower, 10Y lower. +1w: curve higher, credit lower. +1m: VIX lower. Transition pressure low.
Leaf scenario: Data moderation lowers the policy premium; vol declines",growth_scare,Growth Scare,recession_signal_strengthens,"Risk-off pressure broadens and rates price a deeper slowdown. Tomorrow: 2Y lower, 10Y lower. +1w: curve higher, credit higher. +1m: VIX higher. Transition pressure low.",partially realized,0.4,"Partially realized 2/5 tracked directions; misses: 2s10s, VIX, credit. Current month driven by inflation / oil impulse under macro-confirmed evidence."
2009-01,2009,1,inflation_shock,0.8117712778849246,0.46240706833990247,macro_confirmed,inflation,inflation / oil impulse,flow unwind,infla +1.78 | risk -0.10 | polic -0.21 | dispr -0.89 | trans +0.35,"steep; bear steepening; 2s10s +1.93%, 3m10y +2.63%, 5s30s +1.73%.","Breakeven 1.14% (+1.03), credit 5.38% (-0.44), VIX avg 44.5, oil 41.7 (-2.9).","Inflation remains dominant and front-end repricing extends. Tomorrow: 2Y higher, 10Y higher. +1w: curve lower, credit higher. +1m: VIX higher. Transition pressure low.",inflation_persists,0.6495052463970462,Inflation remains dominant and front-end repricing extends.,Energy impulse re-accelerates; breakevens keep grinding higher,higher,higher,lower,higher,higher,4.075536774462965,7.6385535279920695,7.28611693565236,4.192675607532736,5.34883164812654,0.94,2.87,1.9300000000000002,44.84,5.38,Inflation and commodity pressure dominate the rates regime and keep nominal repricing biased upward.,"Inflation pressure, commodity impulse, and nominal repricing dominate.",2009-01-30,"2009-01: Inflation Shock
Month-end: 2009-01-30
Avg regime probability: 0.81
Transition pressure: 0.46 (low)
Expectedness: macro-confirmed [macro_consistent:68%, mixed:14%, likely_flow_amplified:18%]
Curve: steep; bear steepening; 2s10s +1.93%, 3m10y +2.63%, 5s30s +1.73%.
Market / macro: Breakeven 1.14% (+1.03), credit 5.38% (-0.44), VIX avg 44.5, oil 41.7 (-2.9).
Top drivers: inflation / oil impulse; flow unwind.
Top branch: inflation_persists (p=0.65)
Path: Inflation remains dominant and front-end repricing extends. Tomorrow: 2Y higher, 10Y higher. +1w: curve lower, credit higher. +1m: VIX higher. Transition pressure low.
Leaf scenario: Energy impulse re-accelerates; breakevens keep grinding higher",policy_constraint,Policy Constraint,front_end_relief,"Policy pressure eases and front-end rates retrace without a major growth shock. Tomorrow: 2Y lower, 10Y lower. +1w: curve higher, credit lower. +1m: VIX lower. Transition pressure low.",partially realized,0.4,"Partially realized 2/5 tracked directions; misses: 2Y, 10Y, VIX. Current month driven by inflation / oil impulse under macro-confirmed evidence."
2009-02,2009,2,mixed_transition,0.677065561858492,0.38403940690244825,contested,policy,policy relief,flow unwind,infla +0.17 | risk +0.09 | polic -2.00 | dispr -1.22 | trans +0.28,"steep; bear steepening; 2s10s +2.02%, 3m10y +2.76%, 5s30s +1.72%.","Breakeven 0.96% (-0.11), credit 5.22% (-0.11), VIX avg 45.4, oil 44.1 (+2.8).","A recent move mean-reverts as the initial catalyst loses traction. Tomorrow: 2Y lower, 10Y lower. +1w: curve higher, credit lower. +1m: VIX lower. Transition pressure low.",reversal,0.49449970086013456,A recent move mean-reverts as the initial catalyst loses traction.,Positioning unwinds; cross-asset confirmation fades,lower,lower,higher,lower,lower,6.140846847137618,10.501785562465086,6.880951969022899,2.6426870321700973,4.675467891024396,1.0,3.02,2.02,46.35,5.22,No single macro force dominates; the regime is contested and transition pressure is high.,"Signals disagree, transition pressure is elevated, and narrative coherence is weak.",2009-02-27,"2009-02: Mixed Transition
Month-end: 2009-02-27
Avg regime probability: 0.68
Transition pressure: 0.38 (low)
Expectedness: contested [macro_consistent:45%, mixed:35%, likely_flow_amplified:20%]
Curve: steep; bear steepening; 2s10s +2.02%, 3m10y +2.76%, 5s30s +1.72%.
Market / macro: Breakeven 0.96% (-0.11), credit 5.22% (-0.11), VIX avg 45.4, oil 44.1 (+2.8).
Top drivers: policy relief; flow unwind.
Top branch: reversal (p=0.49)
Path: A recent move mean-reverts as the initial catalyst loses traction. Tomorrow: 2Y lower, 10Y lower. +1w: curve higher, credit lower. +1m: VIX lower. Transition pressure low.
Leaf scenario: Positioning unwinds; cross-asset confirmation fades",inflation_shock,Inflation Shock,inflation_persists,"Inflation remains dominant and front-end repricing extends. Tomorrow: 2Y higher, 10Y higher. +1w: curve lower, credit higher. +1m: VIX higher. Transition pressure low.",partially realized,0.6,"Partially realized 3/5 tracked directions; misses: 2s10s, credit. Current month driven by policy relief under contested evidence."
2009-03,2009,3,growth_scare,0.5374815666158833,0.4001177974515404,macro_confirmed,inflation,disinflation / oil fade,flow unwind,infla -0.88 | risk -0.38 | polic -0.46 | dispr -0.58 | trans +0.26,"steep; bull flattening; 2s10s +1.90%, 3m10y +2.50%, 5s30s +1.89%.","Breakeven 1.28% (+0.37), credit 5.74% (+0.45), VIX avg 44.8, oil 49.6 (+9.6).","Risk-off pressure broadens and rates price a deeper slowdown. Tomorrow: 2Y lower, 10Y lower. +1w: curve higher, credit higher. +1m: VIX higher. Transition pressure low.",recession_signal_strengthens,0.4943649548152522,Risk-off pressure broadens and rates price a deeper slowdown.,Credit widening intensifies; VIX stays bid,lower,lower,higher,higher,higher,6.53069674690228,13.40484986861099,7.742092740338365,2.405405319275735,6.971370023173354,0.81,2.71,1.9,44.14,5.74,Growth and risk-off concerns dominate the month and push markets toward slower activity and defensive pricing.,"Growth slowdown, risk-off pressure, and wider spreads dominate.",2009-03-31,"2009-03: Growth Scare
Month-end: 2009-03-31
Avg regime probability: 0.54
Transition pressure: 0.40 (low)
Expectedness: macro-confirmed [macro_consistent:73%, mixed:23%, likely_flow_amplified:5%]
Curve: steep; bull flattening; 2s10s +1.90%, 3m10y +2.50%, 5s30s +1.89%.
Market / macro: Breakeven 1.28% (+0.37), credit 5.74% (+0.45), VIX avg 44.8, oil 49.6 (+9.6).
Top drivers: disinflation / oil fade; flow unwind.
Top branch: recession_signal_strengthens (p=0.49)
Path: Risk-off pressure broadens and rates price a deeper slowdown. Tomorrow: 2Y lower, 10Y lower. +1w: curve higher, credit higher. +1m: VIX higher. Transition pressure low.
Leaf scenario: Credit widening intensifies; VIX stays bid",mixed_transition,Mixed Transition,reversal,"A recent move mean-reverts as the initial catalyst loses traction. Tomorrow: 2Y lower, 10Y lower. +1w: curve higher, credit lower. +1m: VIX lower. Transition pressure low.",partially realized,0.6,"Partially realized 3/5 tracked directions; misses: 2s10s, credit. Current month driven by disinflation / oil fade under macro-confirmed evidence."
2009-04,2009,4,inflation_shock,0.6330734182719268,0.3772873358585732,macro_confirmed,disproportion,flow unwind,risk relief,infla -1.03 | risk -1.24 | polic -0.99 | dispr -1.65 | trans +0.25,"steep; bear steepening; 2s10s +2.25%, 3m10y +3.02%, 5s30s +2.03%.","Breakeven 1.47% (+0.16), credit 5.08% (-0.62), VIX avg 38.0, oil 50.4 (+1.9).","Inflation momentum cools and rates retrace toward a cleaner equilibrium. Tomorrow: 2Y lower, 10Y lower. +1w: curve higher, credit lower. +1m: VIX lower. Transition pressure low.",containment_normalization,0.799513577621812,Inflation momentum cools and rates retrace toward a cleaner equilibrium.,Commodity impulse fades; policy credibility improves,lower,lower,higher,lower,lower,4.618170633486812,7.12372795662496,4.331281565541553,1.740500215455316,3.800986713999395,0.91,3.16,2.25,36.5,5.08,Inflation and commodity pressure dominate the rates regime and keep nominal repricing biased upward.,"Inflation pressure, commodity impulse, and nominal repricing dominate.",2009-04-30,"2009-04: Inflation Shock
Month-end: 2009-04-30
Avg regime probability: 0.63
Transition pressure: 0.38 (low)
Expectedness: macro-confirmed [macro_consistent:59%, mixed:23%, likely_flow_amplified:18%]
Curve: steep; bear steepening; 2s10s +2.25%, 3m10y +3.02%, 5s30s +2.03%.
Market / macro: Breakeven 1.47% (+0.16), credit 5.08% (-0.62), VIX avg 38.0, oil 50.4 (+1.9).
Top drivers: flow unwind; risk relief.
Top branch: containment_normalization (p=0.80)
Path: Inflation momentum cools and rates retrace toward a cleaner equilibrium. Tomorrow: 2Y lower, 10Y lower. +1w: curve higher, credit lower. +1m: VIX lower. Transition pressure low.
Leaf scenario: Commodity impulse fades; policy credibility improves",growth_scare,Growth Scare,recession_signal_strengthens,"Risk-off pressure broadens and rates price a deeper slowdown. Tomorrow: 2Y lower, 10Y lower. +1w: curve higher, credit higher. +1m: VIX higher. Transition pressure low.",not realized,0.2,"Not realized 1/5 tracked directions; misses: 2Y, 10Y, VIX, credit. Current month driven by flow unwind under macro-confirmed evidence."
2009-05,2009,5,inflation_shock,0.7342951736868477,0.32648150363385864,macro_confirmed,disproportion,flow unwind,risk relief,infla +0.14 | risk -1.91 | polic +0.68 | dispr -2.00 | trans +0.78,"steep; bear steepening; 2s10s +2.55%, 3m10y +3.33%, 5s30s +2.00%.","Breakeven 1.80% (+0.39), credit 4.29% (-0.72), VIX avg 32.0, oil 66.3 (+14.1).","Inflation momentum cools and rates retrace toward a cleaner equilibrium. Tomorrow: 2Y lower, 10Y lower. +1w: curve higher, credit lower. +1m: VIX lower. Transition pressure low.",containment_normalization,0.477145033382685,Inflation momentum cools and rates retrace toward a cleaner equilibrium.,Commodity impulse fades; policy credibility improves,lower,lower,higher,lower,lower,3.271085446759225,9.05593727893474,7.315052973150639,1.5766353414788077,3.929376540877703,0.92,3.47,2.5500000000000003,28.92,4.29,Inflation and commodity pressure dominate the rates regime and keep nominal repricing biased upward.,"Inflation pressure, commodity impulse, and nominal repricing dominate.",2009-05-29,"2009-05: Inflation Shock
Month-end: 2009-05-29
Avg regime probability: 0.73
Transition pressure: 0.33 (low)
Expectedness: macro-confirmed [macro_consistent:48%, mixed:29%, likely_flow_amplified:24%]
Curve: steep; bear steepening; 2s10s +2.55%, 3m10y +3.33%, 5s30s +2.00%.
Market / macro: Breakeven 1.80% (+0.39), credit 4.29% (-0.72), VIX avg 32.0, oil 66.3 (+14.1).
Top drivers: flow unwind; risk relief.
Top branch: containment_normalization (p=0.48)
Path: Inflation momentum cools and rates retrace toward a cleaner equilibrium. Tomorrow: 2Y lower, 10Y lower. +1w: curve higher, credit lower. +1m: VIX lower. Transition pressure low.
Leaf scenario: Commodity impulse fades; policy credibility improves",inflation_shock,Inflation Shock,containment_normalization,"Inflation momentum cools and rates retrace toward a cleaner equilibrium. Tomorrow: 2Y lower, 10Y lower. +1w: curve higher, credit lower. +1m: VIX lower. Transition pressure low.",partially realized,0.6,"Partially realized 3/5 tracked directions; misses: 2Y, 10Y. Current month driven by flow unwind under macro-confirmed evidence."
2009-06,2009,6,mixed_transition,0.6671722610812943,0.44253081732685423,macro_confirmed,inflation,inflation / oil impulse,risk relief,infla +1.06 | risk -0.47 | polic -0.17 | dispr -0.33 | trans +0.44,"steep; bear flattening; 2s10s +2.42%, 3m10y +3.34%, 5s30s +1.78%.","Breakeven 1.75% (-0.16), credit 3.64% (-0.62), VIX avg 29.1, oil 69.8 (+1.2).","The system stabilizes and daily moves fade into a tighter range. Tomorrow: 2Y lower, 10Y lower. +1w: curve higher, credit lower. +1m: VIX lower. Transition pressure low.",containment,0.34974285434453706,The system stabilizes and daily moves fade into a tighter range.,Market internals calm; scenario dispersion compresses,lower,lower,higher,lower,lower,9.637816142674646,9.409569596958198,7.391041875135081,1.4953039824731296,5.670097000933936,1.11,3.53,2.42,26.35,3.64,No single macro force dominates; the regime is contested and transition pressure is high.,"Signals disagree, transition pressure is elevated, and narrative coherence is weak.",2009-06-30,"2009-06: Mixed Transition
Month-end: 2009-06-30
Avg regime probability: 0.67
Transition pressure: 0.44 (low)
Expectedness: macro-confirmed [macro_consistent:73%, mixed:18%, likely_flow_amplified:9%]
Curve: steep; bear flattening; 2s10s +2.42%, 3m10y +3.34%, 5s30s +1.78%.
Market / macro: Breakeven 1.75% (-0.16), credit 3.64% (-0.62), VIX avg 29.1, oil 69.8 (+1.2).
Top drivers: inflation / oil impulse; risk relief.
Top branch: containment (p=0.35)
Path: The system stabilizes and daily moves fade into a tighter range. Tomorrow: 2Y lower, 10Y lower. +1w: curve higher, credit lower. +1m: VIX lower. Transition pressure low.
Leaf scenario: Market internals calm; scenario dispersion compresses",inflation_shock,Inflation Shock,containment_normalization,"Inflation momentum cools and rates retrace toward a cleaner equilibrium. Tomorrow: 2Y lower, 10Y lower. +1w: curve higher, credit lower. +1m: VIX lower. Transition pressure low.",partially realized,0.4,"Partially realized 2/5 tracked directions; misses: 2Y, 10Y, 2s10s. Current month driven by inflation / oil impulse under macro-confirmed evidence."
2009-07,2009,7,inflation_shock,0.46379103353345363,0.363339748295575,contested,inflation,disinflation / oil fade,flow unwind,infla -1.14 | risk -0.17 | polic +0.03 | dispr -1.06 | trans +0.36,"steep; mixed repricing; 2s10s +2.39%, 3m10y +3.34%, 5s30s +1.78%.","Breakeven 1.81% (+0.09), credit 3.11% (-0.54), VIX avg 26.2, oil 69.3 (-0.1).","Inflation momentum cools and rates retrace toward a cleaner equilibrium. Tomorrow: 2Y lower, 10Y lower. +1w: curve higher, credit lower. +1m: VIX lower. Transition pressure low.",containment_normalization,0.5580793157245565,Inflation momentum cools and rates retrace toward a cleaner equilibrium.,Commodity impulse fades; policy credibility improves,lower,lower,higher,lower,lower,4.241167292149651,8.969253034673512,6.0917977642072145,1.042762077369522,3.7603191353926326,1.13,3.52,2.39,25.92,3.11,Inflation and commodity pressure dominate the rates regime and keep nominal repricing biased upward.,"Inflation pressure, commodity impulse, and nominal repricing dominate.",2009-07-31,"2009-07: Inflation Shock
Month-end: 2009-07-31
Avg regime probability: 0.46
Transition pressure: 0.36 (low)
Expectedness: contested [macro_consistent:52%, mixed:43%, likely_flow_amplified:4%]
Curve: steep; mixed repricing; 2s10s +2.39%, 3m10y +3.34%, 5s30s +1.78%.
Market / macro: Breakeven 1.81% (+0.09), credit 3.11% (-0.54), VIX avg 26.2, oil 69.3 (-0.1).
Top drivers: disinflation / oil fade; flow unwind.
Top branch: containment_normalization (p=0.56)
Path: Inflation momentum cools and rates retrace toward a cleaner equilibrium. Tomorrow: 2Y lower, 10Y lower. +1w: curve higher, credit lower. +1m: VIX lower. Transition pressure low.
Leaf scenario: Commodity impulse fades; policy credibility improves",mixed_transition,Mixed Transition,containment,"The system stabilizes and daily moves fade into a tighter range. Tomorrow: 2Y lower, 10Y lower. +1w: curve higher, credit lower. +1m: VIX lower. Transition pressure low.",not realized,0.2,"Not realized 1/5 tracked directions; misses: 2Y, 10Y, 2s10s, VIX. Current month driven by disinflation / oil fade under contested evidence."
2009-08,2009,8,mixed_transition,0.6056627308226772,0.27108884531480915,macro_confirmed,inflation,disinflation / oil fade,risk-off / credit stress,infla -1.33 | risk +0.76 | polic -0.33 | dispr +0.32 | trans +0.45,"steep; bull steepening; 2s10s +2.43%, 3m10y +3.25%, 5s30s +1.79%.","Breakeven 1.64% (-0.24), credit 2.98% (-0.06), VIX avg 25.3, oil 70.0 (-1.6).","Existing moves extend as positioning and narrative momentum reinforce one another. Tomorrow: 2Y higher, 10Y higher. +1w: curve lower, credit higher. +1m: VIX higher. Transition pressure low.",amplification,0.41054778431218797,Existing moves extend as positioning and narrative momentum reinforce one another.,Move broadens across rates and risk; flow pressure stays elevated,higher,higher,lower,higher,higher,4.852576635149618,6.892749814116281,3.603817420458481,1.0738662626230515,3.7960505792204633,0.97,3.4,2.4299999999999997,26.01,2.98,No single macro force dominates; the regime is contested and transition pressure is high.,"Signals disagree, transition pressure is elevated, and narrative coherence is weak.",2009-08-31,"2009-08: Mixed Transition
Month-end: 2009-08-31
Avg regime probability: 0.61
Transition pressure: 0.27 (low)
Expectedness: macro-confirmed [macro_consistent:76%, mixed:24%, likely_flow_amplified:0%]
Curve: steep; bull steepening; 2s10s +2.43%, 3m10y +3.25%, 5s30s +1.79%.
Market / macro: Breakeven 1.64% (-0.24), credit 2.98% (-0.06), VIX avg 25.3, oil 70.0 (-1.6).
Top drivers: disinflation / oil fade; risk-off / credit stress.
Top branch: amplification (p=0.41)
Path: Existing moves extend as positioning and narrative momentum reinforce one another. Tomorrow: 2Y higher, 10Y higher. +1w: curve lower, credit higher. +1m: VIX higher. Transition pressure low.
Leaf scenario: Move broadens across rates and risk; flow pressure stays elevated",inflation_shock,Inflation Shock,containment_normalization,"Inflation momentum cools and rates retrace toward a cleaner equilibrium. Tomorrow: 2Y lower, 10Y lower. +1w: curve higher, credit lower. +1m: VIX lower. Transition pressure low.",realized,0.8,Realized 4/5 tracked directions; misses: VIX. Current month driven by disinflation / oil fade under macro-confirmed evidence.
2009-09,2009,9,inflation_shock,0.3901643620305658,0.23747983381275037,contested,policy,policy relief,inflation / oil impulse,infla +0.96 | risk +0.81 | polic -1.07 | dispr -0.57 | trans +0.31,"steep; bull flattening; 2s10s +2.36%, 3m10y +3.17%, 5s30s +1.72%.","Breakeven 1.75% (+0.11), credit 2.86% (-0.15), VIX avg 24.9, oil 70.5 (+2.3).","Inflation remains dominant and front-end repricing extends. Tomorrow: 2Y higher, 10Y higher. +1w: curve lower, credit higher. +1m: VIX higher. Transition pressure low.",inflation_persists,0.38160863253002886,Inflation remains dominant and front-end repricing extends.,Energy impulse re-accelerates; breakevens keep grinding higher,higher,higher,lower,higher,higher,3.1638584039112754,5.300000000000007,4.578209256903843,0.8307434923007219,2.3722352328552865,0.95,3.31,2.3600000000000003,25.61,2.86,Inflation and commodity pressure dominate the rates regime and keep nominal repricing biased upward.,"Inflation pressure, commodity impulse, and nominal repricing dominate.",2009-09-30,"2009-09: Inflation Shock
Month-end: 2009-09-30
Avg regime probability: 0.39
Transition pressure: 0.24 (low)
Expectedness: contested [macro_consistent:59%, mixed:36%, likely_flow_amplified:5%]
Curve: steep; bull flattening; 2s10s +2.36%, 3m10y +3.17%, 5s30s +1.72%.
Market / macro: Breakeven 1.75% (+0.11), credit 2.86% (-0.15), VIX avg 24.9, oil 70.5 (+2.3).
Top drivers: policy relief; inflation / oil impulse.
Top branch: inflation_persists (p=0.38)
Path: Inflation remains dominant and front-end repricing extends. Tomorrow: 2Y higher, 10Y higher. +1w: curve lower, credit higher. +1m: VIX higher. Transition pressure low.
Leaf scenario: Energy impulse re-accelerates; breakevens keep grinding higher",mixed_transition,Mixed Transition,amplification,"Existing moves extend as positioning and narrative momentum reinforce one another. Tomorrow: 2Y higher, 10Y higher. +1w: curve lower, credit higher. +1m: VIX higher. Transition pressure low.",not realized,0.2,"Not realized 1/5 tracked directions; misses: 2Y, 10Y, VIX, credit. Current month driven by policy relief under contested evidence."
2009-10,2009,10,inflation_shock,0.43360957699737973,0.2506635700406925,contested,risk,risk-off / credit stress,disinflation / oil fade,infla -0.78 | risk +1.61 | polic -0.66 | dispr +0.28 | trans +0.50,"steep; mixed repricing; 2s10s +2.51%, 3m10y +3.36%, 5s30s +1.92%.","Breakeven 2.00% (+0.29), credit 2.86% (-0.04), VIX avg 24.3, oil 77.0 (+6.4).","Inflation remains sticky, but growth damage starts to dominate market pricing. Tomorrow: 2Y lower, 10Y lower. +1w: curve higher, credit higher. +1m: VIX higher. Transition pressure low.",growth_deterioration,0.5854532574348597,"Inflation remains sticky, but growth damage starts to dominate market pricing.",Credit cracks widen; curve bull-steepens on growth fears,lower,lower,higher,higher,higher,4.570557952810576,7.073012088212485,3.575961409187744,1.9267523841947098,2.434645764787972,0.9,3.41,2.5100000000000002,30.69,2.86,Inflation and commodity pressure dominate the rates regime and keep nominal repricing biased upward.,"Inflation pressure, commodity impulse, and nominal repricing dominate.",2009-10-30,"2009-10: Inflation Shock
Month-end: 2009-10-30
Avg regime probability: 0.43
Transition pressure: 0.25 (low)
Expectedness: contested [macro_consistent:45%, mixed:41%, likely_flow_amplified:14%]
Curve: steep; mixed repricing; 2s10s +2.51%, 3m10y +3.36%, 5s30s +1.92%.
Market / macro: Breakeven 2.00% (+0.29), credit 2.86% (-0.04), VIX avg 24.3, oil 77.0 (+6.4).
Top drivers: risk-off / credit stress; disinflation / oil fade.
Top branch: growth_deterioration (p=0.59)
Path: Inflation remains sticky, but growth damage starts to dominate market pricing. Tomorrow: 2Y lower, 10Y lower. +1w: curve higher, credit higher. +1m: VIX higher. Transition pressure low.
Leaf scenario: Credit cracks widen; curve bull-steepens on growth fears",inflation_shock,Inflation Shock,inflation_persists,"Inflation remains dominant and front-end repricing extends. Tomorrow: 2Y higher, 10Y higher. +1w: curve lower, credit higher. +1m: VIX higher. Transition pressure low.",partially realized,0.4,"Partially realized 2/5 tracked directions; misses: 2Y, 2s10s, credit. Current month driven by risk-off / credit stress under contested evidence."
2009-11,2009,11,growth_scare,0.4038627165864466,0.21498987646092108,macro_confirmed,disproportion,flow unwind,inflation / oil impulse,infla +0.47 | risk -0.12 | polic -0.21 | dispr -0.82 | trans +0.11,"steep; bull steepening; 2s10s +2.54%, 3m10y +3.15%, 5s30s +2.19%.","Breakeven 2.08% (+0.04), credit 2.99% (+0.14), VIX avg 23.6, oil 77.2 (-0.9).","Growth fears stop worsening and markets move toward a calmer range. Tomorrow: 2Y higher, 10Y higher. +1w: curve flat, credit lower. +1m: VIX lower. Transition pressure low.",stabilization,0.39911469793860677,Growth fears stop worsening and markets move toward a calmer range.,Volatility cools; credit stops widening,higher,higher,flat,lower,lower,2.0463381929681126,3.8288379438153255,3.1060424980994723,1.3030167880729704,1.7635192088548453,0.67,3.21,2.54,24.51,2.99,Growth and risk-off concerns dominate the month and push markets toward slower activity and defensive pricing.,"Growth slowdown, risk-off pressure, and wider spreads dominate.",2009-11-30,"2009-11: Growth Scare
Month-end: 2009-11-30
Avg regime probability: 0.40
Transition pressure: 0.21 (low)
Expectedness: macro-confirmed [macro_consistent:67%, mixed:29%, likely_flow_amplified:5%]
Curve: steep; bull steepening; 2s10s +2.54%, 3m10y +3.15%, 5s30s +2.19%.
Market / macro: Breakeven 2.08% (+0.04), credit 2.99% (+0.14), VIX avg 23.6, oil 77.2 (-0.9).
Top drivers: flow unwind; inflation / oil impulse.
Top branch: stabilization (p=0.40)
Path: Growth fears stop worsening and markets move toward a calmer range. Tomorrow: 2Y higher, 10Y higher. +1w: curve flat, credit lower. +1m: VIX lower. Transition pressure low.
Leaf scenario: Volatility cools; credit stops widening",inflation_shock,Inflation Shock,growth_deterioration,"Inflation remains sticky, but growth damage starts to dominate market pricing. Tomorrow: 2Y lower, 10Y lower. +1w: curve higher, credit higher. +1m: VIX higher. Transition pressure low.",realized,0.8,Realized 4/5 tracked directions; misses: VIX. Current month driven by flow unwind under macro-confirmed evidence.
2009-12,2009,12,inflation_shock,0.5649418446648798,0.16040775650143715,macro_confirmed,disproportion,flow amplification / surprise,hawkish front-end pressure,infla +0.18 | risk +0.28 | polic +0.85 | dispr +1.61 | trans +0.14,"steep; bear steepening; 2s10s +2.71%, 3m10y +3.79%, 5s30s +1.94%.","Breakeven 2.37% (+0.23), credit 2.54% (-0.46), VIX avg 21.2, oil 79.4 (+1.0).","Inflation remains dominant and front-end repricing extends. Tomorrow: 2Y higher, 10Y higher. +1w: curve lower, credit higher. +1m: VIX higher. Transition pressure low.",inflation_persists,0.6097032468001641,Inflation remains dominant and front-end repricing extends.,Energy impulse re-accelerates; breakevens keep grinding higher,higher,higher,lower,higher,higher,4.764451699828637,5.32071423776921,2.776688675382959,0.9423157644866189,2.7654113618049676,1.14,3.85,2.71,21.68,2.54,Inflation and commodity pressure dominate the rates regime and keep nominal repricing biased upward.,"Inflation pressure, commodity impulse, and nominal repricing dominate.",2009-12-31,"2009-12: Inflation Shock
Month-end: 2009-12-31
Avg regime probability: 0.56
Transition pressure: 0.16 (low)
Expectedness: macro-confirmed [macro_consistent:57%, mixed:22%, likely_flow_amplified:22%]
Curve: steep; bear steepening; 2s10s +2.71%, 3m10y +3.79%, 5s30s +1.94%.
Market / macro: Breakeven 2.37% (+0.23), credit 2.54% (-0.46), VIX avg 21.2, oil 79.4 (+1.0).
Top drivers: flow amplification / surprise; hawkish front-end pressure.
Top branch: inflation_persists (p=0.61)
Path: Inflation remains dominant and front-end repricing extends. Tomorrow: 2Y higher, 10Y higher. +1w: curve lower, credit higher. +1m: VIX higher. Transition pressure low.
Leaf scenario: Energy impulse re-accelerates; breakevens keep grinding higher",growth_scare,Growth Scare,stabilization,"Growth fears stop worsening and markets move toward a calmer range. Tomorrow: 2Y higher, 10Y higher. +1w: curve flat, credit lower. +1m: VIX lower. Transition pressure low.",realized,0.8,Realized 4/5 tracked directions; misses: 2s10s. Current month driven by flow amplification / surprise under macro-confirmed evidence.
2010-01,2010,1,growth_scare,0.48592056411831136,0.1952333605233872,macro_confirmed,disproportion,flow unwind,policy relief,infla -0.08 | risk +0.23 | polic -0.63 | dispr -0.96 | trans +0.24,"steep; bull steepening; 2s10s +2.81%, 3m10y +3.55%, 5s30s +2.17%.","Breakeven 2.33% (-0.04), credit 2.57% (+0.03), VIX avg 20.6, oil 72.8 (-6.5).","Risk-off pressure broadens and rates price a deeper slowdown. Tomorrow: 2Y lower, 10Y lower. +1w: curve higher, credit higher. +1m: VIX higher. Transition pressure low.",recession_signal_strengthens,0.521832307548902,Risk-off pressure broadens and rates price a deeper slowdown.,Credit widening intensifies; VIX stays bid,lower,lower,higher,higher,higher,3.59722114972099,4.67867502611583,3.5566838487557453,1.6100344716806532,2.0316249653910012,0.82,3.63,2.81,24.62,2.57,Growth and risk-off concerns dominate the month and push markets toward slower activity and defensive pricing.,"Growth slowdown, risk-off pressure, and wider spreads dominate.",2010-01-29,"2010-01: Growth Scare
Month-end: 2010-01-29
Avg regime probability: 0.49
Transition pressure: 0.20 (low)
Expectedness: macro-confirmed [macro_consistent:57%, mixed:24%, likely_flow_amplified:19%]
Curve: steep; bull steepening; 2s10s +2.81%, 3m10y +3.55%, 5s30s +2.17%.
Market / macro: Breakeven 2.33% (-0.04), credit 2.57% (+0.03), VIX avg 20.6, oil 72.8 (-6.5).
Top drivers: flow unwind; policy relief.
Top branch: recession_signal_strengthens (p=0.52)
Path: Risk-off pressure broadens and rates price a deeper slowdown. Tomorrow: 2Y lower, 10Y lower. +1w: curve higher, credit higher. +1m: VIX higher. Transition pressure low.
Leaf scenario: Credit widening intensifies; VIX stays bid",inflation_shock,Inflation Shock,inflation_persists,"Inflation remains dominant and front-end repricing extends. Tomorrow: 2Y higher, 10Y higher. +1w: curve lower, credit higher. +1m: VIX higher. Transition pressure low.",partially realized,0.4,"Partially realized 2/5 tracked directions; misses: 2Y, 10Y, 2s10s. Current month driven by flow unwind under macro-confirmed evidence."
2010-02,2010,2,policy_constraint,0.3744056561154008,0.21511969701852185,contested,disproportion,flow unwind,risk relief,infla +0.17 | risk -0.51 | polic +0.05 | dispr -0.71 | trans +0.10,"steep; bull flattening; 2s10s +2.80%, 3m10y +3.48%, 5s30s +2.25%.","Breakeven 2.13% (-0.26), credit 2.62% (+0.05), VIX avg 22.5, oil 79.7 (+5.3).","The front end remains pinned by policy credibility and restrictive guidance. Tomorrow: 2Y higher, 10Y higher. +1w: curve lower, credit higher. +1m: VIX higher. Transition pressure low.",policy_stays_tight,0.4228691551003568,The front end remains pinned by policy credibility and restrictive guidance.,Front-end yields grind higher; curve keeps flattening,higher,higher,lower,higher,higher,4.1288618286399466,5.185556864985671,3.024483426967319,1.307980886710505,2.2555487137279955,0.81,3.61,2.8,19.5,2.62,The front end stays pinned by restrictive policy and the market prices a tight policy corridor as the main constraint.,Restrictive policy path and front-end repricing dominate more than broad risk stress.,2010-02-26,"2010-02: Policy Constraint
Month-end: 2010-02-26
Avg regime probability: 0.37
Transition pressure: 0.22 (low)
Expectedness: contested [macro_consistent:55%, mixed:35%, likely_flow_amplified:10%]
Curve: steep; bull flattening; 2s10s +2.80%, 3m10y +3.48%, 5s30s +2.25%.
Market / macro: Breakeven 2.13% (-0.26), credit 2.62% (+0.05), VIX avg 22.5, oil 79.7 (+5.3).
Top drivers: flow unwind; risk relief.
Top branch: policy_stays_tight (p=0.42)
Path: The front end remains pinned by policy credibility and restrictive guidance. Tomorrow: 2Y higher, 10Y higher. +1w: curve lower, credit higher. +1m: VIX higher. Transition pressure low.
Leaf scenario: Front-end yields grind higher; curve keeps flattening",growth_scare,Growth Scare,recession_signal_strengthens,"Risk-off pressure broadens and rates price a deeper slowdown. Tomorrow: 2Y lower, 10Y lower. +1w: curve higher, credit higher. +1m: VIX higher. Transition pressure low.",partially realized,0.4,"Partially realized 2/5 tracked directions; misses: 2Y, 2s10s, VIX. Current month driven by flow unwind under contested evidence."
2010-03,2010,3,inflation_shock,0.4292282844585854,0.12848465574497248,macro_confirmed,disproportion,flow unwind,policy relief,infla +0.47 | risk +0.02 | polic -0.50 | dispr -1.29 | trans +0.11,"steep; bear steepening; 2s10s +2.82%, 3m10y +3.68%, 5s30s +2.17%.","Breakeven 2.24% (+0.09), credit 2.47% (-0.18), VIX avg 17.8, oil 83.5 (+4.7).","Inflation momentum cools and rates retrace toward a cleaner equilibrium. Tomorrow: 2Y lower, 10Y lower. +1w: curve higher, credit lower. +1m: VIX lower. Transition pressure low.",containment_normalization,0.40491898990191116,Inflation momentum cools and rates retrace toward a cleaner equilibrium.,Commodity impulse fades; policy credibility improves,lower,lower,higher,lower,lower,3.1144823004794886,4.663421490708303,3.383415434143435,0.594765500008196,1.503329637837286,1.02,3.84,2.82,17.59,2.47,Inflation and commodity pressure dominate the rates regime and keep nominal repricing biased upward.,"Inflation pressure, commodity impulse, and nominal repricing dominate.",2010-03-31,"2010-03: Inflation Shock
Month-end: 2010-03-31
Avg regime probability: 0.43
Transition pressure: 0.13 (low)
Expectedness: macro-confirmed [macro_consistent:61%, mixed:30%, likely_flow_amplified:9%]
Curve: steep; bear steepening; 2s10s +2.82%, 3m10y +3.68%, 5s30s +2.17%.
Market / macro: Breakeven 2.24% (+0.09), credit 2.47% (-0.18), VIX avg 17.8, oil 83.5 (+4.7).
Top drivers: flow unwind; policy relief.
Top branch: containment_normalization (p=0.40)
Path: Inflation momentum cools and rates retrace toward a cleaner equilibrium. Tomorrow: 2Y lower, 10Y lower. +1w: curve higher, credit lower. +1m: VIX lower. Transition pressure low.
Leaf scenario: Commodity impulse fades; policy credibility improves",policy_constraint,Policy Constraint,policy_stays_tight,"The front end remains pinned by policy credibility and restrictive guidance. Tomorrow: 2Y higher, 10Y higher. +1w: curve lower, credit higher. +1m: VIX higher. Transition pressure low.",partially realized,0.4,"Partially realized 2/5 tracked directions; misses: 2s10s, VIX, credit. Current month driven by flow unwind under macro-confirmed evidence."
2010-04,2010,4,inflation_shock,0.3691257076466086,0.14252105534699008,macro_confirmed,risk,risk-off / credit stress,flow amplification / surprise,infla -0.80 | risk +1.46 | polic -0.24 | dispr +1.16 | trans +0.26,"steep; bull flattening; 2s10s +2.72%, 3m10y +3.53%, 5s30s +2.10%.","Breakeven 2.40% (+0.12), credit 2.38% (-0.06), VIX avg 17.4, oil 86.1 (+1.5).","Inflation remains sticky, but growth damage starts to dominate market pricing. Tomorrow: 2Y lower, 10Y lower. +1w: curve higher, credit higher. +1m: VIX higher. Transition pressure low.",growth_deterioration,0.5465499529586256,"Inflation remains sticky, but growth damage starts to dominate market pricing.",Credit cracks widen; curve bull-steepens on growth fears,lower,lower,higher,higher,higher,3.7828560638755464,5.140768425050864,3.1348843678834535,1.783036455039548,1.4525839046333948,0.97,3.69,2.7199999999999998,22.05,2.38,Inflation and commodity pressure dominate the rates regime and keep nominal repricing biased upward.,"Inflation pressure, commodity impulse, and nominal repricing dominate.",2010-04-30,"2010-04: Inflation Shock
Month-end: 2010-04-30
Avg regime probability: 0.37
Transition pressure: 0.14 (low)
Expectedness: macro-confirmed [macro_consistent:55%, mixed:32%, likely_flow_amplified:14%]
Curve: steep; bull flattening; 2s10s +2.72%, 3m10y +3.53%, 5s30s +2.10%.
Market / macro: Breakeven 2.40% (+0.12), credit 2.38% (-0.06), VIX avg 17.4, oil 86.1 (+1.5).
Top drivers: risk-off / credit stress; flow amplification / surprise.
Top branch: growth_deterioration (p=0.55)
Path: Inflation remains sticky, but growth damage starts to dominate market pricing. Tomorrow: 2Y lower, 10Y lower. +1w: curve higher, credit higher. +1m: VIX higher. Transition pressure low.
Leaf scenario: Credit cracks widen; curve bull-steepens on growth fears",inflation_shock,Inflation Shock,containment_normalization,"Inflation momentum cools and rates retrace toward a cleaner equilibrium. Tomorrow: 2Y lower, 10Y lower. +1w: curve higher, credit lower. +1m: VIX lower. Transition pressure low.",partially realized,0.6,"Partially realized 3/5 tracked directions; misses: 2s10s, VIX. Current month driven by risk-off / credit stress under macro-confirmed evidence."
2010-05,2010,5,growth_scare,0.7625493878952536,0.49292650901628604,macro_confirmed,transition,regime rotation pressure,flow amplification / surprise,infla +0.00 | risk -0.02 | polic +0.00 | dispr +0.05 | trans +0.37,"steep; bull flattening; 2s10s +2.55%, 3m10y +3.15%, 5s30s +2.12%.","Breakeven 1.99% (-0.41), credit 2.89% (+0.52), VIX avg 31.9, oil 74.0 (-12.2).","Risk-off pressure broadens and rates price a deeper slowdown. Tomorrow: 2Y lower, 10Y lower. +1w: curve higher, credit higher. +1m: VIX higher. Transition pressure low.",recession_signal_strengthens,0.47391510643752127,Risk-off pressure broadens and rates price a deeper slowdown.,Credit widening intensifies; VIX stays bid,lower,lower,higher,higher,higher,5.537147279962852,7.2627474140300325,4.932291556670178,5.0840401257267835,3.638681079732049,0.76,3.31,2.55,32.07,2.89,Growth and risk-off concerns dominate the month and push markets toward slower activity and defensive pricing.,"Growth slowdown, risk-off pressure, and wider spreads dominate.",2010-05-31,"2010-05: Growth Scare
Month-end: 2010-05-31
Avg regime probability: 0.76
Transition pressure: 0.49 (low)
Expectedness: macro-confirmed [macro_consistent:67%, mixed:14%, likely_flow_amplified:19%]
Curve: steep; bull flattening; 2s10s +2.55%, 3m10y +3.15%, 5s30s +2.12%.
Market / macro: Breakeven 1.99% (-0.41), credit 2.89% (+0.52), VIX avg 31.9, oil 74.0 (-12.2).
Top drivers: regime rotation pressure; flow amplification / surprise.
Top branch: recession_signal_strengthens (p=0.47)
Path: Risk-off pressure broadens and rates price a deeper slowdown. Tomorrow: 2Y lower, 10Y lower. +1w: curve higher, credit higher. +1m: VIX higher. Transition pressure low.
Leaf scenario: Credit widening intensifies; VIX stays bid",inflation_shock,Inflation Shock,growth_deterioration,"Inflation remains sticky, but growth damage starts to dominate market pricing. Tomorrow: 2Y lower, 10Y lower. +1w: curve higher, credit higher. +1m: VIX higher. Transition pressure low.",realized,0.8,Realized 4/5 tracked directions; misses: 2s10s. Current month driven by regime rotation pressure under macro-confirmed evidence.
2010-06,2010,6,growth_scare,0.4894801914755872,0.45569356540801614,macro_confirmed,transition,regime rotation pressure,risk relief,infla -0.21 | risk -0.52 | polic +0.00 | dispr -0.49 | trans +0.56,"steep; bull flattening; 2s10s +2.36%, 3m10y +2.79%, 5s30s +2.12%.","Breakeven 1.82% (-0.15), credit 3.08% (+0.16), VIX avg 29.9, oil 75.6 (+2.9).","Growth fears stop worsening and markets move toward a calmer range. Tomorrow: 2Y higher, 10Y higher. +1w: curve flat, credit lower. +1m: VIX lower. Transition pressure low.",stabilization,0.42212859698092525,Growth fears stop worsening and markets move toward a calmer range.,Volatility cools; credit stops widening,higher,higher,flat,lower,lower,3.2322592717787977,6.6400301204136065,3.965791219920678,2.3398659683836587,2.127792283095322,0.61,2.97,2.3600000000000003,34.54,3.08,Growth and risk-off concerns dominate the month and push markets toward slower activity and defensive pricing.,"Growth slowdown, risk-off pressure, and wider spreads dominate.",2010-06-30,"2010-06: Growth Scare
Month-end: 2010-06-30
Avg regime probability: 0.49
Transition pressure: 0.46 (low)
Expectedness: macro-confirmed [macro_consistent:73%, mixed:18%, likely_flow_amplified:9%]
Curve: steep; bull flattening; 2s10s +2.36%, 3m10y +2.79%, 5s30s +2.12%.
Market / macro: Breakeven 1.82% (-0.15), credit 3.08% (+0.16), VIX avg 29.9, oil 75.6 (+2.9).
Top drivers: regime rotation pressure; risk relief.
Top branch: stabilization (p=0.42)
Path: Growth fears stop worsening and markets move toward a calmer range. Tomorrow: 2Y higher, 10Y higher. +1w: curve flat, credit lower. +1m: VIX lower. Transition pressure low.
Leaf scenario: Volatility cools; credit stops widening",growth_scare,Growth Scare,recession_signal_strengthens,"Risk-off pressure broadens and rates price a deeper slowdown. Tomorrow: 2Y lower, 10Y lower. +1w: curve higher, credit higher. +1m: VIX higher. Transition pressure low.",realized,0.8,Realized 4/5 tracked directions; misses: 2s10s. Current month driven by regime rotation pressure under macro-confirmed evidence.
2010-07,2010,7,inflation_shock,0.40933044283224684,0.3155873936526575,macro_confirmed,disproportion,flow unwind,risk relief,infla -0.30 | risk -0.34 | polic -0.07 | dispr -2.00 | trans +0.15,"steep; bull steepening; 2s10s +2.39%, 3m10y +2.79%, 5s30s +2.38%.","Breakeven 1.80% (+0.05), credit 2.91% (-0.11), VIX avg 25.8, oil 78.8 (+5.9).","Inflation momentum cools and rates retrace toward a cleaner equilibrium. Tomorrow: 2Y lower, 10Y lower. +1w: curve higher, credit lower. +1m: VIX lower. Transition pressure low.",containment_normalization,0.5922498810018666,Inflation momentum cools and rates retrace toward a cleaner equilibrium.,Commodity impulse fades; policy credibility improves,lower,lower,higher,lower,lower,2.177154105707725,5.1487862647424,3.645545226711641,1.0315614378213251,1.7965244223221695,0.55,2.94,2.3899999999999997,23.5,2.91,Inflation and commodity pressure dominate the rates regime and keep nominal repricing biased upward.,"Inflation pressure, commodity impulse, and nominal repricing dominate.",2010-07-30,"2010-07: Inflation Shock
Month-end: 2010-07-30
Avg regime probability: 0.41
Transition pressure: 0.32 (low)
Expectedness: macro-confirmed [macro_consistent:59%, mixed:14%, likely_flow_amplified:27%]
Curve: steep; bull steepening; 2s10s +2.39%, 3m10y +2.79%, 5s30s +2.38%.
Market / macro: Breakeven 1.80% (+0.05), credit 2.91% (-0.11), VIX avg 25.8, oil 78.8 (+5.9).
Top drivers: flow unwind; risk relief.
Top branch: containment_normalization (p=0.59)
Path: Inflation momentum cools and rates retrace toward a cleaner equilibrium. Tomorrow: 2Y lower, 10Y lower. +1w: curve higher, credit lower. +1m: VIX lower. Transition pressure low.
Leaf scenario: Commodity impulse fades; policy credibility improves",growth_scare,Growth Scare,stabilization,"Growth fears stop worsening and markets move toward a calmer range. Tomorrow: 2Y higher, 10Y higher. +1w: curve flat, credit lower. +1m: VIX lower. Transition pressure low.",partially realized,0.4,"Partially realized 2/5 tracked directions; misses: 2Y, 10Y, 2s10s. Current month driven by flow unwind under macro-confirmed evidence."
2010-08,2010,8,mixed_transition,0.62414604729623,0.21184584941780005,macro_confirmed,inflation,disinflation / oil fade,flow unwind,infla -0.80 | risk -0.02 | polic -0.03 | dispr -0.71 | trans +0.40,"steep; bull flattening; 2s10s +2.00%, 3m10y +2.33%, 5s30s +2.19%.","Breakeven 1.52% (-0.34), credit 3.01% (+0.11), VIX avg 24.7, oil 71.9 (-9.3).","A recent move mean-reverts as the initial catalyst loses traction. Tomorrow: 2Y lower, 10Y lower. +1w: curve higher, credit lower. +1m: VIX lower. Transition pressure low.",reversal,0.4169078205960925,A recent move mean-reverts as the initial catalyst loses traction.,Positioning unwinds; cross-asset confirmation fades,lower,lower,higher,lower,lower,2.740437921208947,6.695334196289237,5.0047477458908975,1.3923429893528398,3.247691487810994,0.47,2.47,2.0,26.05,3.01,No single macro force dominates; the regime is contested and transition pressure is high.,"Signals disagree, transition pressure is elevated, and narrative coherence is weak.",2010-08-31,"2010-08: Mixed Transition
Month-end: 2010-08-31
Avg regime probability: 0.62
Transition pressure: 0.21 (low)
Expectedness: macro-confirmed [macro_consistent:50%, mixed:23%, likely_flow_amplified:27%]
Curve: steep; bull flattening; 2s10s +2.00%, 3m10y +2.33%, 5s30s +2.19%.
Market / macro: Breakeven 1.52% (-0.34), credit 3.01% (+0.11), VIX avg 24.7, oil 71.9 (-9.3).
Top drivers: disinflation / oil fade; flow unwind.
Top branch: reversal (p=0.42)
Path: A recent move mean-reverts as the initial catalyst loses traction. Tomorrow: 2Y lower, 10Y lower. +1w: curve higher, credit lower. +1m: VIX lower. Transition pressure low.
Leaf scenario: Positioning unwinds; cross-asset confirmation fades",inflation_shock,Inflation Shock,containment_normalization,"Inflation momentum cools and rates retrace toward a cleaner equilibrium. Tomorrow: 2Y lower, 10Y lower. +1w: curve higher, credit lower. +1m: VIX lower. Transition pressure low.",partially realized,0.4,"Partially realized 2/5 tracked directions; misses: 2s10s, VIX, credit. Current month driven by disinflation / oil fade under macro-confirmed evidence."
2010-09,2010,9,inflation_shock,0.4498639078857074,0.24310335343108014,macro_confirmed,disproportion,flow unwind,policy relief,infla +0.20 | risk -0.03 | polic -0.51 | dispr -0.58 | trans +0.12,"steep; mixed repricing; 2s10s +2.11%, 3m10y +2.37%, 5s30s +2.42%.","Breakeven 1.78% (+0.22), credit 3.05% (+0.04), VIX avg 22.5, oil 80.0 (+6.0).","Inflation remains dominant and front-end repricing extends. Tomorrow: 2Y higher, 10Y higher. +1w: curve lower, credit higher. +1m: VIX higher. Transition pressure low.",inflation_persists,0.39592310364057187,Inflation remains dominant and front-end repricing extends.,Energy impulse re-accelerates; breakevens keep grinding higher,higher,higher,lower,higher,higher,3.1999999999999997,6.328506932918702,4.657252408878006,1.0242532645786397,1.904599695474085,0.42,2.53,2.11,23.7,3.05,Inflation and commodity pressure dominate the rates regime and keep nominal repricing biased upward.,"Inflation pressure, commodity impulse, and nominal repricing dominate.",2010-09-30,"2010-09: Inflation Shock
Month-end: 2010-09-30
Avg regime probability: 0.45
Transition pressure: 0.24 (low)
Expectedness: macro-confirmed [macro_consistent:55%, mixed:32%, likely_flow_amplified:14%]
Curve: steep; mixed repricing; 2s10s +2.11%, 3m10y +2.37%, 5s30s +2.42%.
Market / macro: Breakeven 1.78% (+0.22), credit 3.05% (+0.04), VIX avg 22.5, oil 80.0 (+6.0).
Top drivers: flow unwind; policy relief.
Top branch: inflation_persists (p=0.40)
Path: Inflation remains dominant and front-end repricing extends. Tomorrow: 2Y higher, 10Y higher. +1w: curve lower, credit higher. +1m: VIX higher. Transition pressure low.
Leaf scenario: Energy impulse re-accelerates; breakevens keep grinding higher",mixed_transition,Mixed Transition,reversal,"A recent move mean-reverts as the initial catalyst loses traction. Tomorrow: 2Y lower, 10Y lower. +1w: curve higher, credit lower. +1m: VIX lower. Transition pressure low.",partially realized,0.6,"Partially realized 3/5 tracked directions; misses: 10Y, credit. Current month driven by flow unwind under macro-confirmed evidence."
2010-10,2010,10,inflation_shock,0.46635057909345506,0.15948550935075137,contested,disproportion,flow unwind,regime rotation pressure,infla +0.11 | risk -0.06 | polic -0.11 | dispr -1.76 | trans +0.14,"steep; mixed repricing; 2s10s +2.29%, 3m10y +2.51%, 5s30s +2.82%.","Breakeven 2.13% (+0.34), credit 3.15% (+0.08), VIX avg 20.4, oil 81.5 (-0.1).","Inflation momentum cools and rates retrace toward a cleaner equilibrium. Tomorrow: 2Y lower, 10Y lower. +1w: curve higher, credit lower. +1m: VIX lower. Transition pressure low.",containment_normalization,0.4854228563827818,Inflation momentum cools and rates retrace toward a cleaner equilibrium.,Commodity impulse fades; policy credibility improves,lower,lower,higher,lower,lower,1.7720045146669356,4.924175057814251,4.162631379308039,0.8548596376014014,2.870540018881471,0.34,2.63,2.29,21.2,3.15,Inflation and commodity pressure dominate the rates regime and keep nominal repricing biased upward.,"Inflation pressure, commodity impulse, and nominal repricing dominate.",2010-10-29,"2010-10: Inflation Shock
Month-end: 2010-10-29
Avg regime probability: 0.47
Transition pressure: 0.16 (low)
Expectedness: contested [macro_consistent:48%, mixed:38%, likely_flow_amplified:14%]
Curve: steep; mixed repricing; 2s10s +2.29%, 3m10y +2.51%, 5s30s +2.82%.
Market / macro: Breakeven 2.13% (+0.34), credit 3.15% (+0.08), VIX avg 20.4, oil 81.5 (-0.1).
Top drivers: flow unwind; regime rotation pressure.
Top branch: containment_normalization (p=0.49)
Path: Inflation momentum cools and rates retrace toward a cleaner equilibrium. Tomorrow: 2Y lower, 10Y lower. +1w: curve higher, credit lower. +1m: VIX lower. Transition pressure low.
Leaf scenario: Commodity impulse fades; policy credibility improves",inflation_shock,Inflation Shock,inflation_persists,"Inflation remains dominant and front-end repricing extends. Tomorrow: 2Y higher, 10Y higher. +1w: curve lower, credit higher. +1m: VIX higher. Transition pressure low.",partially realized,0.4,"Partially realized 2/5 tracked directions; misses: 2Y, 2s10s, VIX. Current month driven by flow unwind under contested evidence."
2010-11,2010,11,mixed_transition,0.6737526593851068,0.3535790268145909,contested,policy,policy relief,flow unwind,infla -0.84 | risk +0.47 | polic -1.24 | dispr -1.04 | trans +0.40,"steep; bear steepening; 2s10s +2.36%, 3m10y +2.64%, 5s30s +2.65%.","Breakeven 2.07% (-0.10), credit 3.03% (-0.10), VIX avg 20.1, oil 84.1 (+1.2).","A recent move mean-reverts as the initial catalyst loses traction. Tomorrow: 2Y lower, 10Y lower. +1w: curve higher, credit lower. +1m: VIX lower. Transition pressure low.",reversal,0.47849766331091836,A recent move mean-reverts as the initial catalyst loses traction.,Positioning unwinds; cross-asset confirmation fades,lower,lower,higher,lower,lower,3.6259481518631795,7.898734075787087,5.755649398634365,1.4819658396872712,3.93541611522848,0.45,2.81,2.36,23.54,3.03,No single macro force dominates; the regime is contested and transition pressure is high.,"Signals disagree, transition pressure is elevated, and narrative coherence is weak.",2010-11-30,"2010-11: Mixed Transition
Month-end: 2010-11-30
Avg regime probability: 0.67
Transition pressure: 0.35 (low)
Expectedness: contested [macro_consistent:41%, mixed:36%, likely_flow_amplified:23%]
Curve: steep; bear steepening; 2s10s +2.36%, 3m10y +2.64%, 5s30s +2.65%.
Market / macro: Breakeven 2.07% (-0.10), credit 3.03% (-0.10), VIX avg 20.1, oil 84.1 (+1.2).
Top drivers: policy relief; flow unwind.
Top branch: reversal (p=0.48)
Path: A recent move mean-reverts as the initial catalyst loses traction. Tomorrow: 2Y lower, 10Y lower. +1w: curve higher, credit lower. +1m: VIX lower. Transition pressure low.
Leaf scenario: Positioning unwinds; cross-asset confirmation fades",inflation_shock,Inflation Shock,containment_normalization,"Inflation momentum cools and rates retrace toward a cleaner equilibrium. Tomorrow: 2Y lower, 10Y lower. +1w: curve higher, credit lower. +1m: VIX lower. Transition pressure low.",partially realized,0.4,"Partially realized 2/5 tracked directions; misses: 2Y, 10Y, VIX. Current month driven by policy relief under contested evidence."
2010-12,2010,12,inflation_shock,0.5880412192431538,0.3336552539531779,macro_confirmed,disproportion,flow unwind,policy relief,infla +0.13 | risk -0.08 | polic -0.37 | dispr -0.98 | trans +0.33,"steep; bear steepening; 2s10s +2.69%, 3m10y +3.18%, 5s30s +2.33%.","Breakeven 2.30% (+0.16), credit 2.68% (-0.33), VIX avg 17.5, oil 91.4 (+4.6).","Inflation momentum cools and rates retrace toward a cleaner equilibrium. Tomorrow: 2Y lower, 10Y lower. +1w: curve higher, credit lower. +1m: VIX lower. Transition pressure low.",containment_normalization,0.4027059137657216,Inflation momentum cools and rates retrace toward a cleaner equilibrium.,Commodity impulse fades; policy credibility improves,lower,lower,higher,lower,lower,5.132250968142537,9.619121581516676,5.940328273757261,0.5628418960951649,3.0182776545573113,0.61,3.3,2.69,17.75,2.68,Inflation and commodity pressure dominate the rates regime and keep nominal repricing biased upward.,"Inflation pressure, commodity impulse, and nominal repricing dominate.",2010-12-31,"2010-12: Inflation Shock
Month-end: 2010-12-31
Avg regime probability: 0.59
Transition pressure: 0.33 (low)
Expectedness: macro-confirmed [macro_consistent:65%, mixed:22%, likely_flow_amplified:13%]
Curve: steep; bear steepening; 2s10s +2.69%, 3m10y +3.18%, 5s30s +2.33%.
Market / macro: Breakeven 2.30% (+0.16), credit 2.68% (-0.33), VIX avg 17.5, oil 91.4 (+4.6).
Top drivers: flow unwind; policy relief.
Top branch: containment_normalization (p=0.40)
Path: Inflation momentum cools and rates retrace toward a cleaner equilibrium. Tomorrow: 2Y lower, 10Y lower. +1w: curve higher, credit lower. +1m: VIX lower. Transition pressure low.
Leaf scenario: Commodity impulse fades; policy credibility improves",mixed_transition,Mixed Transition,reversal,"A recent move mean-reverts as the initial catalyst loses traction. Tomorrow: 2Y lower, 10Y lower. +1w: curve higher, credit lower. +1m: VIX lower. Transition pressure low.",partially realized,0.6,"Partially realized 3/5 tracked directions; misses: 2Y, 10Y. Current month driven by flow unwind under macro-confirmed evidence."
2011-01,2011,1,mixed_transition,0.6064814980145854,0.2884228800040393,macro_confirmed,inflation,inflation / oil impulse,risk relief,infla +1.47 | risk -0.48 | polic +0.34 | dispr +0.18 | trans +0.22,"steep; mixed repricing; 2s10s +2.84%, 3m10y +3.27%, 5s30s +2.63%.","Breakeven 2.34% (+0.03), credit 2.68% (+0.00), VIX avg 17.2, oil 91.0 (-0.6).","Existing moves extend as positioning and narrative momentum reinforce one another. Tomorrow: 2Y higher, 10Y higher. +1w: curve lower, credit higher. +1m: VIX higher. Transition pressure low.",amplification,0.45150513958579225,Existing moves extend as positioning and narrative momentum reinforce one another.,Move broadens across rates and risk; flow pressure stays elevated,higher,higher,lower,higher,higher,3.4680686267719674,6.245798587850883,3.6397115270306855,1.0547009054703613,2.863564212655271,0.58,3.42,2.84,19.53,2.68,No single macro force dominates; the regime is contested and transition pressure is high.,"Signals disagree, transition pressure is elevated, and narrative coherence is weak.",2011-01-31,"2011-01: Mixed Transition
Month-end: 2011-01-31
Avg regime probability: 0.61
Transition pressure: 0.29 (low)
Expectedness: macro-confirmed [macro_consistent:71%, mixed:24%, likely_flow_amplified:5%]
Curve: steep; mixed repricing; 2s10s +2.84%, 3m10y +3.27%, 5s30s +2.63%.
Market / macro: Breakeven 2.34% (+0.03), credit 2.68% (+0.00), VIX avg 17.2, oil 91.0 (-0.6).
Top drivers: inflation / oil impulse; risk relief.
Top branch: amplification (p=0.45)
Path: Existing moves extend as positioning and narrative momentum reinforce one another. Tomorrow: 2Y higher, 10Y higher. +1w: curve lower, credit higher. +1m: VIX higher. Transition pressure low.
Leaf scenario: Move broadens across rates and risk; flow pressure stays elevated",inflation_shock,Inflation Shock,containment_normalization,"Inflation momentum cools and rates retrace toward a cleaner equilibrium. Tomorrow: 2Y lower, 10Y lower. +1w: curve higher, credit lower. +1m: VIX lower. Transition pressure low.",partially realized,0.4,"Partially realized 2/5 tracked directions; misses: 10Y, VIX, credit. Current month driven by inflation / oil impulse under macro-confirmed evidence."
2011-02,2011,2,mixed_transition,0.6004562536144264,0.21489138888401796,macro_confirmed,disproportion,flow unwind,risk relief,infla -0.13 | risk -0.76 | polic -0.64 | dispr -1.48 | trans +0.41,"steep; bear flattening; 2s10s +2.73%, 3m10y +3.27%, 5s30s +2.36%.","Breakeven 2.39% (+0.02), credit 2.57% (-0.09), VIX avg 17.4, oil 97.1 (+7.6).","A recent move mean-reverts as the initial catalyst loses traction. Tomorrow: 2Y lower, 10Y lower. +1w: curve higher, credit lower. +1m: VIX lower. Transition pressure low.",reversal,0.48619584101290947,A recent move mean-reverts as the initial catalyst loses traction.,Positioning unwinds; cross-asset confirmation fades,lower,lower,higher,lower,lower,3.7479994663820317,5.58569601750758,3.4420197558991426,1.2698854279028484,2.438749679651446,0.69,3.42,2.73,18.35,2.57,No single macro force dominates; the regime is contested and transition pressure is high.,"Signals disagree, transition pressure is elevated, and narrative coherence is weak.",2011-02-28,"2011-02: Mixed Transition
Month-end: 2011-02-28
Avg regime probability: 0.60
Transition pressure: 0.21 (low)
Expectedness: macro-confirmed [macro_consistent:65%, mixed:25%, likely_flow_amplified:10%]
Curve: steep; bear flattening; 2s10s +2.73%, 3m10y +3.27%, 5s30s +2.36%.
Market / macro: Breakeven 2.39% (+0.02), credit 2.57% (-0.09), VIX avg 17.4, oil 97.1 (+7.6).
Top drivers: flow unwind; risk relief.
Top branch: reversal (p=0.49)
Path: A recent move mean-reverts as the initial catalyst loses traction. Tomorrow: 2Y lower, 10Y lower. +1w: curve higher, credit lower. +1m: VIX lower. Transition pressure low.
Leaf scenario: Positioning unwinds; cross-asset confirmation fades",mixed_transition,Mixed Transition,amplification,"Existing moves extend as positioning and narrative momentum reinforce one another. Tomorrow: 2Y higher, 10Y higher. +1w: curve lower, credit higher. +1m: VIX higher. Transition pressure low.",partially realized,0.4,"Partially realized 2/5 tracked directions; misses: 10Y, VIX, credit. Current month driven by flow unwind under macro-confirmed evidence."
2011-03,2011,3,mixed_transition,0.6233838109245038,0.32159693402844974,macro_confirmed,inflation,inflation / oil impulse,flow unwind,infla +0.35 | risk -0.15 | polic +0.00 | dispr -0.16 | trans +0.08,"steep; bear flattening; 2s10s +2.67%, 3m10y +3.38%, 5s30s +2.27%.","Breakeven 2.48% (+0.07), credit 2.58% (-0.01), VIX avg 20.7, oil 106.2 (+6.6).","The system stabilizes and daily moves fade into a tighter range. Tomorrow: 2Y lower, 10Y lower. +1w: curve higher, credit lower. +1m: VIX lower. Transition pressure low.",containment,0.3564517769922479,The system stabilizes and daily moves fade into a tighter range.,Market internals calm; scenario dispersion compresses,lower,lower,higher,lower,lower,3.955692101263698,5.352335938634639,2.9899832775452095,2.013166908132557,2.7617928959283016,0.8,3.47,2.67,17.74,2.58,No single macro force dominates; the regime is contested and transition pressure is high.,"Signals disagree, transition pressure is elevated, and narrative coherence is weak.",2011-03-31,"2011-03: Mixed Transition
Month-end: 2011-03-31
Avg regime probability: 0.62
Transition pressure: 0.32 (low)
Expectedness: macro-confirmed [macro_consistent:74%, mixed:13%, likely_flow_amplified:13%]
Curve: steep; bear flattening; 2s10s +2.67%, 3m10y +3.38%, 5s30s +2.27%.
Market / macro: Breakeven 2.48% (+0.07), credit 2.58% (-0.01), VIX avg 20.7, oil 106.2 (+6.6).
Top drivers: inflation / oil impulse; flow unwind.
Top branch: containment (p=0.36)
Path: The system stabilizes and daily moves fade into a tighter range. Tomorrow: 2Y lower, 10Y lower. +1w: curve higher, credit lower. +1m: VIX lower. Transition pressure low.
Leaf scenario: Market internals calm; scenario dispersion compresses",mixed_transition,Mixed Transition,reversal,"A recent move mean-reverts as the initial catalyst loses traction. Tomorrow: 2Y lower, 10Y lower. +1w: curve higher, credit lower. +1m: VIX lower. Transition pressure low.",not realized,0.2,"Not realized 1/5 tracked directions; misses: 2Y, 10Y, 2s10s, credit. Current month driven by inflation / oil impulse under macro-confirmed evidence."
2011-04,2011,4,inflation_shock,0.38651226572555253,0.21752049407829468,macro_confirmed,disproportion,flow unwind,inflation / oil impulse,infla +0.24 | risk -0.11 | polic -0.04 | dispr -0.44 | trans +0.10,"steep; bull steepening; 2s10s +2.71%, 3m10y +3.28%, 5s30s +2.43%.","Breakeven 2.57% (+0.05), credit 2.58% (+0.00), VIX avg 16.2, oil 113.4 (+5.8).","Inflation remains dominant and front-end repricing extends. Tomorrow: 2Y higher, 10Y higher. +1w: curve lower, credit higher. +1m: VIX higher. Transition pressure low.",inflation_persists,0.4615494697002776,Inflation remains dominant and front-end repricing extends.,Energy impulse re-accelerates; breakevens keep grinding higher,higher,higher,lower,higher,higher,3.1220986531498314,3.8613469152615614,2.5666125535421234,0.7144219691470864,1.643167672515508,0.61,3.32,2.71,14.75,2.58,Inflation and commodity pressure dominate the rates regime and keep nominal repricing biased upward.,"Inflation pressure, commodity impulse, and nominal repricing dominate.",2011-04-29,"2011-04: Inflation Shock
Month-end: 2011-04-29
Avg regime probability: 0.39
Transition pressure: 0.22 (low)
Expectedness: macro-confirmed [macro_consistent:71%, mixed:24%, likely_flow_amplified:5%]
Curve: steep; bull steepening; 2s10s +2.71%, 3m10y +3.28%, 5s30s +2.43%.
Market / macro: Breakeven 2.57% (+0.05), credit 2.58% (+0.00), VIX avg 16.2, oil 113.4 (+5.8).
Top drivers: flow unwind; inflation / oil impulse.
Top branch: inflation_persists (p=0.46)
Path: Inflation remains dominant and front-end repricing extends. Tomorrow: 2Y higher, 10Y higher. +1w: curve lower, credit higher. +1m: VIX higher. Transition pressure low.
Leaf scenario: Energy impulse re-accelerates; breakevens keep grinding higher",mixed_transition,Mixed Transition,containment,"The system stabilizes and daily moves fade into a tighter range. Tomorrow: 2Y lower, 10Y lower. +1w: curve higher, credit lower. +1m: VIX lower. Transition pressure low.",realized,0.8,Realized 4/5 tracked directions; misses: credit. Current month driven by flow unwind under macro-confirmed evidence.
2011-05,2011,5,growth_scare,0.4583527816084316,0.26542387668845363,macro_confirmed,disproportion,flow unwind,policy relief,infla -0.37 | risk -0.25 | polic -0.46 | dispr -1.41 | trans +0.16,"steep; bull flattening; 2s10s +2.60%, 3m10y +2.99%, 5s30s +2.54%.","Breakeven 2.25% (-0.31), credit 2.65% (+0.08), VIX avg 16.9, oil 102.7 (-10.3).","Growth fears stop worsening and markets move toward a calmer range. Tomorrow: 2Y higher, 10Y higher. +1w: curve flat, credit lower. +1m: VIX lower. Transition pressure low.",stabilization,0.4873136922001657,Growth fears stop worsening and markets move toward a calmer range.,Volatility cools; credit stops widening,higher,higher,flat,lower,lower,2.0639767440550276,3.3056769352131194,2.475378758897308,0.9469417880735855,1.907878402833894,0.45,3.05,2.5999999999999996,15.45,2.65,Growth and risk-off concerns dominate the month and push markets toward slower activity and defensive pricing.,"Growth slowdown, risk-off pressure, and wider spreads dominate.",2011-05-31,"2011-05: Growth Scare
Month-end: 2011-05-31
Avg regime probability: 0.46
Transition pressure: 0.27 (low)
Expectedness: macro-confirmed [macro_consistent:59%, mixed:18%, likely_flow_amplified:23%]
Curve: steep; bull flattening; 2s10s +2.60%, 3m10y +2.99%, 5s30s +2.54%.
Market / macro: Breakeven 2.25% (-0.31), credit 2.65% (+0.08), VIX avg 16.9, oil 102.7 (-10.3).
Top drivers: flow unwind; policy relief.
Top branch: stabilization (p=0.49)
Path: Growth fears stop worsening and markets move toward a calmer range. Tomorrow: 2Y higher, 10Y higher. +1w: curve flat, credit lower. +1m: VIX lower. Transition pressure low.
Leaf scenario: Volatility cools; credit stops widening",inflation_shock,Inflation Shock,inflation_persists,"Inflation remains dominant and front-end repricing extends. Tomorrow: 2Y higher, 10Y higher. +1w: curve lower, credit higher. +1m: VIX higher. Transition pressure low.",partially realized,0.6,"Partially realized 3/5 tracked directions; misses: 2Y, 10Y. Current month driven by flow unwind under macro-confirmed evidence."
2011-06,2011,6,mixed_transition,0.6555335254230685,0.3015243583516245,macro_confirmed,disproportion,flow unwind,policy relief,infla +0.56 | risk -0.75 | polic -0.78 | dispr -1.58 | trans +0.29,"steep; bear steepening; 2s10s +2.73%, 3m10y +3.15%, 5s30s +2.62%.","Breakeven 2.43% (+0.21), credit 2.72% (+0.04), VIX avg 19.2, oil 95.3 (-5.0).","A recent move mean-reverts as the initial catalyst loses traction. Tomorrow: 2Y lower, 10Y lower. +1w: curve higher, credit lower. +1m: VIX lower. Transition pressure low.",reversal,0.4853717045359799,A recent move mean-reverts as the initial catalyst loses traction.,Positioning unwinds; cross-asset confirmation fades,lower,lower,higher,lower,lower,3.4058772731852804,5.959026766175826,4.0509258201058085,1.279446266945197,3.238826948140333,0.45,3.18,2.73,16.52,2.72,No single macro force dominates; the regime is contested and transition pressure is high.,"Signals disagree, transition pressure is elevated, and narrative coherence is weak.",2011-06-30,"2011-06: Mixed Transition
Month-end: 2011-06-30
Avg regime probability: 0.66
Transition pressure: 0.30 (low)
Expectedness: macro-confirmed [macro_consistent:50%, mixed:23%, likely_flow_amplified:27%]
Curve: steep; bear steepening; 2s10s +2.73%, 3m10y +3.15%, 5s30s +2.62%.
Market / macro: Breakeven 2.43% (+0.21), credit 2.72% (+0.04), VIX avg 19.2, oil 95.3 (-5.0).
Top drivers: flow unwind; policy relief.
Top branch: reversal (p=0.49)
Path: A recent move mean-reverts as the initial catalyst loses traction. Tomorrow: 2Y lower, 10Y lower. +1w: curve higher, credit lower. +1m: VIX lower. Transition pressure low.
Leaf scenario: Positioning unwinds; cross-asset confirmation fades",growth_scare,Growth Scare,stabilization,"Growth fears stop worsening and markets move toward a calmer range. Tomorrow: 2Y higher, 10Y higher. +1w: curve flat, credit lower. +1m: VIX lower. Transition pressure low.",not realized,0.2,"Not realized 1/5 tracked directions; misses: 2Y, 2s10s, VIX, credit. Current month driven by flow unwind under macro-confirmed evidence."
2011-07,2011,7,growth_scare,0.44006463904730153,0.20149048965465208,contested,risk,risk-off / credit stress,disinflation / oil fade,infla -0.49 | risk +0.99 | polic +0.12 | dispr -0.38 | trans +0.31,"steep; bull flattening; 2s10s +2.46%, 3m10y +2.72%, 5s30s +2.77%.","Breakeven 2.44% (-0.01), credit 2.77% (+0.08), VIX avg 19.1, oil 95.7 (+0.9).","Risk-off pressure broadens and rates price a deeper slowdown. Tomorrow: 2Y lower, 10Y lower. +1w: curve higher, credit higher. +1m: VIX higher. Transition pressure low.",recession_signal_strengthens,0.6793949959356965,Risk-off pressure broadens and rates price a deeper slowdown.,Credit widening intensifies; VIX stays bid,lower,lower,higher,higher,higher,3.2726136343907144,6.04152298679728,3.8483762809787687,1.1908480171709572,3.006659275674584,0.36,2.82,2.46,25.25,2.77,Growth and risk-off concerns dominate the month and push markets toward slower activity and defensive pricing.,"Growth slowdown, risk-off pressure, and wider spreads dominate.",2011-07-29,"2011-07: Growth Scare
Month-end: 2011-07-29
Avg regime probability: 0.44
Transition pressure: 0.20 (low)
Expectedness: contested [macro_consistent:57%, mixed:43%, likely_flow_amplified:0%]
Curve: steep; bull flattening; 2s10s +2.46%, 3m10y +2.72%, 5s30s +2.77%.
Market / macro: Breakeven 2.44% (-0.01), credit 2.77% (+0.08), VIX avg 19.1, oil 95.7 (+0.9).
Top drivers: risk-off / credit stress; disinflation / oil fade.
Top branch: recession_signal_strengthens (p=0.68)
Path: Risk-off pressure broadens and rates price a deeper slowdown. Tomorrow: 2Y lower, 10Y lower. +1w: curve higher, credit higher. +1m: VIX higher. Transition pressure low.
Leaf scenario: Credit widening intensifies; VIX stays bid",mixed_transition,Mixed Transition,reversal,"A recent move mean-reverts as the initial catalyst loses traction. Tomorrow: 2Y lower, 10Y lower. +1w: curve higher, credit lower. +1m: VIX lower. Transition pressure low.",partially realized,0.4,"Partially realized 2/5 tracked directions; misses: 2s10s, VIX, credit. Current month driven by risk-off / credit stress under contested evidence."
2011-08,2011,8,growth_scare,0.6741440155782285,0.39662192727005385,macro_confirmed,disproportion,flow amplification / surprise,policy relief,infla -0.01 | risk +0.15 | polic -0.35 | dispr +0.50 | trans +0.20,"steep; bull flattening; 2s10s +2.03%, 3m10y +2.21%, 5s30s +2.64%.","Breakeven 2.05% (-0.39), credit 3.25% (+0.48), VIX avg 35.0, oil 88.8 (-6.2).","Risk-off pressure broadens and rates price a deeper slowdown. Tomorrow: 2Y lower, 10Y lower. +1w: curve higher, credit higher. +1m: VIX higher. Transition pressure low.",recession_signal_strengthens,0.5287073689787988,Risk-off pressure broadens and rates price a deeper slowdown.,Credit widening intensifies; VIX stays bid,lower,lower,higher,higher,higher,2.329699551444349,10.215062408032557,9.074139077620522,6.341020107206726,4.530728418256823,0.2,2.23,2.03,31.62,3.25,Growth and risk-off concerns dominate the month and push markets toward slower activity and defensive pricing.,"Growth slowdown, risk-off pressure, and wider spreads dominate.",2011-08-31,"2011-08: Growth Scare
Month-end: 2011-08-31
Avg regime probability: 0.67
Transition pressure: 0.40 (low)
Expectedness: macro-confirmed [macro_consistent:52%, mixed:26%, likely_flow_amplified:22%]
Curve: steep; bull flattening; 2s10s +2.03%, 3m10y +2.21%, 5s30s +2.64%.
Market / macro: Breakeven 2.05% (-0.39), credit 3.25% (+0.48), VIX avg 35.0, oil 88.8 (-6.2).
Top drivers: flow amplification / surprise; policy relief.
Top branch: recession_signal_strengthens (p=0.53)
Path: Risk-off pressure broadens and rates price a deeper slowdown. Tomorrow: 2Y lower, 10Y lower. +1w: curve higher, credit higher. +1m: VIX higher. Transition pressure low.
Leaf scenario: Credit widening intensifies; VIX stays bid",growth_scare,Growth Scare,recession_signal_strengthens,"Risk-off pressure broadens and rates price a deeper slowdown. Tomorrow: 2Y lower, 10Y lower. +1w: curve higher, credit higher. +1m: VIX higher. Transition pressure low.",realized,0.8,Realized 4/5 tracked directions; misses: 2s10s. Current month driven by flow amplification / surprise under macro-confirmed evidence.
2011-09,2011,9,mixed_transition,0.6767268380357608,0.3620766801021738,flow_amplified,inflation,disinflation / oil fade,flow amplification / surprise,infla -1.49 | risk +0.70 | polic +0.19 | dispr +1.13 | trans +0.32,"steep; mixed repricing; 2s10s +1.67%, 3m10y +1.90%, 5s30s +1.94%.","Breakeven 1.75% (-0.33), credit 3.30% (+0.07), VIX avg 36.4, oil 78.9 (-10.0).","Existing moves extend as positioning and narrative momentum reinforce one another. Tomorrow: 2Y higher, 10Y higher. +1w: curve lower, credit higher. +1m: VIX higher. Transition pressure low.",amplification,0.6017846260927361,Existing moves extend as positioning and narrative momentum reinforce one another.,Move broadens across rates and risk; flow pressure stays elevated,higher,higher,lower,higher,higher,1.9968725547715855,7.0533679898329416,6.47205531496757,2.5724358106666134,3.5552777669262414,0.25,1.92,1.67,42.96,3.3,No single macro force dominates; the regime is contested and transition pressure is high.,"Signals disagree, transition pressure is elevated, and narrative coherence is weak.",2011-09-30,"2011-09: Mixed Transition
Month-end: 2011-09-30
Avg regime probability: 0.68
Transition pressure: 0.36 (low)
Expectedness: flow-amplified [macro_consistent:18%, mixed:45%, likely_flow_amplified:36%]
Curve: steep; mixed repricing; 2s10s +1.67%, 3m10y +1.90%, 5s30s +1.94%.
Market / macro: Breakeven 1.75% (-0.33), credit 3.30% (+0.07), VIX avg 36.4, oil 78.9 (-10.0).
Top drivers: disinflation / oil fade; flow amplification / surprise.
Top branch: amplification (p=0.60)
Path: Existing moves extend as positioning and narrative momentum reinforce one another. Tomorrow: 2Y higher, 10Y higher. +1w: curve lower, credit higher. +1m: VIX higher. Transition pressure low.
Leaf scenario: Move broadens across rates and risk; flow pressure stays elevated",growth_scare,Growth Scare,recession_signal_strengthens,"Risk-off pressure broadens and rates price a deeper slowdown. Tomorrow: 2Y lower, 10Y lower. +1w: curve higher, credit higher. +1m: VIX higher. Transition pressure low.",partially realized,0.6,"Partially realized 3/5 tracked directions; misses: 2Y, 2s10s. Current month driven by disinflation / oil fade under flow-amplified evidence."
2011-10,2011,10,inflation_shock,0.6272721023837639,0.40090563959325176,flow_amplified,disproportion,flow amplification / surprise,risk-off / credit stress,infla -1.06 | risk +1.92 | polic +0.85 | dispr +2.00 | trans +0.64,"steep; bear steepening; 2s10s +1.92%, 3m10y +2.16%, 5s30s +2.17%.","Breakeven 2.09% (+0.36), credit 3.02% (-0.29), VIX avg 32.8, oil 93.2 (+15.8).","Inflation remains sticky, but growth damage starts to dominate market pricing. Tomorrow: 2Y lower, 10Y lower. +1w: curve higher, credit higher. +1m: VIX higher. Transition pressure low.",growth_deterioration,0.627535282591689,"Inflation remains sticky, but growth damage starts to dominate market pricing.",Credit cracks widen; curve bull-steepens on growth fears,lower,lower,higher,higher,higher,2.0365411854416298,8.332316604642429,7.075309180523486,2.814936011706127,2.4181604578687472,0.25,2.17,1.92,29.96,3.02,Inflation and commodity pressure dominate the rates regime and keep nominal repricing biased upward.,"Inflation pressure, commodity impulse, and nominal repricing dominate.",2011-10-31,"2011-10: Inflation Shock
Month-end: 2011-10-31
Avg regime probability: 0.63
Transition pressure: 0.40 (low)
Expectedness: flow-amplified [macro_consistent:29%, mixed:24%, likely_flow_amplified:48%]
Curve: steep; bear steepening; 2s10s +1.92%, 3m10y +2.16%, 5s30s +2.17%.
Market / macro: Breakeven 2.09% (+0.36), credit 3.02% (-0.29), VIX avg 32.8, oil 93.2 (+15.8).
Top drivers: flow amplification / surprise; risk-off / credit stress.
Top branch: growth_deterioration (p=0.63)
Path: Inflation remains sticky, but growth damage starts to dominate market pricing. Tomorrow: 2Y lower, 10Y lower. +1w: curve higher, credit higher. +1m: VIX higher. Transition pressure low.
Leaf scenario: Credit cracks widen; curve bull-steepens on growth fears",mixed_transition,Mixed Transition,amplification,"Existing moves extend as positioning and narrative momentum reinforce one another. Tomorrow: 2Y higher, 10Y higher. +1w: curve lower, credit higher. +1m: VIX higher. Transition pressure low.",not realized,0.2,"Not realized 1/5 tracked directions; misses: 2Y, 2s10s, VIX, credit. Current month driven by flow amplification / surprise under flow-amplified evidence."
2011-11,2011,11,growth_scare,0.41207372955484634,0.3187599878374963,macro_confirmed,disproportion,flow unwind,policy relief,infla +1.10 | risk -0.37 | polic -1.13 | dispr -2.00 | trans +0.56,"steep; bull flattening; 2s10s +1.83%, 3m10y +2.07%, 5s30s +2.10%.","Breakeven 2.05% (+0.00), credit 3.24% (+0.21), VIX avg 32.0, oil 100.4 (+8.2).","Growth fears stop worsening and markets move toward a calmer range. Tomorrow: 2Y higher, 10Y higher. +1w: curve flat, credit lower. +1m: VIX lower. Transition pressure low.",stabilization,0.47675009715119876,Growth fears stop worsening and markets move toward a calmer range.,Volatility cools; credit stops widening,higher,higher,flat,lower,lower,1.445683229480096,4.8257123826436255,4.63977370137812,2.639672517567282,2.2466641938661,0.25,2.08,1.83,27.8,3.24,Growth and risk-off concerns dominate the month and push markets toward slower activity and defensive pricing.,"Growth slowdown, risk-off pressure, and wider spreads dominate.",2011-11-30,"2011-11: Growth Scare
Month-end: 2011-11-30
Avg regime probability: 0.41
Transition pressure: 0.32 (low)
Expectedness: macro-confirmed [macro_consistent:41%, mixed:27%, likely_flow_amplified:32%]
Curve: steep; bull flattening; 2s10s +1.83%, 3m10y +2.07%, 5s30s +2.10%.
Market / macro: Breakeven 2.05% (+0.00), credit 3.24% (+0.21), VIX avg 32.0, oil 100.4 (+8.2).
Top drivers: flow unwind; policy relief.
Top branch: stabilization (p=0.48)
Path: Growth fears stop worsening and markets move toward a calmer range. Tomorrow: 2Y higher, 10Y higher. +1w: curve flat, credit lower. +1m: VIX lower. Transition pressure low.
Leaf scenario: Volatility cools; credit stops widening",inflation_shock,Inflation Shock,growth_deterioration,"Inflation remains sticky, but growth damage starts to dominate market pricing. Tomorrow: 2Y lower, 10Y lower. +1w: curve higher, credit higher. +1m: VIX higher. Transition pressure low.",partially realized,0.4,"Partially realized 2/5 tracked directions; misses: 2Y, 2s10s, VIX. Current month driven by flow unwind under macro-confirmed evidence."
2011-12,2011,12,policy_constraint,0.40252713220238573,0.364468692504617,flow_amplified,disproportion,flow unwind,policy relief,infla -0.06 | risk +0.06 | polic -0.46 | dispr -1.73 | trans +0.11,"steep; bull flattening; 2s10s +1.64%, 3m10y +1.87%, 5s30s +2.06%.","Breakeven 1.96% (-0.09), credit 3.27% (-0.03), VIX avg 24.9, oil 98.8 (-1.4).","Policy pressure eases and front-end rates retrace without a major growth shock. Tomorrow: 2Y lower, 10Y lower. +1w: curve higher, credit lower. +1m: VIX lower. Transition pressure low.",front_end_relief,0.572155070294756,Policy pressure eases and front-end rates retrace without a major growth shock.,Data moderation lowers the policy premium; vol declines,lower,lower,higher,lower,lower,1.5491933384829673,5.1633322573702305,4.843552415324929,1.3341379239044215,2.286372673034725,0.25,1.89,1.64,23.4,3.27,The front end stays pinned by restrictive policy and the market prices a tight policy corridor as the main constraint.,Restrictive policy path and front-end repricing dominate more than broad risk stress.,2011-12-30,"2011-12: Policy Constraint
Month-end: 2011-12-30
Avg regime probability: 0.40
Transition pressure: 0.36 (low)
Expectedness: flow-amplified [macro_consistent:41%, mixed:23%, likely_flow_amplified:36%]
Curve: steep; bull flattening; 2s10s +1.64%, 3m10y +1.87%, 5s30s +2.06%.
Market / macro: Breakeven 1.96% (-0.09), credit 3.27% (-0.03), VIX avg 24.9, oil 98.8 (-1.4).
Top drivers: flow unwind; policy relief.
Top branch: front_end_relief (p=0.57)
Path: Policy pressure eases and front-end rates retrace without a major growth shock. Tomorrow: 2Y lower, 10Y lower. +1w: curve higher, credit lower. +1m: VIX lower. Transition pressure low.
Leaf scenario: Data moderation lowers the policy premium; vol declines",growth_scare,Growth Scare,stabilization,"Growth fears stop worsening and markets move toward a calmer range. Tomorrow: 2Y higher, 10Y higher. +1w: curve flat, credit lower. +1m: VIX lower. Transition pressure low.",not realized,0.2,"Not realized 1/5 tracked directions; misses: 2Y, 10Y, 2s10s, credit. Current month driven by flow unwind under flow-amplified evidence."
2012-01,2012,1,inflation_shock,0.39875761869640924,0.19646636266014372,macro_confirmed,policy,hawkish front-end pressure,flow unwind,infla -0.02 | risk -0.15 | polic +0.36 | dispr -0.19 | trans +0.13,"steep; bull flattening; 2s10s +1.61%, 3m10y +1.77%, 5s30s +2.23%.","Breakeven 2.11% (+0.15), credit 3.24% (-0.03), VIX avg 20.4, oil 98.5 (-0.4).","Inflation remains dominant and front-end repricing extends. Tomorrow: 2Y higher, 10Y higher. +1w: curve lower, credit higher. +1m: VIX higher. Transition pressure low.",inflation_persists,0.4718306710870117,Inflation remains dominant and front-end repricing extends.,Energy impulse re-accelerates; breakevens keep grinding higher,higher,higher,lower,higher,higher,1.6393596310755005,4.3370496884402865,4.165033013074447,0.7264039853965558,2.255548713727986,0.22,1.83,1.61,19.44,3.24,Inflation and commodity pressure dominate the rates regime and keep nominal repricing biased upward.,"Inflation pressure, commodity impulse, and nominal repricing dominate.",2012-01-31,"2012-01: Inflation Shock
Month-end: 2012-01-31
Avg regime probability: 0.40
Transition pressure: 0.20 (low)
Expectedness: macro-confirmed [macro_consistent:55%, mixed:27%, likely_flow_amplified:18%]
Curve: steep; bull flattening; 2s10s +1.61%, 3m10y +1.77%, 5s30s +2.23%.
Market / macro: Breakeven 2.11% (+0.15), credit 3.24% (-0.03), VIX avg 20.4, oil 98.5 (-0.4).
Top drivers: hawkish front-end pressure; flow unwind.
Top branch: inflation_persists (p=0.47)
Path: Inflation remains dominant and front-end repricing extends. Tomorrow: 2Y higher, 10Y higher. +1w: curve lower, credit higher. +1m: VIX higher. Transition pressure low.
Leaf scenario: Energy impulse re-accelerates; breakevens keep grinding higher",policy_constraint,Policy Constraint,front_end_relief,"Policy pressure eases and front-end rates retrace without a major growth shock. Tomorrow: 2Y lower, 10Y lower. +1w: curve higher, credit lower. +1m: VIX lower. Transition pressure low.",realized,0.8,Realized 4/5 tracked directions; misses: 2s10s. Current month driven by hawkish front-end pressure under macro-confirmed evidence.
2012-02,2012,2,inflation_shock,0.4590035932940884,0.1565270967710053,macro_confirmed,disproportion,flow unwind,policy relief,infla +0.21 | risk -0.13 | polic -0.35 | dispr -0.65 | trans +0.14,"steep; bear steepening; 2s10s +1.68%, 3m10y +1.90%, 5s30s +2.21%.","Breakeven 2.26% (+0.11), credit 3.10% (-0.15), VIX avg 18.4, oil 107.1 (+9.5).","Inflation remains dominant and front-end repricing extends. Tomorrow: 2Y higher, 10Y higher. +1w: curve lower, credit higher. +1m: VIX higher. Transition pressure low.",inflation_persists,0.41577519744429986,Inflation remains dominant and front-end repricing extends.,Energy impulse re-accelerates; breakevens keep grinding higher,higher,higher,lower,higher,higher,1.013656746635665,4.727314248069406,4.567274898667695,1.0424461616793457,1.4790199457749007,0.3,1.98,1.68,18.43,3.1,Inflation and commodity pressure dominate the rates regime and keep nominal repricing biased upward.,"Inflation pressure, commodity impulse, and nominal repricing dominate.",2012-02-29,"2012-02: Inflation Shock
Month-end: 2012-02-29
Avg regime probability: 0.46
Transition pressure: 0.16 (low)
Expectedness: macro-confirmed [macro_consistent:48%, mixed:29%, likely_flow_amplified:24%]
Curve: steep; bear steepening; 2s10s +1.68%, 3m10y +1.90%, 5s30s +2.21%.
Market / macro: Breakeven 2.26% (+0.11), credit 3.10% (-0.15), VIX avg 18.4, oil 107.1 (+9.5).
Top drivers: flow unwind; policy relief.
Top branch: inflation_persists (p=0.42)
Path: Inflation remains dominant and front-end repricing extends. Tomorrow: 2Y higher, 10Y higher. +1w: curve lower, credit higher. +1m: VIX higher. Transition pressure low.
Leaf scenario: Energy impulse re-accelerates; breakevens keep grinding higher",inflation_shock,Inflation Shock,inflation_persists,"Inflation remains dominant and front-end repricing extends. Tomorrow: 2Y higher, 10Y higher. +1w: curve lower, credit higher. +1m: VIX higher. Transition pressure low.",partially realized,0.4,"Partially realized 2/5 tracked directions; misses: 2s10s, VIX, credit. Current month driven by flow unwind under macro-confirmed evidence."
2012-03,2012,3,inflation_shock,0.41432031121883645,0.15774225031780612,macro_confirmed,disproportion,flow amplification / surprise,risk-off / credit stress,infla +0.19 | risk +0.56 | polic -0.43 | dispr +1.18 | trans +0.13,"steep; bear steepening; 2s10s +1.90%, 3m10y +2.16%, 5s30s +2.31%.","Breakeven 2.32% (+0.06), credit 3.07% (-0.03), VIX avg 16.2, oil 103.0 (-5.7).","Inflation remains dominant and front-end repricing extends. Tomorrow: 2Y higher, 10Y higher. +1w: curve lower, credit higher. +1m: VIX higher. Transition pressure low.",inflation_persists,0.46465526074732105,Inflation remains dominant and front-end repricing extends.,Energy impulse re-accelerates; breakevens keep grinding higher,higher,higher,lower,higher,higher,1.996872554771586,5.259277516921877,3.955692101263696,1.031588459609742,1.6401219466856725,0.33,2.23,1.9,15.5,3.07,Inflation and commodity pressure dominate the rates regime and keep nominal repricing biased upward.,"Inflation pressure, commodity impulse, and nominal repricing dominate.",2012-03-30,"2012-03: Inflation Shock
Month-end: 2012-03-30
Avg regime probability: 0.41
Transition pressure: 0.16 (low)
Expectedness: macro-confirmed [macro_consistent:41%, mixed:27%, likely_flow_amplified:32%]
Curve: steep; bear steepening; 2s10s +1.90%, 3m10y +2.16%, 5s30s +2.31%.
Market / macro: Breakeven 2.32% (+0.06), credit 3.07% (-0.03), VIX avg 16.2, oil 103.0 (-5.7).
Top drivers: flow amplification / surprise; risk-off / credit stress.
Top branch: inflation_persists (p=0.46)
Path: Inflation remains dominant and front-end repricing extends. Tomorrow: 2Y higher, 10Y higher. +1w: curve lower, credit higher. +1m: VIX higher. Transition pressure low.
Leaf scenario: Energy impulse re-accelerates; breakevens keep grinding higher",inflation_shock,Inflation Shock,inflation_persists,"Inflation remains dominant and front-end repricing extends. Tomorrow: 2Y higher, 10Y higher. +1w: curve lower, credit higher. +1m: VIX higher. Transition pressure low.",partially realized,0.4,"Partially realized 2/5 tracked directions; misses: 2s10s, VIX, credit. Current month driven by flow amplification / surprise under macro-confirmed evidence."
2012-04,2012,4,growth_scare,0.42141225863225035,0.1578912407685015,contested,disproportion,flow amplification / surprise,risk-off / credit stress,infla -0.17 | risk +0.47 | polic +0.31 | dispr +1.89 | trans +0.13,"steep; bull flattening; 2s10s +1.68%, 3m10y +1.85%, 5s30s +2.30%.","Breakeven 2.25% (-0.11), credit 3.20% (+0.12), VIX avg 17.8, oil 104.9 (-0.4).","Risk-off pressure broadens and rates price a deeper slowdown. Tomorrow: 2Y lower, 10Y lower. +1w: curve higher, credit higher. +1m: VIX higher. Transition pressure low.",recession_signal_strengthens,0.6003257695493006,Risk-off pressure broadens and rates price a deeper slowdown.,Credit widening intensifies; VIX stays bid,lower,lower,higher,higher,higher,1.61554944214035,4.396305266925851,3.4565155865408728,1.2049044567931517,1.6248076809271947,0.27,1.95,1.68,17.15,3.2,Growth and risk-off concerns dominate the month and push markets toward slower activity and defensive pricing.,"Growth slowdown, risk-off pressure, and wider spreads dominate.",2012-04-30,"2012-04: Growth Scare
Month-end: 2012-04-30
Avg regime probability: 0.42
Transition pressure: 0.16 (low)
Expectedness: contested [macro_consistent:38%, mixed:52%, likely_flow_amplified:10%]
Curve: steep; bull flattening; 2s10s +1.68%, 3m10y +1.85%, 5s30s +2.30%.
Market / macro: Breakeven 2.25% (-0.11), credit 3.20% (+0.12), VIX avg 17.8, oil 104.9 (-0.4).
Top drivers: flow amplification / surprise; risk-off / credit stress.
Top branch: recession_signal_strengthens (p=0.60)
Path: Risk-off pressure broadens and rates price a deeper slowdown. Tomorrow: 2Y lower, 10Y lower. +1w: curve higher, credit higher. +1m: VIX higher. Transition pressure low.
Leaf scenario: Credit widening intensifies; VIX stays bid",inflation_shock,Inflation Shock,inflation_persists,"Inflation remains dominant and front-end repricing extends. Tomorrow: 2Y higher, 10Y higher. +1w: curve lower, credit higher. +1m: VIX higher. Transition pressure low.",partially realized,0.6,"Partially realized 3/5 tracked directions; misses: 2Y, 10Y. Current month driven by flow amplification / surprise under contested evidence."
2012-05,2012,5,growth_scare,0.47381450941601566,0.20369991445823288,flow_amplified,policy,hawkish front-end pressure,regime rotation pressure,infla +0.07 | risk -0.04 | polic +0.36 | dispr -0.06 | trans +0.13,"moderately steep; bull flattening; 2s10s +1.32%, 3m10y +1.52%, 5s30s +2.00%.","Breakeven 2.09% (-0.17), credit 3.40% (+0.18), VIX avg 21.0, oil 86.5 (-19.7).","Risk-off pressure broadens and rates price a deeper slowdown. Tomorrow: 2Y lower, 10Y lower. +1w: curve higher, credit higher. +1m: VIX higher. Transition pressure low.",recession_signal_strengthens,0.4219915791798335,Risk-off pressure broadens and rates price a deeper slowdown.,Credit widening intensifies; VIX stays bid,lower,lower,higher,higher,higher,1.2031209415515958,3.9150351211706913,3.867815921162744,1.3086500678179787,2.4062418831031906,0.27,1.59,1.32,24.06,3.4,Growth and risk-off concerns dominate the month and push markets toward slower activity and defensive pricing.,"Growth slowdown, risk-off pressure, and wider spreads dominate.",2012-05-31,"2012-05: Growth Scare
Month-end: 2012-05-31
Avg regime probability: 0.47
Transition pressure: 0.20 (low)
Expectedness: flow-amplified [macro_consistent:26%, mixed:9%, likely_flow_amplified:65%]
Curve: moderately steep; bull flattening; 2s10s +1.32%, 3m10y +1.52%, 5s30s +2.00%.
Market / macro: Breakeven 2.09% (-0.17), credit 3.40% (+0.18), VIX avg 21.0, oil 86.5 (-19.7).
Top drivers: hawkish front-end pressure; regime rotation pressure.
Top branch: recession_signal_strengthens (p=0.42)
Path: Risk-off pressure broadens and rates price a deeper slowdown. Tomorrow: 2Y lower, 10Y lower. +1w: curve higher, credit higher. +1m: VIX higher. Transition pressure low.
Leaf scenario: Credit widening intensifies; VIX stays bid",growth_scare,Growth Scare,recession_signal_strengthens,"Risk-off pressure broadens and rates price a deeper slowdown. Tomorrow: 2Y lower, 10Y lower. +1w: curve higher, credit higher. +1m: VIX higher. Transition pressure low.",partially realized,0.6,"Partially realized 3/5 tracked directions; misses: 2Y, 2s10s. Current month driven by hawkish front-end pressure under flow-amplified evidence."
2012-06,2012,6,mixed_transition,0.6259476076144584,0.21699316461273843,flow_amplified,inflation,inflation / oil impulse,risk relief,infla +1.58 | risk -0.64 | polic -0.18 | dispr -0.54 | trans +0.50,"moderately steep; bear steepening; 2s10s +1.34%, 3m10y +1.58%, 5s30s +2.04%.","Breakeven 2.13% (+0.07), credit 3.39% (-0.02), VIX avg 21.1, oil 85.0 (+1.9).","A recent move mean-reverts as the initial catalyst loses traction. Tomorrow: 2Y lower, 10Y lower. +1w: curve higher, credit lower. +1m: VIX lower. Transition pressure low.",reversal,0.3630100397946185,A recent move mean-reverts as the initial catalyst loses traction.,Positioning unwinds; cross-asset confirmation fades,lower,lower,higher,lower,lower,1.0198039027185573,4.669047011971493,4.282522621072764,1.697282828523284,1.813835714721707,0.33,1.67,1.3399999999999999,17.08,3.39,No single macro force dominates; the regime is contested and transition pressure is high.,"Signals disagree, transition pressure is elevated, and narrative coherence is weak.",2012-06-29,"2012-06: Mixed Transition
Month-end: 2012-06-29
Avg regime probability: 0.63
Transition pressure: 0.22 (low)
Expectedness: flow-amplified [macro_consistent:33%, mixed:24%, likely_flow_amplified:43%]
Curve: moderately steep; bear steepening; 2s10s +1.34%, 3m10y +1.58%, 5s30s +2.04%.
Market / macro: Breakeven 2.13% (+0.07), credit 3.39% (-0.02), VIX avg 21.1, oil 85.0 (+1.9).
Top drivers: inflation / oil impulse; risk relief.
Top branch: reversal (p=0.36)
Path: A recent move mean-reverts as the initial catalyst loses traction. Tomorrow: 2Y lower, 10Y lower. +1w: curve higher, credit lower. +1m: VIX lower. Transition pressure low.
Leaf scenario: Positioning unwinds; cross-asset confirmation fades",growth_scare,Growth Scare,recession_signal_strengthens,"Risk-off pressure broadens and rates price a deeper slowdown. Tomorrow: 2Y lower, 10Y lower. +1w: curve higher, credit higher. +1m: VIX higher. Transition pressure low.",not realized,0.2,"Not realized 1/5 tracked directions; misses: 2Y, 10Y, VIX, credit. Current month driven by inflation / oil impulse under flow-amplified evidence."
2012-07,2012,7,inflation_shock,0.3685411887165378,0.2288238898626222,contested,disproportion,flow amplification / surprise,risk-off / credit stress,infla +0.39 | risk +0.46 | polic +0.18 | dispr +0.94 | trans +0.17,"moderately steep; bull flattening; 2s10s +1.28%, 3m10y +1.40%, 5s30s +1.96%.","Breakeven 2.20% (+0.09), credit 3.27% (-0.13), VIX avg 17.5, oil 88.1 (+4.4).","Inflation remains dominant and front-end repricing extends. Tomorrow: 2Y higher, 10Y higher. +1w: curve lower, credit higher. +1m: VIX higher. Transition pressure low.",inflation_persists,0.5304795283240117,Inflation remains dominant and front-end repricing extends.,Energy impulse re-accelerates; breakevens keep grinding higher,higher,higher,lower,higher,higher,1.152171862180291,4.0012498047485145,3.3656351555092865,1.0902718697646012,1.5198684153570694,0.23,1.51,1.28,18.93,3.27,Inflation and commodity pressure dominate the rates regime and keep nominal repricing biased upward.,"Inflation pressure, commodity impulse, and nominal repricing dominate.",2012-07-31,"2012-07: Inflation Shock
Month-end: 2012-07-31
Avg regime probability: 0.37
Transition pressure: 0.23 (low)
Expectedness: contested [macro_consistent:41%, mixed:36%, likely_flow_amplified:23%]
Curve: moderately steep; bull flattening; 2s10s +1.28%, 3m10y +1.40%, 5s30s +1.96%.
Market / macro: Breakeven 2.20% (+0.09), credit 3.27% (-0.13), VIX avg 17.5, oil 88.1 (+4.4).
Top drivers: flow amplification / surprise; risk-off / credit stress.
Top branch: inflation_persists (p=0.53)
Path: Inflation remains dominant and front-end repricing extends. Tomorrow: 2Y higher, 10Y higher. +1w: curve lower, credit higher. +1m: VIX higher. Transition pressure low.
Leaf scenario: Energy impulse re-accelerates; breakevens keep grinding higher",mixed_transition,Mixed Transition,reversal,"A recent move mean-reverts as the initial catalyst loses traction. Tomorrow: 2Y lower, 10Y lower. +1w: curve higher, credit lower. +1m: VIX lower. Transition pressure low.",partially realized,0.6,"Partially realized 3/5 tracked directions; misses: 2s10s, VIX. Current month driven by flow amplification / surprise under contested evidence."
2012-08,2012,8,inflation_shock,0.39741478385720413,0.14683089895930002,contested,disproportion,flow unwind,policy relief,infla -0.03 | risk -0.02 | polic -0.54 | dispr -2.00 | trans +0.17,"moderately steep; mixed repricing; 2s10s +1.35%, 3m10y +1.48%, 5s30s +2.09%.","Breakeven 2.25% (+0.02), credit 3.21% (-0.05), VIX avg 15.7, oil 96.5 (+7.5).","Inflation momentum cools and rates retrace toward a cleaner equilibrium. Tomorrow: 2Y lower, 10Y lower. +1w: curve higher, credit lower. +1m: VIX lower. Transition pressure low.",containment_normalization,0.5582886595472772,Inflation momentum cools and rates retrace toward a cleaner equilibrium.,Commodity impulse fades; policy credibility improves,lower,lower,higher,lower,lower,1.9974984355438177,4.186585721085859,3.232259271778798,0.672527136998947,1.1779218989389713,0.22,1.57,1.35,17.47,3.21,Inflation and commodity pressure dominate the rates regime and keep nominal repricing biased upward.,"Inflation pressure, commodity impulse, and nominal repricing dominate.",2012-08-31,"2012-08: Inflation Shock
Month-end: 2012-08-31
Avg regime probability: 0.40
Transition pressure: 0.15 (low)
Expectedness: contested [macro_consistent:30%, mixed:43%, likely_flow_amplified:26%]
Curve: moderately steep; mixed repricing; 2s10s +1.35%, 3m10y +1.48%, 5s30s +2.09%.
Market / macro: Breakeven 2.25% (+0.02), credit 3.21% (-0.05), VIX avg 15.7, oil 96.5 (+7.5).
Top drivers: flow unwind; policy relief.
Top branch: containment_normalization (p=0.56)
Path: Inflation momentum cools and rates retrace toward a cleaner equilibrium. Tomorrow: 2Y lower, 10Y lower. +1w: curve higher, credit lower. +1m: VIX lower. Transition pressure low.
Leaf scenario: Commodity impulse fades; policy credibility improves",inflation_shock,Inflation Shock,inflation_persists,"Inflation remains dominant and front-end repricing extends. Tomorrow: 2Y higher, 10Y higher. +1w: curve lower, credit higher. +1m: VIX higher. Transition pressure low.",not realized,0.2,"Not realized 1/5 tracked directions; misses: 2Y, 2s10s, VIX, credit. Current month driven by flow unwind under contested evidence."
2012-09,2012,9,inflation_shock,0.4501892108911787,0.24017342402872738,macro_confirmed,disproportion,flow amplification / surprise,risk-off / credit stress,infla -0.33 | risk +0.68 | polic -0.34 | dispr +0.70 | trans +0.15,"moderately steep; bear steepening; 2s10s +1.42%, 3m10y +1.55%, 5s30s +2.20%.","Breakeven 2.42% (+0.17), credit 3.07% (-0.14), VIX avg 15.4, oil 92.2 (-4.3).","Inflation remains sticky, but growth damage starts to dominate market pricing. Tomorrow: 2Y lower, 10Y lower. +1w: curve higher, credit higher. +1m: VIX higher. Transition pressure low.",growth_deterioration,0.40282636455753446,"Inflation remains sticky, but growth damage starts to dominate market pricing.",Credit cracks widen; curve bull-steepens on growth fears,lower,lower,higher,higher,higher,1.3592277219068196,4.454211490264016,3.8506492958980294,1.050257587451764,2.3473389188610976,0.23,1.65,1.42,15.73,3.07,Inflation and commodity pressure dominate the rates regime and keep nominal repricing biased upward.,"Inflation pressure, commodity impulse, and nominal repricing dominate.",2012-09-28,"2012-09: Inflation Shock
Month-end: 2012-09-28
Avg regime probability: 0.45
Transition pressure: 0.24 (low)
Expectedness: macro-confirmed [macro_consistent:45%, mixed:30%, likely_flow_amplified:25%]
Curve: moderately steep; bear steepening; 2s10s +1.42%, 3m10y +1.55%, 5s30s +2.20%.
Market / macro: Breakeven 2.42% (+0.17), credit 3.07% (-0.14), VIX avg 15.4, oil 92.2 (-4.3).
Top drivers: flow amplification / surprise; risk-off / credit stress.
Top branch: growth_deterioration (p=0.40)
Path: Inflation remains sticky, but growth damage starts to dominate market pricing. Tomorrow: 2Y lower, 10Y lower. +1w: curve higher, credit higher. +1m: VIX higher. Transition pressure low.
Leaf scenario: Credit cracks widen; curve bull-steepens on growth fears",inflation_shock,Inflation Shock,containment_normalization,"Inflation momentum cools and rates retrace toward a cleaner equilibrium. Tomorrow: 2Y lower, 10Y lower. +1w: curve higher, credit lower. +1m: VIX lower. Transition pressure low.",partially realized,0.6,"Partially realized 3/5 tracked directions; misses: 2Y, 10Y. Current month driven by flow amplification / surprise under macro-confirmed evidence."
2012-10,2012,10,inflation_shock,0.4198571441713846,0.1647283938929327,macro_confirmed,inflation,inflation / oil impulse,flow unwind,infla +0.58 | risk -0.01 | polic +0.18 | dispr -0.48 | trans +0.14,"moderately steep; bear steepening; 2s10s +1.42%, 3m10y +1.61%, 5s30s +2.13%.","Breakeven 2.50% (+0.08), credit 2.73% (-0.33), VIX avg 16.4, oil 86.2 (-6.2).","Inflation remains dominant and front-end repricing extends. Tomorrow: 2Y higher, 10Y higher. +1w: curve lower, credit higher. +1m: VIX higher. Transition pressure low.",inflation_persists,0.5177540378331181,Inflation remains dominant and front-end repricing extends.,Energy impulse re-accelerates; breakevens keep grinding higher,higher,higher,lower,higher,higher,1.6209565077447337,4.294182110716782,3.774586070021457,0.8459212433790746,2.4186773244895563,0.3,1.72,1.42,18.6,2.73,Inflation and commodity pressure dominate the rates regime and keep nominal repricing biased upward.,"Inflation pressure, commodity impulse, and nominal repricing dominate.",2012-10-31,"2012-10: Inflation Shock
Month-end: 2012-10-31
Avg regime probability: 0.42
Transition pressure: 0.16 (low)
Expectedness: macro-confirmed [macro_consistent:43%, mixed:22%, likely_flow_amplified:35%]
Curve: moderately steep; bear steepening; 2s10s +1.42%, 3m10y +1.61%, 5s30s +2.13%.
Market / macro: Breakeven 2.50% (+0.08), credit 2.73% (-0.33), VIX avg 16.4, oil 86.2 (-6.2).
Top drivers: inflation / oil impulse; flow unwind.
Top branch: inflation_persists (p=0.52)
Path: Inflation remains dominant and front-end repricing extends. Tomorrow: 2Y higher, 10Y higher. +1w: curve lower, credit higher. +1m: VIX higher. Transition pressure low.
Leaf scenario: Energy impulse re-accelerates; breakevens keep grinding higher",inflation_shock,Inflation Shock,growth_deterioration,"Inflation remains sticky, but growth damage starts to dominate market pricing. Tomorrow: 2Y lower, 10Y lower. +1w: curve higher, credit higher. +1m: VIX higher. Transition pressure low.",not realized,0.2,"Not realized 1/5 tracked directions; misses: 2Y, 10Y, 2s10s, credit. Current month driven by inflation / oil impulse under macro-confirmed evidence."
2012-11,2012,11,growth_scare,0.4167806763789016,0.15914709044460287,contested,disproportion,flow amplification / surprise,risk-off / credit stress,infla +0.25 | risk +0.35 | polic +0.00 | dispr +0.75 | trans +0.14,"moderately steep; bull flattening; 2s10s +1.37%, 3m10y +1.54%, 5s30s +2.20%.","Breakeven 2.41% (-0.11), credit 2.95% (+0.20), VIX avg 16.6, oil 88.5 (+1.5).","Risk-off pressure broadens and rates price a deeper slowdown. Tomorrow: 2Y lower, 10Y lower. +1w: curve higher, credit higher. +1m: VIX higher. Transition pressure low.",recession_signal_strengthens,0.516948521936517,Risk-off pressure broadens and rates price a deeper slowdown.,Credit widening intensifies; VIX stays bid,lower,lower,higher,higher,higher,1.314343942809491,3.496784236981172,2.711088342345191,0.8517065222246454,1.7291616465790534,0.25,1.62,1.37,15.87,2.95,Growth and risk-off concerns dominate the month and push markets toward slower activity and defensive pricing.,"Growth slowdown, risk-off pressure, and wider spreads dominate.",2012-11-30,"2012-11: Growth Scare
Month-end: 2012-11-30
Avg regime probability: 0.42
Transition pressure: 0.16 (low)
Expectedness: contested [macro_consistent:50%, mixed:50%, likely_flow_amplified:0%]
Curve: moderately steep; bull flattening; 2s10s +1.37%, 3m10y +1.54%, 5s30s +2.20%.
Market / macro: Breakeven 2.41% (-0.11), credit 2.95% (+0.20), VIX avg 16.6, oil 88.5 (+1.5).
Top drivers: flow amplification / surprise; risk-off / credit stress.
Top branch: recession_signal_strengthens (p=0.52)
Path: Risk-off pressure broadens and rates price a deeper slowdown. Tomorrow: 2Y lower, 10Y lower. +1w: curve higher, credit higher. +1m: VIX higher. Transition pressure low.
Leaf scenario: Credit widening intensifies; VIX stays bid",inflation_shock,Inflation Shock,inflation_persists,"Inflation remains dominant and front-end repricing extends. Tomorrow: 2Y higher, 10Y higher. +1w: curve lower, credit higher. +1m: VIX higher. Transition pressure low.",partially realized,0.4,"Partially realized 2/5 tracked directions; misses: 2Y, 10Y, VIX. Current month driven by flow amplification / surprise under contested evidence."
2012-12,2012,12,inflation_shock,0.4009000265275742,0.1775651338173375,macro_confirmed,disproportion,flow unwind,risk relief,infla -0.08 | risk -1.43 | polic -0.86 | dispr -2.00 | trans +0.43,"steep; bear steepening; 2s10s +1.53%, 3m10y +1.73%, 5s30s +2.23%.","Breakeven 2.45% (+0.01), credit 2.85% (-0.10), VIX avg 17.3, oil 91.8 (+3.1).","Inflation momentum cools and rates retrace toward a cleaner equilibrium. Tomorrow: 2Y lower, 10Y lower. +1w: curve higher, credit lower. +1m: VIX lower. Transition pressure low.",containment_normalization,0.6422029389790035,Inflation momentum cools and rates retrace toward a cleaner equilibrium.,Commodity impulse fades; policy credibility improves,lower,lower,higher,lower,lower,1.303840481040531,3.2384409829422562,2.8961180915149165,1.4441326116392497,1.5652475842498614,0.25,1.78,1.53,18.02,2.85,Inflation and commodity pressure dominate the rates regime and keep nominal repricing biased upward.,"Inflation pressure, commodity impulse, and nominal repricing dominate.",2012-12-31,"2012-12: Inflation Shock
Month-end: 2012-12-31
Avg regime probability: 0.40
Transition pressure: 0.18 (low)
Expectedness: macro-confirmed [macro_consistent:38%, mixed:29%, likely_flow_amplified:33%]
Curve: steep; bear steepening; 2s10s +1.53%, 3m10y +1.73%, 5s30s +2.23%.
Market / macro: Breakeven 2.45% (+0.01), credit 2.85% (-0.10), VIX avg 17.3, oil 91.8 (+3.1).
Top drivers: flow unwind; risk relief.
Top branch: containment_normalization (p=0.64)
Path: Inflation momentum cools and rates retrace toward a cleaner equilibrium. Tomorrow: 2Y lower, 10Y lower. +1w: curve higher, credit lower. +1m: VIX lower. Transition pressure low.
Leaf scenario: Commodity impulse fades; policy credibility improves",growth_scare,Growth Scare,recession_signal_strengthens,"Risk-off pressure broadens and rates price a deeper slowdown. Tomorrow: 2Y lower, 10Y lower. +1w: curve higher, credit higher. +1m: VIX higher. Transition pressure low.",partially realized,0.4,"Partially realized 2/5 tracked directions; misses: 2Y, 10Y, credit. Current month driven by flow unwind under macro-confirmed evidence."
2013-01,2013,1,inflation_shock,0.45518285361091165,0.19496654601854116,macro_confirmed,disproportion,flow unwind,risk relief,infla +0.33 | risk -0.33 | polic +0.09 | dispr -0.82 | trans +0.10,"steep; bear steepening; 2s10s +1.75%, 3m10y +1.95%, 5s30s +2.29%.","Breakeven 2.59% (+0.14), credit 2.82% (-0.03), VIX avg 13.7, oil 97.7 (+5.8).","Inflation remains dominant and front-end repricing extends. Tomorrow: 2Y higher, 10Y higher. +1w: curve lower, credit higher. +1m: VIX higher. Transition pressure low.",inflation_persists,0.483194124365063,Inflation remains dominant and front-end repricing extends.,Energy impulse re-accelerates; breakevens keep grinding higher,higher,higher,lower,higher,higher,1.7606816861659011,3.008321791298262,2.133072900770149,0.4277429134421749,1.4456832294800943,0.27,2.02,1.75,14.28,2.82,Inflation and commodity pressure dominate the rates regime and keep nominal repricing biased upward.,"Inflation pressure, commodity impulse, and nominal repricing dominate.",2013-01-31,"2013-01: Inflation Shock
Month-end: 2013-01-31
Avg regime probability: 0.46
Transition pressure: 0.19 (low)
Expectedness: macro-confirmed [macro_consistent:43%, mixed:35%, likely_flow_amplified:22%]
Curve: steep; bear steepening; 2s10s +1.75%, 3m10y +1.95%, 5s30s +2.29%.
Market / macro: Breakeven 2.59% (+0.14), credit 2.82% (-0.03), VIX avg 13.7, oil 97.7 (+5.8).
Top drivers: flow unwind; risk relief.
Top branch: inflation_persists (p=0.48)
Path: Inflation remains dominant and front-end repricing extends. Tomorrow: 2Y higher, 10Y higher. +1w: curve lower, credit higher. +1m: VIX higher. Transition pressure low.
Leaf scenario: Energy impulse re-accelerates; breakevens keep grinding higher",inflation_shock,Inflation Shock,containment_normalization,"Inflation momentum cools and rates retrace toward a cleaner equilibrium. Tomorrow: 2Y lower, 10Y lower. +1w: curve higher, credit lower. +1m: VIX lower. Transition pressure low.",partially realized,0.6,"Partially realized 3/5 tracked directions; misses: 2Y, 10Y. Current month driven by flow unwind under macro-confirmed evidence."
2013-02,2013,2,growth_scare,0.4012431855427728,0.16765831969048928,macro_confirmed,disproportion,flow unwind,policy relief,infla +0.11 | risk +0.20 | polic -0.25 | dispr -1.07 | trans +0.19,"steep; bull flattening; 2s10s +1.64%, 3m10y +1.78%, 5s30s +2.33%.","Breakeven 2.53% (-0.06), credit 2.89% (+0.05), VIX avg 14.0, oil 92.0 (-5.4).","Risk-off pressure broadens and rates price a deeper slowdown. Tomorrow: 2Y lower, 10Y lower. +1w: curve higher, credit higher. +1m: VIX higher. Transition pressure low.",recession_signal_strengthens,0.46193021264079065,Risk-off pressure broadens and rates price a deeper slowdown.,Credit widening intensifies; VIX stays bid,lower,lower,higher,higher,higher,1.5132745950421556,3.166622806713802,2.3973944189473704,1.524818923675857,1.013656746635664,0.25,1.89,1.64,15.51,2.89,Growth and risk-off concerns dominate the month and push markets toward slower activity and defensive pricing.,"Growth slowdown, risk-off pressure, and wider spreads dominate.",2013-02-28,"2013-02: Growth Scare
Month-end: 2013-02-28
Avg regime probability: 0.40
Transition pressure: 0.17 (low)
Expectedness: macro-confirmed [macro_consistent:65%, mixed:30%, likely_flow_amplified:5%]
Curve: steep; bull flattening; 2s10s +1.64%, 3m10y +1.78%, 5s30s +2.33%.
Market / macro: Breakeven 2.53% (-0.06), credit 2.89% (+0.05), VIX avg 14.0, oil 92.0 (-5.4).
Top drivers: flow unwind; policy relief.
Top branch: recession_signal_strengthens (p=0.46)
Path: Risk-off pressure broadens and rates price a deeper slowdown. Tomorrow: 2Y lower, 10Y lower. +1w: curve higher, credit higher. +1m: VIX higher. Transition pressure low.
Leaf scenario: Credit widening intensifies; VIX stays bid",inflation_shock,Inflation Shock,inflation_persists,"Inflation remains dominant and front-end repricing extends. Tomorrow: 2Y higher, 10Y higher. +1w: curve lower, credit higher. +1m: VIX higher. Transition pressure low.",partially realized,0.6,"Partially realized 3/5 tracked directions; misses: 2Y, 10Y. Current month driven by flow unwind under macro-confirmed evidence."
2013-03,2013,3,mixed_transition,0.6048276509787425,0.15665043136783577,macro_confirmed,disproportion,flow amplification / surprise,regime rotation pressure,infla +0.00 | risk -0.02 | polic +0.00 | dispr +0.17 | trans +0.09,"steep; bull flattening; 2s10s +1.62%, 3m10y +1.80%, 5s30s +2.33%.","Breakeven 2.51% (-0.02), credit 2.96% (+0.06), VIX avg 13.0, oil 97.2 (+6.5).","Existing moves extend as positioning and narrative momentum reinforce one another. Tomorrow: 2Y higher, 10Y higher. +1w: curve lower, credit higher. +1m: VIX higher. Transition pressure low.",amplification,0.38970111582776235,Existing moves extend as positioning and narrative momentum reinforce one another.,Move broadens across rates and risk; flow pressure stays elevated,higher,higher,lower,higher,higher,1.140175425099139,3.232259271778797,2.9744747435471672,0.8868996561054695,1.3076696830621999,0.25,1.87,1.62,12.7,2.96,No single macro force dominates; the regime is contested and transition pressure is high.,"Signals disagree, transition pressure is elevated, and narrative coherence is weak.",2013-03-29,"2013-03: Mixed Transition
Month-end: 2013-03-29
Avg regime probability: 0.60
Transition pressure: 0.16 (low)
Expectedness: macro-confirmed [macro_consistent:48%, mixed:29%, likely_flow_amplified:24%]
Curve: steep; bull flattening; 2s10s +1.62%, 3m10y +1.80%, 5s30s +2.33%.
Market / macro: Breakeven 2.51% (-0.02), credit 2.96% (+0.06), VIX avg 13.0, oil 97.2 (+6.5).
Top drivers: flow amplification / surprise; regime rotation pressure.
Top branch: amplification (p=0.39)
Path: Existing moves extend as positioning and narrative momentum reinforce one another. Tomorrow: 2Y higher, 10Y higher. +1w: curve lower, credit higher. +1m: VIX higher. Transition pressure low.
Leaf scenario: Move broadens across rates and risk; flow pressure stays elevated",growth_scare,Growth Scare,recession_signal_strengthens,"Risk-off pressure broadens and rates price a deeper slowdown. Tomorrow: 2Y lower, 10Y lower. +1w: curve higher, credit higher. +1m: VIX higher. Transition pressure low.",partially realized,0.4,"Partially realized 2/5 tracked directions; misses: 2Y, 2s10s, VIX. Current month driven by flow amplification / surprise under macro-confirmed evidence."
2013-04,2013,4,policy_constraint,0.3956544305451221,0.24729437228792853,flow_amplified,disproportion,flow amplification / surprise,disinflation / oil fade,infla -0.59 | risk +0.03 | polic +0.43 | dispr +2.00 | trans +0.16,"moderately steep; bull flattening; 2s10s +1.48%, 3m10y +1.65%, 5s30s +2.20%.","Breakeven 2.34% (-0.17), credit 2.83% (-0.08), VIX avg 14.0, oil 93.2 (-3.9).","The front end remains pinned by policy credibility and restrictive guidance. Tomorrow: 2Y higher, 10Y higher. +1w: curve lower, credit higher. +1m: VIX higher. Transition pressure low.",policy_stays_tight,0.5585116568244953,The front end remains pinned by policy credibility and restrictive guidance.,Front-end yields grind higher; curve keeps flattening,higher,higher,lower,higher,higher,1.1521718621802908,3.36005952328229,3.2229644738966656,1.683662971024783,1.7146428199482289,0.22,1.7,1.48,13.52,2.83,The front end stays pinned by restrictive policy and the market prices a tight policy corridor as the main constraint.,Restrictive policy path and front-end repricing dominate more than broad risk stress.,2013-04-30,"2013-04: Policy Constraint
Month-end: 2013-04-30
Avg regime probability: 0.40
Transition pressure: 0.25 (low)
Expectedness: flow-amplified [macro_consistent:41%, mixed:14%, likely_flow_amplified:45%]
Curve: moderately steep; bull flattening; 2s10s +1.48%, 3m10y +1.65%, 5s30s +2.20%.
Market / macro: Breakeven 2.34% (-0.17), credit 2.83% (-0.08), VIX avg 14.0, oil 93.2 (-3.9).
Top drivers: flow amplification / surprise; disinflation / oil fade.
Top branch: policy_stays_tight (p=0.56)
Path: The front end remains pinned by policy credibility and restrictive guidance. Tomorrow: 2Y higher, 10Y higher. +1w: curve lower, credit higher. +1m: VIX higher. Transition pressure low.
Leaf scenario: Front-end yields grind higher; curve keeps flattening",mixed_transition,Mixed Transition,amplification,"Existing moves extend as positioning and narrative momentum reinforce one another. Tomorrow: 2Y higher, 10Y higher. +1w: curve lower, credit higher. +1m: VIX higher. Transition pressure low.",partially realized,0.4,"Partially realized 2/5 tracked directions; misses: 2Y, 10Y, credit. Current month driven by flow amplification / surprise under flow-amplified evidence."
2013-05,2013,5,inflation_shock,0.36382766783646553,0.14937546787414183,contested,disproportion,flow amplification / surprise,risk-off / credit stress,infla +0.40 | risk +1.10 | polic -0.47 | dispr +1.13 | trans +0.21,"steep; bear steepening; 2s10s +1.86%, 3m10y +2.12%, 5s30s +2.25%.","Breakeven 2.21% (-0.09), credit 2.79% (-0.03), VIX avg 13.5, oil 91.9 (+1.2).","Inflation remains sticky, but growth damage starts to dominate market pricing. Tomorrow: 2Y lower, 10Y lower. +1w: curve higher, credit higher. +1m: VIX higher. Transition pressure low.",growth_deterioration,0.4370661531935268,"Inflation remains sticky, but growth damage starts to dominate market pricing.",Credit cracks widen; curve bull-steepens on growth fears,lower,lower,higher,higher,higher,1.5937377450509227,4.794788837894739,3.8535697735995367,0.49087549337892233,1.4924811556599336,0.3,2.16,1.86,16.3,2.79,Inflation and commodity pressure dominate the rates regime and keep nominal repricing biased upward.,"Inflation pressure, commodity impulse, and nominal repricing dominate.",2013-05-31,"2013-05: Inflation Shock
Month-end: 2013-05-31
Avg regime probability: 0.36
Transition pressure: 0.15 (low)
Expectedness: contested [macro_consistent:39%, mixed:43%, likely_flow_amplified:17%]
Curve: steep; bear steepening; 2s10s +1.86%, 3m10y +2.12%, 5s30s +2.25%.
Market / macro: Breakeven 2.21% (-0.09), credit 2.79% (-0.03), VIX avg 13.5, oil 91.9 (+1.2).
Top drivers: flow amplification / surprise; risk-off / credit stress.
Top branch: growth_deterioration (p=0.44)
Path: Inflation remains sticky, but growth damage starts to dominate market pricing. Tomorrow: 2Y lower, 10Y lower. +1w: curve higher, credit higher. +1m: VIX higher. Transition pressure low.
Leaf scenario: Credit cracks widen; curve bull-steepens on growth fears",policy_constraint,Policy Constraint,policy_stays_tight,"The front end remains pinned by policy credibility and restrictive guidance. Tomorrow: 2Y higher, 10Y higher. +1w: curve lower, credit higher. +1m: VIX higher. Transition pressure low.",partially realized,0.6,"Partially realized 3/5 tracked directions; misses: 2s10s, credit. Current month driven by flow amplification / surprise under contested evidence."
2013-06,2013,6,growth_scare,0.3781231243433379,0.24141218657168068,flow_amplified,disproportion,flow unwind,risk relief,infla -0.05 | risk -1.32 | polic -0.26 | dispr -2.00 | trans +0.16,"steep; bear steepening; 2s10s +2.16%, 3m10y +2.48%, 5s30s +2.11%.","Breakeven 1.99% (-0.21), credit 2.83% (+0.01), VIX avg 17.3, oil 96.4 (+3.0).","Growth fears stop worsening and markets move toward a calmer range. Tomorrow: 2Y higher, 10Y higher. +1w: curve flat, credit lower. +1m: VIX lower. Transition pressure low.",stabilization,0.6674741520790441,Growth fears stop worsening and markets move toward a calmer range.,Volatility cools; credit stops widening,higher,higher,flat,lower,lower,2.4310491562286436,5.679788728465166,4.09267638593622,1.3821345810014303,3.4292856398964484,0.36,2.52,2.16,16.86,2.83,Growth and risk-off concerns dominate the month and push markets toward slower activity and defensive pricing.,"Growth slowdown, risk-off pressure, and wider spreads dominate.",2013-06-28,"2013-06: Growth Scare
Month-end: 2013-06-28
Avg regime probability: 0.38
Transition pressure: 0.24 (low)
Expectedness: flow-amplified [macro_consistent:25%, mixed:35%, likely_flow_amplified:40%]
Curve: steep; bear steepening; 2s10s +2.16%, 3m10y +2.48%, 5s30s +2.11%.
Market / macro: Breakeven 1.99% (-0.21), credit 2.83% (+0.01), VIX avg 17.3, oil 96.4 (+3.0).
Top drivers: flow unwind; risk relief.
Top branch: stabilization (p=0.67)
Path: Growth fears stop worsening and markets move toward a calmer range. Tomorrow: 2Y higher, 10Y higher. +1w: curve flat, credit lower. +1m: VIX lower. Transition pressure low.
Leaf scenario: Volatility cools; credit stops widening",inflation_shock,Inflation Shock,growth_deterioration,"Inflation remains sticky, but growth damage starts to dominate market pricing. Tomorrow: 2Y lower, 10Y lower. +1w: curve higher, credit higher. +1m: VIX higher. Transition pressure low.",partially realized,0.6,"Partially realized 3/5 tracked directions; misses: 2Y, 10Y. Current month driven by flow unwind under flow-amplified evidence."
2013-07,2013,7,inflation_shock,0.4970749280795503,0.22068046432881683,macro_confirmed,disproportion,flow unwind,inflation / oil impulse,infla +1.02 | risk +0.01 | polic -0.16 | dispr -1.47 | trans +0.16,"steep; mixed repricing; 2s10s +2.29%, 3m10y +2.56%, 5s30s +2.26%.","Breakeven 2.22% (+0.20), credit 2.68% (-0.15), VIX avg 14.1, oil 105.1 (+7.2).","Inflation remains dominant and front-end repricing extends. Tomorrow: 2Y higher, 10Y higher. +1w: curve lower, credit higher. +1m: VIX higher. Transition pressure low.",inflation_persists,0.488742503692336,Inflation remains dominant and front-end repricing extends.,Energy impulse re-accelerates; breakevens keep grinding higher,higher,higher,lower,higher,higher,1.9716744153130359,6.374950980203691,4.932291556670189,0.49871710417831067,1.714642819948223,0.31,2.6,2.29,13.45,2.68,Inflation and commodity pressure dominate the rates regime and keep nominal repricing biased upward.,"Inflation pressure, commodity impulse, and nominal repricing dominate.",2013-07-31,"2013-07: Inflation Shock
Month-end: 2013-07-31
Avg regime probability: 0.50
Transition pressure: 0.22 (low)
Expectedness: macro-confirmed [macro_consistent:57%, mixed:35%, likely_flow_amplified:9%]
Curve: steep; mixed repricing; 2s10s +2.29%, 3m10y +2.56%, 5s30s +2.26%.
Market / macro: Breakeven 2.22% (+0.20), credit 2.68% (-0.15), VIX avg 14.1, oil 105.1 (+7.2).
Top drivers: flow unwind; inflation / oil impulse.
Top branch: inflation_persists (p=0.49)
Path: Inflation remains dominant and front-end repricing extends. Tomorrow: 2Y higher, 10Y higher. +1w: curve lower, credit higher. +1m: VIX higher. Transition pressure low.
Leaf scenario: Energy impulse re-accelerates; breakevens keep grinding higher",growth_scare,Growth Scare,stabilization,"Growth fears stop worsening and markets move toward a calmer range. Tomorrow: 2Y higher, 10Y higher. +1w: curve flat, credit lower. +1m: VIX lower. Transition pressure low.",partially realized,0.6,"Partially realized 3/5 tracked directions; misses: 2Y, 2s10s. Current month driven by flow unwind under macro-confirmed evidence."
2013-08,2013,8,mixed_transition,0.6090342896566106,0.1703783222922755,contested,disproportion,flow unwind,risk relief,infla -0.03 | risk -0.81 | polic -0.26 | dispr -1.83 | trans +0.13,"steep; bear steepening; 2s10s +2.39%, 3m10y +2.75%, 5s30s +2.08%.","Breakeven 2.10% (-0.16), credit 2.56% (-0.10), VIX avg 14.2, oil 108.0 (+0.0).","A recent move mean-reverts as the initial catalyst loses traction. Tomorrow: 2Y lower, 10Y lower. +1w: curve higher, credit lower. +1m: VIX lower. Transition pressure low.",reversal,0.4826732648532446,A recent move mean-reverts as the initial catalyst loses traction.,Positioning unwinds; cross-asset confirmation fades,lower,lower,higher,lower,lower,1.6575584454250774,5.06828373317832,4.196427051671456,0.783902257937812,1.9849433241279226,0.39,2.78,2.3899999999999997,17.01,2.56,No single macro force dominates; the regime is contested and transition pressure is high.,"Signals disagree, transition pressure is elevated, and narrative coherence is weak.",2013-08-30,"2013-08: Mixed Transition
Month-end: 2013-08-30
Avg regime probability: 0.61
Transition pressure: 0.17 (low)
Expectedness: contested [macro_consistent:36%, mixed:36%, likely_flow_amplified:27%]
Curve: steep; bear steepening; 2s10s +2.39%, 3m10y +2.75%, 5s30s +2.08%.
Market / macro: Breakeven 2.10% (-0.16), credit 2.56% (-0.10), VIX avg 14.2, oil 108.0 (+0.0).
Top drivers: flow unwind; risk relief.
Top branch: reversal (p=0.48)
Path: A recent move mean-reverts as the initial catalyst loses traction. Tomorrow: 2Y lower, 10Y lower. +1w: curve higher, credit lower. +1m: VIX lower. Transition pressure low.
Leaf scenario: Positioning unwinds; cross-asset confirmation fades",inflation_shock,Inflation Shock,inflation_persists,"Inflation remains dominant and front-end repricing extends. Tomorrow: 2Y higher, 10Y higher. +1w: curve lower, credit higher. +1m: VIX higher. Transition pressure low.",partially realized,0.6,"Partially realized 3/5 tracked directions; misses: 2s10s, credit. Current month driven by flow unwind under contested evidence."
2013-09,2013,9,growth_scare,0.4094316867359592,0.21288440427885744,contested,risk,risk-off / credit stress,flow amplification / surprise,infla +0.14 | risk +0.77 | polic -0.21 | dispr +0.44 | trans +0.12,"steep; bull flattening; 2s10s +2.31%, 3m10y +2.62%, 5s30s +2.30%.","Breakeven 2.19% (+0.09), credit 2.75% (+0.19), VIX avg 14.8, oil 102.4 (-5.6).","Risk-off pressure broadens and rates price a deeper slowdown. Tomorrow: 2Y lower, 10Y lower. +1w: curve higher, credit higher. +1m: VIX higher. Transition pressure low.",recession_signal_strengthens,0.5996392359295664,Risk-off pressure broadens and rates price a deeper slowdown.,Credit widening intensifies; VIX stays bid,lower,lower,higher,higher,higher,3.0512292604784714,5.595533933415113,4.066939881532548,0.6549921755257846,2.7290108097990418,0.33,2.64,2.31,16.6,2.75,Growth and risk-off concerns dominate the month and push markets toward slower activity and defensive pricing.,"Growth slowdown, risk-off pressure, and wider spreads dominate.",2013-09-30,"2013-09: Growth Scare
Month-end: 2013-09-30
Avg regime probability: 0.41
Transition pressure: 0.21 (low)
Expectedness: contested [macro_consistent:48%, mixed:43%, likely_flow_amplified:10%]
Curve: steep; bull flattening; 2s10s +2.31%, 3m10y +2.62%, 5s30s +2.30%.
Market / macro: Breakeven 2.19% (+0.09), credit 2.75% (+0.19), VIX avg 14.8, oil 102.4 (-5.6).
Top drivers: risk-off / credit stress; flow amplification / surprise.
Top branch: recession_signal_strengthens (p=0.60)
Path: Risk-off pressure broadens and rates price a deeper slowdown. Tomorrow: 2Y lower, 10Y lower. +1w: curve higher, credit higher. +1m: VIX higher. Transition pressure low.
Leaf scenario: Credit widening intensifies; VIX stays bid",mixed_transition,Mixed Transition,reversal,"A recent move mean-reverts as the initial catalyst loses traction. Tomorrow: 2Y lower, 10Y lower. +1w: curve higher, credit lower. +1m: VIX lower. Transition pressure low.",partially realized,0.6,"Partially realized 3/5 tracked directions; misses: 2s10s, credit. Current month driven by risk-off / credit stress under contested evidence."
2013-10,2013,10,policy_constraint,0.3751808764076397,0.15231746968243,macro_confirmed,disproportion,flow unwind,policy relief,infla -0.21 | risk -0.40 | polic -0.60 | dispr -1.70 | trans +0.16,"steep; bull flattening; 2s10s +2.26%, 3m10y +2.53%, 5s30s +2.32%.","Breakeven 2.17% (-0.03), credit 2.65% (-0.11), VIX avg 15.4, oil 96.3 (-5.8).","Policy pressure eases and front-end rates retrace without a major growth shock. Tomorrow: 2Y lower, 10Y lower. +1w: curve higher, credit lower. +1m: VIX lower. Transition pressure low.",front_end_relief,0.6433104299531992,Policy pressure eases and front-end rates retrace without a major growth shock.,Data moderation lowers the policy premium; vol declines,lower,lower,higher,lower,lower,1.868154169226941,3.672533185690769,3.5252659474144625,1.471860727107018,1.558043645088288,0.31,2.57,2.26,13.75,2.65,The front end stays pinned by restrictive policy and the market prices a tight policy corridor as the main constraint.,Restrictive policy path and front-end repricing dominate more than broad risk stress.,2013-10-31,"2013-10: Policy Constraint
Month-end: 2013-10-31
Avg regime probability: 0.38
Transition pressure: 0.15 (low)
Expectedness: macro-confirmed [macro_consistent:43%, mixed:26%, likely_flow_amplified:30%]
Curve: steep; bull flattening; 2s10s +2.26%, 3m10y +2.53%, 5s30s +2.32%.
Market / macro: Breakeven 2.17% (-0.03), credit 2.65% (-0.11), VIX avg 15.4, oil 96.3 (-5.8).
Top drivers: flow unwind; policy relief.
Top branch: front_end_relief (p=0.64)
Path: Policy pressure eases and front-end rates retrace without a major growth shock. Tomorrow: 2Y lower, 10Y lower. +1w: curve higher, credit lower. +1m: VIX lower. Transition pressure low.
Leaf scenario: Data moderation lowers the policy premium; vol declines",growth_scare,Growth Scare,recession_signal_strengthens,"Risk-off pressure broadens and rates price a deeper slowdown. Tomorrow: 2Y lower, 10Y lower. +1w: curve higher, credit higher. +1m: VIX higher. Transition pressure low.",partially realized,0.4,"Partially realized 2/5 tracked directions; misses: 2s10s, VIX, credit. Current month driven by flow unwind under macro-confirmed evidence."
2013-11,2013,11,inflation_shock,0.37440030638523153,0.13711380455566036,contested,transition,regime rotation pressure,disinflation / oil fade,infla -0.13 | risk +0.07 | polic -0.08 | dispr +0.09 | trans +0.13,"steep; mixed repricing; 2s10s +2.47%, 3m10y +2.69%, 5s30s +2.45%.","Breakeven 2.15% (+0.00), credit 2.61% (-0.03), VIX avg 12.9, oil 92.5 (-2.0).","Inflation remains dominant and front-end repricing extends. Tomorrow: 2Y higher, 10Y higher. +1w: curve lower, credit higher. +1m: VIX higher. Transition pressure low.",inflation_persists,0.41531671205498033,Inflation remains dominant and front-end repricing extends.,Energy impulse re-accelerates; breakevens keep grinding higher,higher,higher,lower,higher,higher,1.5451537140362452,4.873397172404483,4.40312389105735,0.5459569580104278,1.878163997099298,0.28,2.75,2.4699999999999998,13.7,2.61,Inflation and commodity pressure dominate the rates regime and keep nominal repricing biased upward.,"Inflation pressure, commodity impulse, and nominal repricing dominate.",2013-11-29,"2013-11: Inflation Shock
Month-end: 2013-11-29
Avg regime probability: 0.37
Transition pressure: 0.14 (low)
Expectedness: contested [macro_consistent:57%, mixed:43%, likely_flow_amplified:0%]
Curve: steep; mixed repricing; 2s10s +2.47%, 3m10y +2.69%, 5s30s +2.45%.
Market / macro: Breakeven 2.15% (+0.00), credit 2.61% (-0.03), VIX avg 12.9, oil 92.5 (-2.0).
Top drivers: regime rotation pressure; disinflation / oil fade.
Top branch: inflation_persists (p=0.42)
Path: Inflation remains dominant and front-end repricing extends. Tomorrow: 2Y higher, 10Y higher. +1w: curve lower, credit higher. +1m: VIX higher. Transition pressure low.
Leaf scenario: Energy impulse re-accelerates; breakevens keep grinding higher",policy_constraint,Policy Constraint,front_end_relief,"Policy pressure eases and front-end rates retrace without a major growth shock. Tomorrow: 2Y lower, 10Y lower. +1w: curve higher, credit lower. +1m: VIX lower. Transition pressure low.",partially realized,0.6,"Partially realized 3/5 tracked directions; misses: 10Y, VIX. Current month driven by regime rotation pressure under contested evidence."
2013-12,2013,12,inflation_shock,0.4851393698031037,0.14921809999374575,contested,disproportion,flow unwind,policy relief,infla +0.12 | risk -0.23 | polic -0.65 | dispr -1.26 | trans +0.17,"steep; bear steepening; 2s10s +2.66%, 3m10y +2.97%, 5s30s +2.21%.","Breakeven 2.24% (+0.09), credit 2.33% (-0.27), VIX avg 14.1, oil 98.2 (+4.6).","Inflation momentum cools and rates retrace toward a cleaner equilibrium. Tomorrow: 2Y lower, 10Y lower. +1w: curve higher, credit lower. +1m: VIX lower. Transition pressure low.",containment_normalization,0.4703689154838078,Inflation momentum cools and rates retrace toward a cleaner equilibrium.,Commodity impulse fades; policy credibility improves,lower,lower,higher,lower,lower,1.5652475842498523,3.505353049266216,3.686122624113311,0.7975730374078602,2.1511624764298967,0.38,3.04,2.66,13.72,2.33,Inflation and commodity pressure dominate the rates regime and keep nominal repricing biased upward.,"Inflation pressure, commodity impulse, and nominal repricing dominate.",2013-12-31,"2013-12: Inflation Shock
Month-end: 2013-12-31
Avg regime probability: 0.49
Transition pressure: 0.15 (low)
Expectedness: contested [macro_consistent:41%, mixed:41%, likely_flow_amplified:18%]
Curve: steep; bear steepening; 2s10s +2.66%, 3m10y +2.97%, 5s30s +2.21%.
Market / macro: Breakeven 2.24% (+0.09), credit 2.33% (-0.27), VIX avg 14.1, oil 98.2 (+4.6).
Top drivers: flow unwind; policy relief.
Top branch: containment_normalization (p=0.47)
Path: Inflation momentum cools and rates retrace toward a cleaner equilibrium. Tomorrow: 2Y lower, 10Y lower. +1w: curve higher, credit lower. +1m: VIX lower. Transition pressure low.
Leaf scenario: Commodity impulse fades; policy credibility improves",inflation_shock,Inflation Shock,inflation_persists,"Inflation remains dominant and front-end repricing extends. Tomorrow: 2Y higher, 10Y higher. +1w: curve lower, credit higher. +1m: VIX higher. Transition pressure low.",partially realized,0.4,"Partially realized 2/5 tracked directions; misses: 2s10s, VIX, credit. Current month driven by flow unwind under contested evidence."
2014-01,2014,1,growth_scare,0.41573145378192494,0.16093580217924516,macro_confirmed,risk,risk-off / credit stress,flow amplification / surprise,infla -0.23 | risk +1.00 | polic +0.01 | dispr +0.80 | trans +0.20,"steep; bull flattening; 2s10s +2.33%, 3m10y +2.65%, 5s30s +2.12%.","Breakeven 2.14% (-0.10), credit 2.40% (+0.07), VIX avg 14.1, oil 97.5 (-0.6).","Risk-off pressure broadens and rates price a deeper slowdown. Tomorrow: 2Y lower, 10Y lower. +1w: curve higher, credit higher. +1m: VIX higher. Transition pressure low.",recession_signal_strengthens,0.6815913066044386,Risk-off pressure broadens and rates price a deeper slowdown.,Credit widening intensifies; VIX stays bid,lower,lower,higher,higher,higher,2.1511624764298944,4.038564101261738,2.7436289836637884,1.209263722270705,1.819340539866027,0.34,2.67,2.33,18.41,2.4,Growth and risk-off concerns dominate the month and push markets toward slower activity and defensive pricing.,"Growth slowdown, risk-off pressure, and wider spreads dominate.",2014-01-31,"2014-01: Growth Scare
Month-end: 2014-01-31
Avg regime probability: 0.42
Transition pressure: 0.16 (low)
Expectedness: macro-confirmed [macro_consistent:57%, mixed:26%, likely_flow_amplified:17%]
Curve: steep; bull flattening; 2s10s +2.33%, 3m10y +2.65%, 5s30s +2.12%.
Market / macro: Breakeven 2.14% (-0.10), credit 2.40% (+0.07), VIX avg 14.1, oil 97.5 (-0.6).
Top drivers: risk-off / credit stress; flow amplification / surprise.
Top branch: recession_signal_strengthens (p=0.68)
Path: Risk-off pressure broadens and rates price a deeper slowdown. Tomorrow: 2Y lower, 10Y lower. +1w: curve higher, credit higher. +1m: VIX higher. Transition pressure low.
Leaf scenario: Credit widening intensifies; VIX stays bid",inflation_shock,Inflation Shock,containment_normalization,"Inflation momentum cools and rates retrace toward a cleaner equilibrium. Tomorrow: 2Y lower, 10Y lower. +1w: curve higher, credit lower. +1m: VIX lower. Transition pressure low.",partially realized,0.4,"Partially realized 2/5 tracked directions; misses: 2s10s, VIX, credit. Current month driven by risk-off / credit stress under macro-confirmed evidence."
2014-02,2014,2,inflation_shock,0.38927212820871887,0.1373546987805807,macro_confirmed,disproportion,flow unwind,inflation / oil impulse,infla +0.19 | risk -0.19 | polic -0.08 | dispr -0.37 | trans +0.10,"steep; bull flattening; 2s10s +2.33%, 3m10y +2.61%, 5s30s +2.08%.","Breakeven 2.17% (+0.03), credit 2.35% (-0.04), VIX avg 15.4, oil 102.9 (+6.4).","Inflation remains dominant and front-end repricing extends. Tomorrow: 2Y higher, 10Y higher. +1w: curve lower, credit higher. +1m: VIX higher. Transition pressure low.",inflation_persists,0.46282220243536504,Inflation remains dominant and front-end repricing extends.,Energy impulse re-accelerates; breakevens keep grinding higher,higher,higher,lower,higher,higher,1.7741194999210173,3.7346351896805086,2.626785107312734,1.2410135978304189,1.6695807857064038,0.33,2.66,2.33,14.0,2.35,Inflation and commodity pressure dominate the rates regime and keep nominal repricing biased upward.,"Inflation pressure, commodity impulse, and nominal repricing dominate.",2014-02-28,"2014-02: Inflation Shock
Month-end: 2014-02-28
Avg regime probability: 0.39
Transition pressure: 0.14 (low)
Expectedness: macro-confirmed [macro_consistent:65%, mixed:25%, likely_flow_amplified:10%]
Curve: steep; bull flattening; 2s10s +2.33%, 3m10y +2.61%, 5s30s +2.08%.
Market / macro: Breakeven 2.17% (+0.03), credit 2.35% (-0.04), VIX avg 15.4, oil 102.9 (+6.4).
Top drivers: flow unwind; inflation / oil impulse.
Top branch: inflation_persists (p=0.46)
Path: Inflation remains dominant and front-end repricing extends. Tomorrow: 2Y higher, 10Y higher. +1w: curve lower, credit higher. +1m: VIX higher. Transition pressure low.
Leaf scenario: Energy impulse re-accelerates; breakevens keep grinding higher",growth_scare,Growth Scare,recession_signal_strengthens,"Risk-off pressure broadens and rates price a deeper slowdown. Tomorrow: 2Y lower, 10Y lower. +1w: curve higher, credit higher. +1m: VIX higher. Transition pressure low.",not realized,0.2,"Not realized 1/5 tracked directions; misses: 10Y, 2s10s, VIX, credit. Current month driven by flow unwind under macro-confirmed evidence."
2014-03,2014,3,policy_constraint,0.3936127444746919,0.14875823896617496,macro_confirmed,disproportion,flow unwind,policy relief,infla -0.01 | risk -0.13 | polic -0.21 | dispr -0.28 | trans +0.09,"steep; bear flattening; 2s10s +2.29%, 3m10y +2.68%, 5s30s +1.83%.","Breakeven 2.13% (-0.03), credit 2.26% (-0.11), VIX avg 14.8, oil 101.6 (-3.8).","Policy pressure eases and front-end rates retrace without a major growth shock. Tomorrow: 2Y lower, 10Y lower. +1w: curve higher, credit lower. +1m: VIX lower. Transition pressure low.",front_end_relief,0.40063020418604806,Policy pressure eases and front-end rates retrace without a major growth shock.,Data moderation lowers the policy premium; vol declines,lower,lower,higher,lower,lower,2.88790581563873,4.464022849403882,3.323777970924049,0.9746968759568281,1.9358460682605936,0.44,2.73,2.29,13.88,2.26,The front end stays pinned by restrictive policy and the market prices a tight policy corridor as the main constraint.,Restrictive policy path and front-end repricing dominate more than broad risk stress.,2014-03-31,"2014-03: Policy Constraint
Month-end: 2014-03-31
Avg regime probability: 0.39
Transition pressure: 0.15 (low)
Expectedness: macro-confirmed [macro_consistent:62%, mixed:19%, likely_flow_amplified:19%]
Curve: steep; bear flattening; 2s10s +2.29%, 3m10y +2.68%, 5s30s +1.83%.
Market / macro: Breakeven 2.13% (-0.03), credit 2.26% (-0.11), VIX avg 14.8, oil 101.6 (-3.8).
Top drivers: flow unwind; policy relief.
Top branch: front_end_relief (p=0.40)
Path: Policy pressure eases and front-end rates retrace without a major growth shock. Tomorrow: 2Y lower, 10Y lower. +1w: curve higher, credit lower. +1m: VIX lower. Transition pressure low.
Leaf scenario: Data moderation lowers the policy premium; vol declines",inflation_shock,Inflation Shock,inflation_persists,"Inflation remains dominant and front-end repricing extends. Tomorrow: 2Y higher, 10Y higher. +1w: curve lower, credit higher. +1m: VIX higher. Transition pressure low.",partially realized,0.6,"Partially realized 3/5 tracked directions; misses: VIX, credit. Current month driven by flow unwind under macro-confirmed evidence."
2014-04,2014,4,inflation_shock,0.3683911333604995,0.13763953189162229,macro_confirmed,disproportion,flow unwind,regime rotation pressure,infla -0.11 | risk -0.03 | polic -0.07 | dispr -0.88 | trans +0.16,"steep; bull flattening; 2s10s +2.25%, 3m10y +2.64%, 5s30s +1.78%.","Breakeven 2.18% (+0.04), credit 2.16% (-0.10), VIX avg 14.2, oil 100.1 (+0.4).","Inflation momentum cools and rates retrace toward a cleaner equilibrium. Tomorrow: 2Y lower, 10Y lower. +1w: curve higher, credit lower. +1m: VIX lower. Transition pressure low.",containment_normalization,0.40450025186281957,Inflation momentum cools and rates retrace toward a cleaner equilibrium.,Commodity impulse fades; policy credibility improves,lower,lower,higher,lower,lower,1.7571283390805585,3.080178566252285,2.479919353527447,0.8589784630594648,1.4309088021254146,0.42,2.67,2.25,13.41,2.16,Inflation and commodity pressure dominate the rates regime and keep nominal repricing biased upward.,"Inflation pressure, commodity impulse, and nominal repricing dominate.",2014-04-30,"2014-04: Inflation Shock
Month-end: 2014-04-30
Avg regime probability: 0.37
Transition pressure: 0.14 (low)
Expectedness: macro-confirmed [macro_consistent:73%, mixed:18%, likely_flow_amplified:9%]
Curve: steep; bull flattening; 2s10s +2.25%, 3m10y +2.64%, 5s30s +1.78%.
Market / macro: Breakeven 2.18% (+0.04), credit 2.16% (-0.10), VIX avg 14.2, oil 100.1 (+0.4).
Top drivers: flow unwind; regime rotation pressure.
Top branch: containment_normalization (p=0.40)
Path: Inflation momentum cools and rates retrace toward a cleaner equilibrium. Tomorrow: 2Y lower, 10Y lower. +1w: curve higher, credit lower. +1m: VIX lower. Transition pressure low.
Leaf scenario: Commodity impulse fades; policy credibility improves",policy_constraint,Policy Constraint,front_end_relief,"Policy pressure eases and front-end rates retrace without a major growth shock. Tomorrow: 2Y lower, 10Y lower. +1w: curve higher, credit lower. +1m: VIX lower. Transition pressure low.",realized,0.8,Realized 4/5 tracked directions; misses: 2s10s. Current month driven by flow unwind under macro-confirmed evidence.
2014-05,2014,5,policy_constraint,0.35172005497921377,0.15243915349689707,contested,disproportion,flow unwind,risk relief,infla -0.23 | risk -0.41 | polic -0.26 | dispr -0.79 | trans +0.14,"steep; bull flattening; 2s10s +2.11%, 3m10y +2.44%, 5s30s +1.79%.","Breakeven 2.22% (+0.02), credit 2.22% (+0.08), VIX avg 12.4, oil 103.4 (+3.7).","Policy pressure eases and front-end rates retrace without a major growth shock. Tomorrow: 2Y lower, 10Y lower. +1w: curve higher, credit lower. +1m: VIX lower. Transition pressure low.",front_end_relief,0.4849545812062573,Policy pressure eases and front-end rates retrace without a major growth shock.,Data moderation lowers the policy premium; vol declines,lower,lower,higher,lower,lower,1.1779218989389748,3.2924155266308675,3.0211752680041575,0.4838540585755173,1.4966629547095704,0.37,2.48,2.11,11.4,2.22,The front end stays pinned by restrictive policy and the market prices a tight policy corridor as the main constraint.,Restrictive policy path and front-end repricing dominate more than broad risk stress.,2014-05-30,"2014-05: Policy Constraint
Month-end: 2014-05-30
Avg regime probability: 0.35
Transition pressure: 0.15 (low)
Expectedness: contested [macro_consistent:41%, mixed:41%, likely_flow_amplified:18%]
Curve: steep; bull flattening; 2s10s +2.11%, 3m10y +2.44%, 5s30s +1.79%.
Market / macro: Breakeven 2.22% (+0.02), credit 2.22% (+0.08), VIX avg 12.4, oil 103.4 (+3.7).
Top drivers: flow unwind; risk relief.
Top branch: front_end_relief (p=0.48)
Path: Policy pressure eases and front-end rates retrace without a major growth shock. Tomorrow: 2Y lower, 10Y lower. +1w: curve higher, credit lower. +1m: VIX lower. Transition pressure low.
Leaf scenario: Data moderation lowers the policy premium; vol declines",inflation_shock,Inflation Shock,containment_normalization,"Inflation momentum cools and rates retrace toward a cleaner equilibrium. Tomorrow: 2Y lower, 10Y lower. +1w: curve higher, credit lower. +1m: VIX lower. Transition pressure low.",partially realized,0.6,"Partially realized 3/5 tracked directions; misses: 2s10s, credit. Current month driven by flow unwind under contested evidence."
2014-06,2014,6,mixed_transition,0.5986666036656829,0.13904743904480832,contested,disproportion,flow amplification / surprise,hawkish front-end pressure,infla -0.20 | risk -0.12 | polic +0.52 | dispr +0.89 | trans +0.15,"steep; bear flattening; 2s10s +2.06%, 3m10y +2.49%, 5s30s +1.72%.","Breakeven 2.26% (+0.04), credit 2.18% (-0.04), VIX avg 11.5, oil 106.1 (+3.0).","Existing moves extend as positioning and narrative momentum reinforce one another. Tomorrow: 2Y higher, 10Y higher. +1w: curve lower, credit higher. +1m: VIX higher. Transition pressure low.",amplification,0.5659567791434569,Existing moves extend as positioning and narrative momentum reinforce one another.,Move broadens across rates and risk; flow pressure stays elevated,higher,higher,lower,higher,higher,1.9078784028338915,3.1855140872393,2.558808316384804,0.6091344268714421,1.2083045973594582,0.47,2.53,2.0599999999999996,11.57,2.18,No single macro force dominates; the regime is contested and transition pressure is high.,"Signals disagree, transition pressure is elevated, and narrative coherence is weak.",2014-06-30,"2014-06: Mixed Transition
Month-end: 2014-06-30
Avg regime probability: 0.60
Transition pressure: 0.14 (low)
Expectedness: contested [macro_consistent:24%, mixed:57%, likely_flow_amplified:19%]
Curve: steep; bear flattening; 2s10s +2.06%, 3m10y +2.49%, 5s30s +1.72%.
Market / macro: Breakeven 2.26% (+0.04), credit 2.18% (-0.04), VIX avg 11.5, oil 106.1 (+3.0).
Top drivers: flow amplification / surprise; hawkish front-end pressure.
Top branch: amplification (p=0.57)
Path: Existing moves extend as positioning and narrative momentum reinforce one another. Tomorrow: 2Y higher, 10Y higher. +1w: curve lower, credit higher. +1m: VIX higher. Transition pressure low.
Leaf scenario: Move broadens across rates and risk; flow pressure stays elevated",policy_constraint,Policy Constraint,front_end_relief,"Policy pressure eases and front-end rates retrace without a major growth shock. Tomorrow: 2Y lower, 10Y lower. +1w: curve higher, credit lower. +1m: VIX lower. Transition pressure low.",not realized,0.2,"Not realized 1/5 tracked directions; misses: 2Y, 10Y, 2s10s, VIX. Current month driven by flow amplification / surprise under contested evidence."
2014-07,2014,7,growth_scare,0.3761742889692813,0.22923502849939148,macro_confirmed,risk,risk-off / credit stress,policy relief,infla -0.25 | risk +1.83 | polic -0.73 | dispr +0.59 | trans +0.45,"steep; bear flattening; 2s10s +2.05%, 3m10y +2.55%, 5s30s +1.56%.","Breakeven 2.29% (+0.03), credit 2.17% (-0.02), VIX avg 12.2, oil 98.2 (-7.8).","Risk-off pressure broadens and rates price a deeper slowdown. Tomorrow: 2Y lower, 10Y lower. +1w: curve higher, credit higher. +1m: VIX higher. Transition pressure low.",recession_signal_strengthens,0.8494690388905877,Risk-off pressure broadens and rates price a deeper slowdown.,Credit widening intensifies; VIX stays bid,lower,lower,higher,higher,higher,2.0609463845524956,3.623189202898453,3.056141357987219,1.342777997287712,1.400000000000006,0.53,2.58,2.05,16.95,2.17,Growth and risk-off concerns dominate the month and push markets toward slower activity and defensive pricing.,"Growth slowdown, risk-off pressure, and wider spreads dominate.",2014-07-31,"2014-07: Growth Scare
Month-end: 2014-07-31
Avg regime probability: 0.38
Transition pressure: 0.23 (low)
Expectedness: macro-confirmed [macro_consistent:70%, mixed:26%, likely_flow_amplified:4%]
Curve: steep; bear flattening; 2s10s +2.05%, 3m10y +2.55%, 5s30s +1.56%.
Market / macro: Breakeven 2.29% (+0.03), credit 2.17% (-0.02), VIX avg 12.2, oil 98.2 (-7.8).
Top drivers: risk-off / credit stress; policy relief.
Top branch: recession_signal_strengthens (p=0.85)
Path: Risk-off pressure broadens and rates price a deeper slowdown. Tomorrow: 2Y lower, 10Y lower. +1w: curve higher, credit higher. +1m: VIX higher. Transition pressure low.
Leaf scenario: Credit widening intensifies; VIX stays bid",mixed_transition,Mixed Transition,amplification,"Existing moves extend as positioning and narrative momentum reinforce one another. Tomorrow: 2Y higher, 10Y higher. +1w: curve lower, credit higher. +1m: VIX higher. Transition pressure low.",realized,0.8,Realized 4/5 tracked directions; misses: credit. Current month driven by risk-off / credit stress under macro-confirmed evidence.
2014-08,2014,8,policy_constraint,0.4121063614028245,0.20251786230477326,contested,disproportion,flow unwind,policy relief,infla -0.06 | risk -0.06 | polic -0.51 | dispr -0.93 | trans +0.16,"steep; bull flattening; 2s10s +1.87%, 3m10y +2.32%, 5s30s +1.46%.","Breakeven 2.12% (-0.15), credit 2.23% (+0.00), VIX avg 13.5, oil 97.9 (+0.0).","Policy pressure eases and front-end rates retrace without a major growth shock. Tomorrow: 2Y lower, 10Y lower. +1w: curve higher, credit lower. +1m: VIX lower. Transition pressure low.",front_end_relief,0.513942633514123,Policy pressure eases and front-end rates retrace without a major growth shock.,Data moderation lowers the policy premium; vol declines,lower,lower,higher,lower,lower,1.8834808201837363,2.650943228362318,2.3430749027720013,0.7857472558017627,1.5811388300841882,0.48,2.35,1.87,11.98,2.23,The front end stays pinned by restrictive policy and the market prices a tight policy corridor as the main constraint.,Restrictive policy path and front-end repricing dominate more than broad risk stress.,2014-08-29,"2014-08: Policy Constraint
Month-end: 2014-08-29
Avg regime probability: 0.41
Transition pressure: 0.20 (low)
Expectedness: contested [macro_consistent:52%, mixed:43%, likely_flow_amplified:5%]
Curve: steep; bull flattening; 2s10s +1.87%, 3m10y +2.32%, 5s30s +1.46%.
Market / macro: Breakeven 2.12% (-0.15), credit 2.23% (+0.00), VIX avg 13.5, oil 97.9 (+0.0).
Top drivers: flow unwind; policy relief.
Top branch: front_end_relief (p=0.51)
Path: Policy pressure eases and front-end rates retrace without a major growth shock. Tomorrow: 2Y lower, 10Y lower. +1w: curve higher, credit lower. +1m: VIX lower. Transition pressure low.
Leaf scenario: Data moderation lowers the policy premium; vol declines",growth_scare,Growth Scare,recession_signal_strengthens,"Risk-off pressure broadens and rates price a deeper slowdown. Tomorrow: 2Y lower, 10Y lower. +1w: curve higher, credit higher. +1m: VIX higher. Transition pressure low.",partially realized,0.6,"Partially realized 3/5 tracked directions; misses: 2s10s, VIX. Current month driven by flow unwind under contested evidence."
2014-09,2014,9,growth_scare,0.402497632789799,0.23102411248137844,macro_confirmed,disproportion,flow amplification / surprise,risk-off / credit stress,infla +0.09 | risk +0.41 | polic -0.17 | dispr +0.67 | trans +0.17,"steep; bear steepening; 2s10s +1.94%, 3m10y +2.50%, 5s30s +1.43%.","Breakeven 1.97% (-0.15), credit 2.29% (+0.06), VIX avg 13.4, oil 91.2 (-6.7).","Risk-off pressure broadens and rates price a deeper slowdown. Tomorrow: 2Y lower, 10Y lower. +1w: curve higher, credit higher. +1m: VIX higher. Transition pressure low.",recession_signal_strengthens,0.554856544943635,Risk-off pressure broadens and rates price a deeper slowdown.,Credit widening intensifies; VIX stays bid,lower,lower,higher,higher,higher,1.867484939698307,3.1384709652950407,2.6244046944021386,0.965712690193103,1.6000000000000014,0.58,2.52,1.94,16.31,2.29,Growth and risk-off concerns dominate the month and push markets toward slower activity and defensive pricing.,"Growth slowdown, risk-off pressure, and wider spreads dominate.",2014-09-30,"2014-09: Growth Scare
Month-end: 2014-09-30
Avg regime probability: 0.40
Transition pressure: 0.23 (low)
Expectedness: macro-confirmed [macro_consistent:45%, mixed:32%, likely_flow_amplified:23%]
Curve: steep; bear steepening; 2s10s +1.94%, 3m10y +2.50%, 5s30s +1.43%.
Market / macro: Breakeven 1.97% (-0.15), credit 2.29% (+0.06), VIX avg 13.4, oil 91.2 (-6.7).
Top drivers: flow amplification / surprise; risk-off / credit stress.
Top branch: recession_signal_strengthens (p=0.55)
Path: Risk-off pressure broadens and rates price a deeper slowdown. Tomorrow: 2Y lower, 10Y lower. +1w: curve higher, credit higher. +1m: VIX higher. Transition pressure low.
Leaf scenario: Credit widening intensifies; VIX stays bid",policy_constraint,Policy Constraint,front_end_relief,"Policy pressure eases and front-end rates retrace without a major growth shock. Tomorrow: 2Y lower, 10Y lower. +1w: curve higher, credit lower. +1m: VIX lower. Transition pressure low.",not realized,0.2,"Not realized 1/5 tracked directions; misses: 2Y, 10Y, VIX, credit. Current month driven by flow amplification / surprise under macro-confirmed evidence."
2014-10,2014,10,growth_scare,0.39186554906209414,0.25433094778294374,macro_confirmed,disproportion,flow amplification / surprise,inflation / oil impulse,infla +0.30 | risk -0.25 | polic +0.17 | dispr +0.41 | trans +0.12,"steep; bull flattening; 2s10s +1.85%, 3m10y +2.34%, 5s30s +1.45%.","Breakeven 1.92% (-0.04), credit 2.39% (+0.08), VIX avg 18.1, oil 80.5 (-10.2).","Risk-off pressure broadens and rates price a deeper slowdown. Tomorrow: 2Y lower, 10Y lower. +1w: curve higher, credit higher. +1m: VIX higher. Transition pressure low.",recession_signal_strengthens,0.38978130812110307,Risk-off pressure broadens and rates price a deeper slowdown.,Credit widening intensifies; VIX stays bid,lower,lower,higher,higher,higher,3.004579837514723,3.866522985836246,2.3722352328552994,2.157063745001524,2.519920633670839,0.5,2.35,1.85,14.03,2.39,Growth and risk-off concerns dominate the month and push markets toward slower activity and defensive pricing.,"Growth slowdown, risk-off pressure, and wider spreads dominate.",2014-10-31,"2014-10: Growth Scare
Month-end: 2014-10-31
Avg regime probability: 0.39
Transition pressure: 0.25 (low)
Expectedness: macro-confirmed [macro_consistent:61%, mixed:26%, likely_flow_amplified:13%]
Curve: steep; bull flattening; 2s10s +1.85%, 3m10y +2.34%, 5s30s +1.45%.
Market / macro: Breakeven 1.92% (-0.04), credit 2.39% (+0.08), VIX avg 18.1, oil 80.5 (-10.2).
Top drivers: flow amplification / surprise; inflation / oil impulse.
Top branch: recession_signal_strengthens (p=0.39)
Path: Risk-off pressure broadens and rates price a deeper slowdown. Tomorrow: 2Y lower, 10Y lower. +1w: curve higher, credit higher. +1m: VIX higher. Transition pressure low.
Leaf scenario: Credit widening intensifies; VIX stays bid",growth_scare,Growth Scare,recession_signal_strengthens,"Risk-off pressure broadens and rates price a deeper slowdown. Tomorrow: 2Y lower, 10Y lower. +1w: curve higher, credit higher. +1m: VIX higher. Transition pressure low.",partially realized,0.6,"Partially realized 3/5 tracked directions; misses: 2s10s, VIX. Current month driven by flow amplification / surprise under macro-confirmed evidence."
2014-11,2014,11,growth_scare,0.4091155190270072,0.16292089985808395,contested,risk,risk-off / credit stress,disinflation / oil fade,infla -1.30 | risk +1.41 | polic -0.76 | dispr -0.25 | trans +0.49,"steep; bull flattening; 2s10s +1.71%, 3m10y +2.16%, 5s30s +1.40%.","Breakeven 1.79% (-0.14), credit 2.52% (+0.13), VIX avg 13.3, oil 65.9 (-12.8).","Risk-off pressure broadens and rates price a deeper slowdown. Tomorrow: 2Y lower, 10Y lower. +1w: curve higher, credit higher. +1m: VIX higher. Transition pressure low.",recession_signal_strengthens,0.7915852197120479,Risk-off pressure broadens and rates price a deeper slowdown.,Credit widening intensifies; VIX stays bid,lower,lower,higher,higher,higher,2.0560885194952108,3.070423423568811,2.027313493271331,0.5287579786632066,2.12779228309532,0.47,2.18,1.7100000000000002,13.33,2.52,Growth and risk-off concerns dominate the month and push markets toward slower activity and defensive pricing.,"Growth slowdown, risk-off pressure, and wider spreads dominate.",2014-11-28,"2014-11: Growth Scare
Month-end: 2014-11-28
Avg regime probability: 0.41
Transition pressure: 0.16 (low)
Expectedness: contested [macro_consistent:55%, mixed:35%, likely_flow_amplified:10%]
Curve: steep; bull flattening; 2s10s +1.71%, 3m10y +2.16%, 5s30s +1.40%.
Market / macro: Breakeven 1.79% (-0.14), credit 2.52% (+0.13), VIX avg 13.3, oil 65.9 (-12.8).
Top drivers: risk-off / credit stress; disinflation / oil fade.
Top branch: recession_signal_strengthens (p=0.79)
Path: Risk-off pressure broadens and rates price a deeper slowdown. Tomorrow: 2Y lower, 10Y lower. +1w: curve higher, credit higher. +1m: VIX higher. Transition pressure low.
Leaf scenario: Credit widening intensifies; VIX stays bid",growth_scare,Growth Scare,recession_signal_strengthens,"Risk-off pressure broadens and rates price a deeper slowdown. Tomorrow: 2Y lower, 10Y lower. +1w: curve higher, credit higher. +1m: VIX higher. Transition pressure low.",partially realized,0.6,"Partially realized 3/5 tracked directions; misses: 2s10s, VIX. Current month driven by risk-off / credit stress under contested evidence."
2014-12,2014,12,policy_constraint,0.4183267668439968,0.2795398942005794,macro_confirmed,risk,risk-off / credit stress,inflation / oil impulse,infla +0.61 | risk +1.67 | polic -0.16 | dispr +0.38 | trans +0.24,"steep; mixed repricing; 2s10s +1.50%, 3m10y +2.13%, 5s30s +1.10%.","Breakeven 1.68% (-0.11), credit 2.51% (-0.03), VIX avg 16.2, oil 53.5 (-15.5).","Policy tightness spills into macro damage and market stress broadens. Tomorrow: 2Y lower, 10Y lower. +1w: curve higher, credit higher. +1m: VIX higher. Transition pressure low.",growth_crack_emerges,0.4633225511962999,Policy tightness spills into macro damage and market stress broadens.,Curve re-steepens on recession pricing; credit cheapens,lower,lower,higher,higher,higher,3.6400549446402577,4.789572005931222,2.9478805945967403,1.8583790652070955,2.4794152536434853,0.67,2.17,1.5,19.2,2.51,The front end stays pinned by restrictive policy and the market prices a tight policy corridor as the main constraint.,Restrictive policy path and front-end repricing dominate more than broad risk stress.,2014-12-31,"2014-12: Policy Constraint
Month-end: 2014-12-31
Avg regime probability: 0.42
Transition pressure: 0.28 (low)
Expectedness: macro-confirmed [macro_consistent:74%, mixed:13%, likely_flow_amplified:13%]
Curve: steep; mixed repricing; 2s10s +1.50%, 3m10y +2.13%, 5s30s +1.10%.
Market / macro: Breakeven 1.68% (-0.11), credit 2.51% (-0.03), VIX avg 16.2, oil 53.5 (-15.5).
Top drivers: risk-off / credit stress; inflation / oil impulse.
Top branch: growth_crack_emerges (p=0.46)
Path: Policy tightness spills into macro damage and market stress broadens. Tomorrow: 2Y lower, 10Y lower. +1w: curve higher, credit higher. +1m: VIX higher. Transition pressure low.
Leaf scenario: Curve re-steepens on recession pricing; credit cheapens",growth_scare,Growth Scare,recession_signal_strengthens,"Risk-off pressure broadens and rates price a deeper slowdown. Tomorrow: 2Y lower, 10Y lower. +1w: curve higher, credit higher. +1m: VIX higher. Transition pressure low.",partially realized,0.4,"Partially realized 2/5 tracked directions; misses: 2Y, 2s10s, credit. Current month driven by risk-off / credit stress under macro-confirmed evidence."
2015-01,2015,1,growth_scare,0.45226594734781983,0.24756229690092232,macro_confirmed,risk,risk-off / credit stress,inflation / oil impulse,infla +1.14 | risk +1.22 | polic -0.07 | dispr -0.46 | trans +0.44,"moderately steep; bull flattening; 2s10s +1.21%, 3m10y +1.66%, 5s30s +1.07%.","Breakeven 1.65% (-0.03), credit 2.61% (+0.10), VIX avg 19.2, oil 47.8 (-5.7).","Risk-off pressure broadens and rates price a deeper slowdown. Tomorrow: 2Y lower, 10Y lower. +1w: curve higher, credit higher. +1m: VIX higher. Transition pressure low.",recession_signal_strengthens,0.5463354205873149,Risk-off pressure broadens and rates price a deeper slowdown.,Credit widening intensifies; VIX stays bid,lower,lower,higher,higher,higher,2.854382595238418,5.418486873657626,4.205650960315179,1.6392220715937182,2.0856653614614173,0.47,1.68,1.21,20.97,2.61,Growth and risk-off concerns dominate the month and push markets toward slower activity and defensive pricing.,"Growth slowdown, risk-off pressure, and wider spreads dominate.",2015-01-30,"2015-01: Growth Scare
Month-end: 2015-01-30
Avg regime probability: 0.45
Transition pressure: 0.25 (low)
Expectedness: macro-confirmed [macro_consistent:68%, mixed:27%, likely_flow_amplified:5%]
Curve: moderately steep; bull flattening; 2s10s +1.21%, 3m10y +1.66%, 5s30s +1.07%.
Market / macro: Breakeven 1.65% (-0.03), credit 2.61% (+0.10), VIX avg 19.2, oil 47.8 (-5.7).
Top drivers: risk-off / credit stress; inflation / oil impulse.
Top branch: recession_signal_strengthens (p=0.55)
Path: Risk-off pressure broadens and rates price a deeper slowdown. Tomorrow: 2Y lower, 10Y lower. +1w: curve higher, credit higher. +1m: VIX higher. Transition pressure low.
Leaf scenario: Credit widening intensifies; VIX stays bid",policy_constraint,Policy Constraint,growth_crack_emerges,"Policy tightness spills into macro damage and market stress broadens. Tomorrow: 2Y lower, 10Y lower. +1w: curve higher, credit higher. +1m: VIX higher. Transition pressure low.",realized,0.8,Realized 4/5 tracked directions; misses: 2s10s. Current month driven by risk-off / credit stress under macro-confirmed evidence.
2015-02,2015,2,inflation_shock,0.5240528803924198,0.3174178255994812,macro_confirmed,inflation,inflation / oil impulse,flow unwind,infla +1.04 | risk -0.01 | polic -0.38 | dispr -0.74 | trans +0.35,"moderately steep; bear steepening; 2s10s +1.37%, 3m10y +1.98%, 5s30s +1.10%.","Breakeven 1.83% (+0.18), credit 2.46% (-0.15), VIX avg 15.8, oil 49.8 (+0.6).","Inflation remains dominant and front-end repricing extends. Tomorrow: 2Y higher, 10Y higher. +1w: curve lower, credit higher. +1m: VIX higher. Transition pressure low.",inflation_persists,0.5208676584863162,Inflation remains dominant and front-end repricing extends.,Energy impulse re-accelerates; breakevens keep grinding higher,higher,higher,lower,higher,higher,4.467661580737736,5.642694391866354,3.3105890714493698,0.9284841140267291,1.8405162319306023,0.63,2.0,1.37,13.34,2.46,Inflation and commodity pressure dominate the rates regime and keep nominal repricing biased upward.,"Inflation pressure, commodity impulse, and nominal repricing dominate.",2015-02-27,"2015-02: Inflation Shock
Month-end: 2015-02-27
Avg regime probability: 0.52
Transition pressure: 0.32 (low)
Expectedness: macro-confirmed [macro_consistent:65%, mixed:20%, likely_flow_amplified:15%]
Curve: moderately steep; bear steepening; 2s10s +1.37%, 3m10y +1.98%, 5s30s +1.10%.
Market / macro: Breakeven 1.83% (+0.18), credit 2.46% (-0.15), VIX avg 15.8, oil 49.8 (+0.6).
Top drivers: inflation / oil impulse; flow unwind.
Top branch: inflation_persists (p=0.52)
Path: Inflation remains dominant and front-end repricing extends. Tomorrow: 2Y higher, 10Y higher. +1w: curve lower, credit higher. +1m: VIX higher. Transition pressure low.
Leaf scenario: Energy impulse re-accelerates; breakevens keep grinding higher",growth_scare,Growth Scare,recession_signal_strengthens,"Risk-off pressure broadens and rates price a deeper slowdown. Tomorrow: 2Y lower, 10Y lower. +1w: curve higher, credit higher. +1m: VIX higher. Transition pressure low.",not realized,0.2,"Not realized 1/5 tracked directions; misses: 2Y, 10Y, VIX, credit. Current month driven by inflation / oil impulse under macro-confirmed evidence."
2015-03,2015,3,growth_scare,0.4218547125089207,0.2956717473243298,macro_confirmed,disproportion,flow unwind,inflation / oil impulse,infla +0.39 | risk +0.35 | polic -0.25 | dispr -0.42 | trans +0.36,"moderately steep; bull steepening; 2s10s +1.38%, 3m10y +1.91%, 5s30s +1.17%.","Breakeven 1.76% (-0.07), credit 2.55% (+0.07), VIX avg 14.8, oil 47.7 (-1.9).","Risk-off pressure broadens and rates price a deeper slowdown. Tomorrow: 2Y lower, 10Y lower. +1w: curve higher, credit higher. +1m: VIX higher. Transition pressure low.",recession_signal_strengthens,0.49347645607034557,Risk-off pressure broadens and rates price a deeper slowdown.,Credit widening intensifies; VIX stays bid,lower,lower,higher,higher,higher,4.1036569057366385,5.548873759602038,3.30302891298275,0.8882695255382796,2.132486811213606,0.56,1.94,1.38,15.29,2.55,Growth and risk-off concerns dominate the month and push markets toward slower activity and defensive pricing.,"Growth slowdown, risk-off pressure, and wider spreads dominate.",2015-03-31,"2015-03: Growth Scare
Month-end: 2015-03-31
Avg regime probability: 0.42
Transition pressure: 0.30 (low)
Expectedness: macro-confirmed [macro_consistent:64%, mixed:27%, likely_flow_amplified:9%]
Curve: moderately steep; bull steepening; 2s10s +1.38%, 3m10y +1.91%, 5s30s +1.17%.
Market / macro: Breakeven 1.76% (-0.07), credit 2.55% (+0.07), VIX avg 14.8, oil 47.7 (-1.9).
Top drivers: flow unwind; inflation / oil impulse.
Top branch: recession_signal_strengthens (p=0.49)
Path: Risk-off pressure broadens and rates price a deeper slowdown. Tomorrow: 2Y lower, 10Y lower. +1w: curve higher, credit higher. +1m: VIX higher. Transition pressure low.
Leaf scenario: Credit widening intensifies; VIX stays bid",inflation_shock,Inflation Shock,inflation_persists,"Inflation remains dominant and front-end repricing extends. Tomorrow: 2Y higher, 10Y higher. +1w: curve lower, credit higher. +1m: VIX higher. Transition pressure low.",partially realized,0.4,"Partially realized 2/5 tracked directions; misses: 2Y, 10Y, 2s10s. Current month driven by flow unwind under macro-confirmed evidence."
2015-04,2015,4,inflation_shock,0.4370749847117378,0.21602415211854664,macro_confirmed,disproportion,flow amplification / surprise,risk-off / credit stress,infla +0.49 | risk +0.86 | polic +0.52 | dispr +1.81 | trans +0.17,"moderately steep; bear steepening; 2s10s +1.47%, 3m10y +2.04%, 5s30s +1.32%.","Breakeven 1.94% (+0.14), credit 2.60% (+0.05), VIX avg 13.5, oil 59.6 (+9.5).","Inflation remains dominant and front-end repricing extends. Tomorrow: 2Y higher, 10Y higher. +1w: curve lower, credit higher. +1m: VIX higher. Transition pressure low.",inflation_persists,0.5728153579971035,Inflation remains dominant and front-end repricing extends.,Energy impulse re-accelerates; breakevens keep grinding higher,higher,higher,lower,higher,higher,2.219797288042311,3.9909272105614737,3.024896692450834,0.7162848595356459,1.9461500456028644,0.58,2.05,1.4699999999999998,14.55,2.6,Inflation and commodity pressure dominate the rates regime and keep nominal repricing biased upward.,"Inflation pressure, commodity impulse, and nominal repricing dominate.",2015-04-30,"2015-04: Inflation Shock
Month-end: 2015-04-30
Avg regime probability: 0.44
Transition pressure: 0.22 (low)
Expectedness: macro-confirmed [macro_consistent:68%, mixed:23%, likely_flow_amplified:9%]
Curve: moderately steep; bear steepening; 2s10s +1.47%, 3m10y +2.04%, 5s30s +1.32%.
Market / macro: Breakeven 1.94% (+0.14), credit 2.60% (+0.05), VIX avg 13.5, oil 59.6 (+9.5).
Top drivers: flow amplification / surprise; risk-off / credit stress.
Top branch: inflation_persists (p=0.57)
Path: Inflation remains dominant and front-end repricing extends. Tomorrow: 2Y higher, 10Y higher. +1w: curve lower, credit higher. +1m: VIX higher. Transition pressure low.
Leaf scenario: Energy impulse re-accelerates; breakevens keep grinding higher",growth_scare,Growth Scare,recession_signal_strengthens,"Risk-off pressure broadens and rates price a deeper slowdown. Tomorrow: 2Y lower, 10Y lower. +1w: curve higher, credit higher. +1m: VIX higher. Transition pressure low.",partially realized,0.4,"Partially realized 2/5 tracked directions; misses: 2Y, 10Y, VIX. Current month driven by flow amplification / surprise under macro-confirmed evidence."
2015-05,2015,5,growth_scare,0.38488962613937,0.15526148883062582,macro_confirmed,disproportion,flow unwind,inflation / oil impulse,infla +0.33 | risk -0.18 | polic -0.12 | dispr -0.89 | trans +0.15,"steep; bear steepening; 2s10s +1.51%, 3m10y +2.11%, 5s30s +1.39%.","Breakeven 1.80% (-0.14), credit 2.72% (+0.11), VIX avg 13.3, oil 60.2 (+1.1).","Growth fears stop worsening and markets move toward a calmer range. Tomorrow: 2Y higher, 10Y higher. +1w: curve flat, credit lower. +1m: VIX lower. Transition pressure low.",stabilization,0.4125197235066269,Growth fears stop worsening and markets move toward a calmer range.,Volatility cools; credit stops widening,higher,higher,flat,lower,lower,2.459166525471588,5.282045058497694,4.165033013074433,0.8795117963961601,2.178875856950095,0.61,2.12,1.5100000000000002,13.84,2.72,Growth and risk-off concerns dominate the month and push markets toward slower activity and defensive pricing.,"Growth slowdown, risk-off pressure, and wider spreads dominate.",2015-05-29,"2015-05: Growth Scare
Month-end: 2015-05-29
Avg regime probability: 0.38
Transition pressure: 0.16 (low)
Expectedness: macro-confirmed [macro_consistent:43%, mixed:29%, likely_flow_amplified:29%]
Curve: steep; bear steepening; 2s10s +1.51%, 3m10y +2.11%, 5s30s +1.39%.
Market / macro: Breakeven 1.80% (-0.14), credit 2.72% (+0.11), VIX avg 13.3, oil 60.2 (+1.1).
Top drivers: flow unwind; inflation / oil impulse.
Top branch: stabilization (p=0.41)
Path: Growth fears stop worsening and markets move toward a calmer range. Tomorrow: 2Y higher, 10Y higher. +1w: curve flat, credit lower. +1m: VIX lower. Transition pressure low.
Leaf scenario: Volatility cools; credit stops widening",inflation_shock,Inflation Shock,inflation_persists,"Inflation remains dominant and front-end repricing extends. Tomorrow: 2Y higher, 10Y higher. +1w: curve lower, credit higher. +1m: VIX higher. Transition pressure low.",partially realized,0.6,"Partially realized 3/5 tracked directions; misses: 2s10s, VIX. Current month driven by flow unwind under macro-confirmed evidence."
2015-06,2015,6,growth_scare,0.41112445105767653,0.2019002005231558,macro_confirmed,transition,regime rotation pressure,risk relief,infla +0.15 | risk -0.39 | polic -0.17 | dispr -0.28 | trans +0.42,"steep; bear steepening; 2s10s +1.71%, 3m10y +2.34%, 5s30s +1.48%.","Breakeven 1.87% (+0.07), credit 2.83% (+0.08), VIX avg 14.3, oil 59.5 (-0.8).","Risk-off pressure broadens and rates price a deeper slowdown. Tomorrow: 2Y lower, 10Y lower. +1w: curve higher, credit higher. +1m: VIX higher. Transition pressure low.",recession_signal_strengthens,0.394128933853847,Risk-off pressure broadens and rates price a deeper slowdown.,Credit widening intensifies; VIX stays bid,lower,lower,higher,higher,higher,3.3911649915626314,7.371566997592852,4.726520919238596,1.3804581666968403,2.244994432064358,0.64,2.35,1.71,18.23,2.83,Growth and risk-off concerns dominate the month and push markets toward slower activity and defensive pricing.,"Growth slowdown, risk-off pressure, and wider spreads dominate.",2015-06-30,"2015-06: Growth Scare
Month-end: 2015-06-30
Avg regime probability: 0.41
Transition pressure: 0.20 (low)
Expectedness: macro-confirmed [macro_consistent:73%, mixed:18%, likely_flow_amplified:9%]
Curve: steep; bear steepening; 2s10s +1.71%, 3m10y +2.34%, 5s30s +1.48%.
Market / macro: Breakeven 1.87% (+0.07), credit 2.83% (+0.08), VIX avg 14.3, oil 59.5 (-0.8).
Top drivers: regime rotation pressure; risk relief.
Top branch: recession_signal_strengthens (p=0.39)
Path: Risk-off pressure broadens and rates price a deeper slowdown. Tomorrow: 2Y lower, 10Y lower. +1w: curve higher, credit higher. +1m: VIX higher. Transition pressure low.
Leaf scenario: Credit widening intensifies; VIX stays bid",growth_scare,Growth Scare,stabilization,"Growth fears stop worsening and markets move toward a calmer range. Tomorrow: 2Y higher, 10Y higher. +1w: curve flat, credit lower. +1m: VIX lower. Transition pressure low.",partially realized,0.4,"Partially realized 2/5 tracked directions; misses: 2s10s, VIX, credit. Current month driven by regime rotation pressure under macro-confirmed evidence."
2015-07,2015,7,policy_constraint,0.4253513782139977,0.25284940183067894,contested,risk,risk-off / credit stress,disinflation / oil fade,infla -0.74 | risk +0.84 | polic -0.37 | dispr -0.21 | trans +0.19,"steep; mixed repricing; 2s10s +1.53%, 3m10y +2.12%, 5s30s +1.38%.","Breakeven 1.74% (-0.15), credit 2.94% (+0.11), VIX avg 14.5, oil 47.1 (-9.8).","Policy pressure eases and front-end rates retrace without a major growth shock. Tomorrow: 2Y lower, 10Y lower. +1w: curve higher, credit lower. +1m: VIX lower. Transition pressure low.",front_end_relief,0.38215383263621355,Policy pressure eases and front-end rates retrace without a major growth shock.,Data moderation lowers the policy premium; vol declines,lower,lower,higher,lower,lower,3.118894034750137,5.049752469181035,2.9372606285449048,1.473048794168068,2.222611077089293,0.67,2.2,1.5300000000000002,12.12,2.94,The front end stays pinned by restrictive policy and the market prices a tight policy corridor as the main constraint.,Restrictive policy path and front-end repricing dominate more than broad risk stress.,2015-07-31,"2015-07: Policy Constraint
Month-end: 2015-07-31
Avg regime probability: 0.43
Transition pressure: 0.25 (low)
Expectedness: contested [macro_consistent:57%, mixed:39%, likely_flow_amplified:4%]
Curve: steep; mixed repricing; 2s10s +1.53%, 3m10y +2.12%, 5s30s +1.38%.
Market / macro: Breakeven 1.74% (-0.15), credit 2.94% (+0.11), VIX avg 14.5, oil 47.1 (-9.8).
Top drivers: risk-off / credit stress; disinflation / oil fade.
Top branch: front_end_relief (p=0.38)
Path: Policy pressure eases and front-end rates retrace without a major growth shock. Tomorrow: 2Y lower, 10Y lower. +1w: curve higher, credit lower. +1m: VIX lower. Transition pressure low.
Leaf scenario: Data moderation lowers the policy premium; vol declines",growth_scare,Growth Scare,recession_signal_strengthens,"Risk-off pressure broadens and rates price a deeper slowdown. Tomorrow: 2Y lower, 10Y lower. +1w: curve higher, credit higher. +1m: VIX higher. Transition pressure low.",partially realized,0.4,"Partially realized 2/5 tracked directions; misses: 2Y, 2s10s, VIX. Current month driven by risk-off / credit stress under contested evidence."
2015-08,2015,8,growth_scare,0.6008469901896071,0.25068049417176447,macro_confirmed,disproportion,flow amplification / surprise,inflation / oil impulse,infla +0.99 | risk +0.89 | polic +0.26 | dispr +1.00 | trans +0.34,"moderately steep; bear flattening; 2s10s +1.47%, 3m10y +2.13%, 5s30s +1.41%.","Breakeven 1.63% (-0.07), credit 3.15% (+0.23), VIX avg 19.4, oil 49.2 (+4.0).","Risk-off pressure broadens and rates price a deeper slowdown. Tomorrow: 2Y lower, 10Y lower. +1w: curve higher, credit higher. +1m: VIX higher. Transition pressure low.",recession_signal_strengthens,0.5328624480179259,Risk-off pressure broadens and rates price a deeper slowdown.,Credit widening intensifies; VIX stays bid,lower,lower,higher,higher,higher,3.7960505792204593,5.318599439702152,3.485326383568693,4.063751068901737,2.8508770580296896,0.74,2.21,1.47,28.43,3.15,Growth and risk-off concerns dominate the month and push markets toward slower activity and defensive pricing.,"Growth slowdown, risk-off pressure, and wider spreads dominate.",2015-08-31,"2015-08: Growth Scare
Month-end: 2015-08-31
Avg regime probability: 0.60
Transition pressure: 0.25 (low)
Expectedness: macro-confirmed [macro_consistent:57%, mixed:24%, likely_flow_amplified:19%]
Curve: moderately steep; bear flattening; 2s10s +1.47%, 3m10y +2.13%, 5s30s +1.41%.
Market / macro: Breakeven 1.63% (-0.07), credit 3.15% (+0.23), VIX avg 19.4, oil 49.2 (+4.0).
Top drivers: flow amplification / surprise; inflation / oil impulse.
Top branch: recession_signal_strengthens (p=0.53)
Path: Risk-off pressure broadens and rates price a deeper slowdown. Tomorrow: 2Y lower, 10Y lower. +1w: curve higher, credit higher. +1m: VIX higher. Transition pressure low.
Leaf scenario: Credit widening intensifies; VIX stays bid",policy_constraint,Policy Constraint,front_end_relief,"Policy pressure eases and front-end rates retrace without a major growth shock. Tomorrow: 2Y lower, 10Y lower. +1w: curve higher, credit lower. +1m: VIX lower. Transition pressure low.",not realized,0.0,"Not realized 0/5 tracked directions; misses: 2Y, 10Y, 2s10s, VIX, credit. Current month driven by flow amplification / surprise under macro-confirmed evidence."
2015-09,2015,9,growth_scare,0.4319028187887245,0.36642104986289803,macro_confirmed,transition,regime rotation pressure,inflation / oil impulse,infla +0.32 | risk -0.18 | polic -0.08 | dispr +0.06 | trans +0.39,"moderately steep; bull flattening; 2s10s +1.42%, 3m10y +2.06%, 5s30s +1.50%.","Breakeven 1.41% (-0.16), credit 3.29% (+0.11), VIX avg 24.5, oil 45.1 (-0.3).","Risk-off pressure broadens and rates price a deeper slowdown. Tomorrow: 2Y lower, 10Y lower. +1w: curve higher, credit higher. +1m: VIX higher. Transition pressure low.",recession_signal_strengthens,0.41977479313952093,Risk-off pressure broadens and rates price a deeper slowdown.,Credit widening intensifies; VIX stays bid,lower,lower,higher,higher,higher,3.929376540877699,5.119570294468083,2.9342801502242497,1.741072873259474,2.7459060435492018,0.64,2.06,1.42,24.5,3.29,Growth and risk-off concerns dominate the month and push markets toward slower activity and defensive pricing.,"Growth slowdown, risk-off pressure, and wider spreads dominate.",2015-09-30,"2015-09: Growth Scare
Month-end: 2015-09-30
Avg regime probability: 0.43
Transition pressure: 0.37 (low)
Expectedness: macro-confirmed [macro_consistent:68%, mixed:23%, likely_flow_amplified:9%]
Curve: moderately steep; bull flattening; 2s10s +1.42%, 3m10y +2.06%, 5s30s +1.50%.
Market / macro: Breakeven 1.41% (-0.16), credit 3.29% (+0.11), VIX avg 24.5, oil 45.1 (-0.3).
Top drivers: regime rotation pressure; inflation / oil impulse.
Top branch: recession_signal_strengthens (p=0.42)
Path: Risk-off pressure broadens and rates price a deeper slowdown. Tomorrow: 2Y lower, 10Y lower. +1w: curve higher, credit higher. +1m: VIX higher. Transition pressure low.
Leaf scenario: Credit widening intensifies; VIX stays bid",growth_scare,Growth Scare,recession_signal_strengthens,"Risk-off pressure broadens and rates price a deeper slowdown. Tomorrow: 2Y lower, 10Y lower. +1w: curve higher, credit higher. +1m: VIX higher. Transition pressure low.",partially realized,0.6,"Partially realized 3/5 tracked directions; misses: 2s10s, VIX. Current month driven by regime rotation pressure under macro-confirmed evidence."
2015-10,2015,10,inflation_shock,0.43754365335510775,0.19873553026367644,macro_confirmed,transition,regime rotation pressure,flow unwind,infla +0.27 | risk -0.09 | polic +0.27 | dispr -0.28 | trans +0.38,"moderately steep; bear flattening; 2s10s +1.41%, 3m10y +2.08%, 5s30s +1.41%.","Breakeven 1.53% (+0.07), credit 3.19% (-0.12), VIX avg 16.8, oil 46.6 (+1.9).","Inflation remains dominant and front-end repricing extends. Tomorrow: 2Y higher, 10Y higher. +1w: curve lower, credit higher. +1m: VIX higher. Transition pressure low.",inflation_persists,0.48830089990036163,Inflation remains dominant and front-end repricing extends.,Energy impulse re-accelerates; breakevens keep grinding higher,higher,higher,lower,higher,higher,3.2291639784935064,4.2927264063762545,2.810693864511038,0.9806185547908011,2.210769096943409,0.75,2.16,1.4100000000000001,15.07,3.19,Inflation and commodity pressure dominate the rates regime and keep nominal repricing biased upward.,"Inflation pressure, commodity impulse, and nominal repricing dominate.",2015-10-30,"2015-10: Inflation Shock
Month-end: 2015-10-30
Avg regime probability: 0.44
Transition pressure: 0.20 (low)
Expectedness: macro-confirmed [macro_consistent:73%, mixed:23%, likely_flow_amplified:5%]
Curve: moderately steep; bear flattening; 2s10s +1.41%, 3m10y +2.08%, 5s30s +1.41%.
Market / macro: Breakeven 1.53% (+0.07), credit 3.19% (-0.12), VIX avg 16.8, oil 46.6 (+1.9).
Top drivers: regime rotation pressure; flow unwind.
Top branch: inflation_persists (p=0.49)
Path: Inflation remains dominant and front-end repricing extends. Tomorrow: 2Y higher, 10Y higher. +1w: curve lower, credit higher. +1m: VIX higher. Transition pressure low.
Leaf scenario: Energy impulse re-accelerates; breakevens keep grinding higher",growth_scare,Growth Scare,recession_signal_strengthens,"Risk-off pressure broadens and rates price a deeper slowdown. Tomorrow: 2Y lower, 10Y lower. +1w: curve higher, credit higher. +1m: VIX higher. Transition pressure low.",not realized,0.0,"Not realized 0/5 tracked directions; misses: 2Y, 10Y, 2s10s, VIX, credit. Current month driven by regime rotation pressure under macro-confirmed evidence."
2015-11,2015,11,policy_constraint,0.4075365681473631,0.18524110163179874,macro_confirmed,disproportion,flow amplification / surprise,hawkish front-end pressure,infla -0.20 | risk +0.15 | polic +0.52 | dispr +0.96 | trans +0.19,"moderately steep; bear flattening; 2s10s +1.27%, 3m10y +1.99%, 5s30s +1.33%.","Breakeven 1.59% (+0.04), credit 3.20% (+0.02), VIX avg 16.2, oil 40.4 (-5.7).","The front end remains pinned by policy credibility and restrictive guidance. Tomorrow: 2Y higher, 10Y higher. +1w: curve lower, credit higher. +1m: VIX higher. Transition pressure low.",policy_stays_tight,0.51830274129566,The front end remains pinned by policy credibility and restrictive guidance.,Front-end yields grind higher; curve keeps flattening,higher,higher,lower,higher,higher,2.1277922830953213,2.6547127904916543,1.7492855684535877,1.2024803532698565,1.7291616465790611,0.94,2.21,1.27,16.13,3.2,The front end stays pinned by restrictive policy and the market prices a tight policy corridor as the main constraint.,Restrictive policy path and front-end repricing dominate more than broad risk stress.,2015-11-30,"2015-11: Policy Constraint
Month-end: 2015-11-30
Avg regime probability: 0.41
Transition pressure: 0.19 (low)
Expectedness: macro-confirmed [macro_consistent:67%, mixed:29%, likely_flow_amplified:5%]
Curve: moderately steep; bear flattening; 2s10s +1.27%, 3m10y +1.99%, 5s30s +1.33%.
Market / macro: Breakeven 1.59% (+0.04), credit 3.20% (+0.02), VIX avg 16.2, oil 40.4 (-5.7).
Top drivers: flow amplification / surprise; hawkish front-end pressure.
Top branch: policy_stays_tight (p=0.52)
Path: The front end remains pinned by policy credibility and restrictive guidance. Tomorrow: 2Y higher, 10Y higher. +1w: curve lower, credit higher. +1m: VIX higher. Transition pressure low.
Leaf scenario: Front-end yields grind higher; curve keeps flattening",inflation_shock,Inflation Shock,inflation_persists,"Inflation remains dominant and front-end repricing extends. Tomorrow: 2Y higher, 10Y higher. +1w: curve lower, credit higher. +1m: VIX higher. Transition pressure low.",realized,1.0,Realized 5/5 tracked directions; misses: none. Current month driven by flow amplification / surprise under macro-confirmed evidence.
2015-12,2015,12,mixed_transition,0.6548940378717796,0.36279334952290077,macro_confirmed,disproportion,flow unwind,risk-off / credit stress,infla +0.11 | risk +0.34 | polic -0.07 | dispr -0.40 | trans +0.17,"moderately steep; bear flattening; 2s10s +1.21%, 3m10y +2.11%, 5s30s +1.25%.","Breakeven 1.54% (-0.03), credit 3.23% (+0.02), VIX avg 17.9, oil 37.1 (-3.4).","A recent move mean-reverts as the initial catalyst loses traction. Tomorrow: 2Y lower, 10Y lower. +1w: curve higher, credit lower. +1m: VIX lower. Transition pressure low.",reversal,0.3598523072493264,A recent move mean-reverts as the initial catalyst loses traction.,Positioning unwinds; cross-asset confirmation fades,lower,lower,higher,lower,lower,3.2171415884290817,4.8999999999999995,2.5612496949731365,1.9782277421975458,2.1880356487041093,1.06,2.27,1.21,18.21,3.23,No single macro force dominates; the regime is contested and transition pressure is high.,"Signals disagree, transition pressure is elevated, and narrative coherence is weak.",2015-12-31,"2015-12: Mixed Transition
Month-end: 2015-12-31
Avg regime probability: 0.65
Transition pressure: 0.36 (low)
Expectedness: macro-confirmed [macro_consistent:57%, mixed:26%, likely_flow_amplified:17%]
Curve: moderately steep; bear flattening; 2s10s +1.21%, 3m10y +2.11%, 5s30s +1.25%.
Market / macro: Breakeven 1.54% (-0.03), credit 3.23% (+0.02), VIX avg 17.9, oil 37.1 (-3.4).
Top drivers: flow unwind; risk-off / credit stress.
Top branch: reversal (p=0.36)
Path: A recent move mean-reverts as the initial catalyst loses traction. Tomorrow: 2Y lower, 10Y lower. +1w: curve higher, credit lower. +1m: VIX lower. Transition pressure low.
Leaf scenario: Positioning unwinds; cross-asset confirmation fades",policy_constraint,Policy Constraint,policy_stays_tight,"The front end remains pinned by policy credibility and restrictive guidance. Tomorrow: 2Y higher, 10Y higher. +1w: curve lower, credit higher. +1m: VIX higher. Transition pressure low.",realized,1.0,Realized 5/5 tracked directions; misses: none. Current month driven by flow unwind under macro-confirmed evidence.
2016-01,2016,1,growth_scare,0.5953083063368197,0.32841244992882823,macro_confirmed,disproportion,flow unwind,policy relief,infla -0.07 | risk -0.70 | polic -0.97 | dispr -2.00 | trans +0.29,"moderately steep; bull flattening; 2s10s +1.18%, 3m10y +1.61%, 5s30s +1.42%.","Breakeven 1.41% (-0.13), credit 3.48% (+0.25), VIX avg 23.6, oil 33.7 (-3.5).","Growth fears stop worsening and markets move toward a calmer range. Tomorrow: 2Y higher, 10Y higher. +1w: curve flat, credit lower. +1m: VIX lower. Transition pressure low.",stabilization,0.5872331303952009,Growth fears stop worsening and markets move toward a calmer range.,Volatility cools; credit stops widening,higher,higher,flat,lower,lower,2.636285265292815,3.5252659474144674,2.1041625412500933,2.2019093419121507,2.6052830940226093,0.76,1.94,1.18,20.2,3.48,Growth and risk-off concerns dominate the month and push markets toward slower activity and defensive pricing.,"Growth slowdown, risk-off pressure, and wider spreads dominate.",2016-01-29,"2016-01: Growth Scare
Month-end: 2016-01-29
Avg regime probability: 0.60
Transition pressure: 0.33 (low)
Expectedness: macro-confirmed [macro_consistent:62%, mixed:33%, likely_flow_amplified:5%]
Curve: moderately steep; bull flattening; 2s10s +1.18%, 3m10y +1.61%, 5s30s +1.42%.
Market / macro: Breakeven 1.41% (-0.13), credit 3.48% (+0.25), VIX avg 23.6, oil 33.7 (-3.5).
Top drivers: flow unwind; policy relief.
Top branch: stabilization (p=0.59)
Path: Growth fears stop worsening and markets move toward a calmer range. Tomorrow: 2Y higher, 10Y higher. +1w: curve flat, credit lower. +1m: VIX lower. Transition pressure low.
Leaf scenario: Volatility cools; credit stops widening",mixed_transition,Mixed Transition,reversal,"A recent move mean-reverts as the initial catalyst loses traction. Tomorrow: 2Y lower, 10Y lower. +1w: curve higher, credit lower. +1m: VIX lower. Transition pressure low.",partially realized,0.4,"Partially realized 2/5 tracked directions; misses: 2s10s, VIX, credit. Current month driven by flow unwind under macro-confirmed evidence."
2016-02,2016,2,mixed_transition,0.6755758537705149,0.4345780362368656,macro_confirmed,disproportion,flow unwind,inflation / oil impulse,infla +0.43 | risk +0.09 | polic -0.25 | dispr -0.55 | trans +0.41,"moderately steep; mixed repricing; 2s10s +0.96%, 3m10y +1.41%, 5s30s +1.39%.","Breakeven 1.42% (+0.02), credit 3.55% (+0.06), VIX avg 22.7, oil 32.7 (+1.1).","A recent move mean-reverts as the initial catalyst loses traction. Tomorrow: 2Y lower, 10Y lower. +1w: curve higher, credit lower. +1m: VIX lower. Transition pressure low.",reversal,0.383937067338558,A recent move mean-reverts as the initial catalyst loses traction.,Positioning unwinds; cross-asset confirmation fades,lower,lower,higher,lower,lower,4.292726406376256,5.052474641203063,2.7928480087537886,1.3930874882791824,2.5119713374160924,0.78,1.74,0.96,20.55,3.55,No single macro force dominates; the regime is contested and transition pressure is high.,"Signals disagree, transition pressure is elevated, and narrative coherence is weak.",2016-02-29,"2016-02: Mixed Transition
Month-end: 2016-02-29
Avg regime probability: 0.68
Transition pressure: 0.43 (low)
Expectedness: macro-confirmed [macro_consistent:62%, mixed:24%, likely_flow_amplified:14%]
Curve: moderately steep; mixed repricing; 2s10s +0.96%, 3m10y +1.41%, 5s30s +1.39%.
Market / macro: Breakeven 1.42% (+0.02), credit 3.55% (+0.06), VIX avg 22.7, oil 32.7 (+1.1).
Top drivers: flow unwind; inflation / oil impulse.
Top branch: reversal (p=0.38)
Path: A recent move mean-reverts as the initial catalyst loses traction. Tomorrow: 2Y lower, 10Y lower. +1w: curve higher, credit lower. +1m: VIX lower. Transition pressure low.
Leaf scenario: Positioning unwinds; cross-asset confirmation fades",growth_scare,Growth Scare,stabilization,"Growth fears stop worsening and markets move toward a calmer range. Tomorrow: 2Y higher, 10Y higher. +1w: curve flat, credit lower. +1m: VIX lower. Transition pressure low.",not realized,0.2,"Not realized 1/5 tracked directions; misses: 10Y, 2s10s, VIX, credit. Current month driven by flow unwind under macro-confirmed evidence."
2016-03,2016,3,inflation_shock,0.5543897677880613,0.38960677458086557,macro_confirmed,inflation,disinflation / oil fade,risk-off / credit stress,infla -0.52 | risk +0.32 | polic -0.20 | dispr -0.31 | trans +0.16,"moderately steep; mixed repricing; 2s10s +1.05%, 3m10y +1.57%, 5s30s +1.40%.","Breakeven 1.62% (+0.14), credit 3.12% (-0.42), VIX avg 15.8, oil 36.9 (+2.5).","Inflation momentum cools and rates retrace toward a cleaner equilibrium. Tomorrow: 2Y lower, 10Y lower. +1w: curve higher, credit lower. +1m: VIX lower. Transition pressure low.",containment_normalization,0.3779959614673633,Inflation momentum cools and rates retrace toward a cleaner equilibrium.,Commodity impulse fades; policy credibility improves,lower,lower,higher,lower,lower,4.235563716909474,4.299709292498735,2.920188350089763,0.7624295049379978,2.6052830940226093,0.73,1.78,1.05,13.95,3.12,Inflation and commodity pressure dominate the rates regime and keep nominal repricing biased upward.,"Inflation pressure, commodity impulse, and nominal repricing dominate.",2016-03-31,"2016-03: Inflation Shock
Month-end: 2016-03-31
Avg regime probability: 0.55
Transition pressure: 0.39 (low)
Expectedness: macro-confirmed [macro_consistent:78%, mixed:13%, likely_flow_amplified:9%]
Curve: moderately steep; mixed repricing; 2s10s +1.05%, 3m10y +1.57%, 5s30s +1.40%.
Market / macro: Breakeven 1.62% (+0.14), credit 3.12% (-0.42), VIX avg 15.8, oil 36.9 (+2.5).
Top drivers: disinflation / oil fade; risk-off / credit stress.
Top branch: containment_normalization (p=0.38)
Path: Inflation momentum cools and rates retrace toward a cleaner equilibrium. Tomorrow: 2Y lower, 10Y lower. +1w: curve higher, credit lower. +1m: VIX lower. Transition pressure low.
Leaf scenario: Commodity impulse fades; policy credibility improves",mixed_transition,Mixed Transition,reversal,"A recent move mean-reverts as the initial catalyst loses traction. Tomorrow: 2Y lower, 10Y lower. +1w: curve higher, credit lower. +1m: VIX lower. Transition pressure low.",realized,0.8,Realized 4/5 tracked directions; misses: 10Y. Current month driven by disinflation / oil fade under macro-confirmed evidence.
2016-04,2016,4,inflation_shock,0.46398980958411834,0.33436334413201546,macro_confirmed,disproportion,flow unwind,regime rotation pressure,infla -0.18 | risk -0.24 | polic -0.12 | dispr -0.86 | trans +0.38,"moderately steep; bear steepening; 2s10s +1.06%, 3m10y +1.61%, 5s30s +1.38%.","Breakeven 1.71% (+0.09), credit 2.86% (-0.24), VIX avg 14.3, oil 46.0 (+10.6).","Inflation momentum cools and rates retrace toward a cleaner equilibrium. Tomorrow: 2Y lower, 10Y lower. +1w: curve higher, credit lower. +1m: VIX lower. Transition pressure low.",containment_normalization,0.42171792266512625,Inflation momentum cools and rates retrace toward a cleaner equilibrium.,Commodity impulse fades; policy credibility improves,lower,lower,higher,lower,lower,2.3339880033967613,3.627671429443411,1.9306734576307851,0.9252080847031119,1.5999999999999999,0.77,1.83,1.06,15.7,2.86,Inflation and commodity pressure dominate the rates regime and keep nominal repricing biased upward.,"Inflation pressure, commodity impulse, and nominal repricing dominate.",2016-04-29,"2016-04: Inflation Shock
Month-end: 2016-04-29
Avg regime probability: 0.46
Transition pressure: 0.33 (low)
Expectedness: macro-confirmed [macro_consistent:81%, mixed:19%, likely_flow_amplified:0%]
Curve: moderately steep; bear steepening; 2s10s +1.06%, 3m10y +1.61%, 5s30s +1.38%.
Market / macro: Breakeven 1.71% (+0.09), credit 2.86% (-0.24), VIX avg 14.3, oil 46.0 (+10.6).
Top drivers: flow unwind; regime rotation pressure.
Top branch: containment_normalization (p=0.42)
Path: Inflation momentum cools and rates retrace toward a cleaner equilibrium. Tomorrow: 2Y lower, 10Y lower. +1w: curve higher, credit lower. +1m: VIX lower. Transition pressure low.
Leaf scenario: Commodity impulse fades; policy credibility improves",inflation_shock,Inflation Shock,containment_normalization,"Inflation momentum cools and rates retrace toward a cleaner equilibrium. Tomorrow: 2Y lower, 10Y lower. +1w: curve higher, credit lower. +1m: VIX lower. Transition pressure low.",partially realized,0.4,"Partially realized 2/5 tracked directions; misses: 2Y, 10Y, VIX. Current month driven by flow unwind under macro-confirmed evidence."
2016-05,2016,5,policy_constraint,0.41413243988232856,0.16054076480736598,contested,inflation,disinflation / oil fade,flow unwind,infla -0.74 | risk +0.39 | polic -0.55 | dispr -0.57 | trans +0.16,"moderately steep; bear flattening; 2s10s +0.97%, 3m10y +1.50%, 5s30s +1.27%.","Breakeven 1.54% (-0.14), credit 2.84% (-0.02), VIX avg 14.8, oil 49.1 (+4.4).","Policy pressure eases and front-end rates retrace without a major growth shock. Tomorrow: 2Y lower, 10Y lower. +1w: curve higher, credit lower. +1m: VIX lower. Transition pressure low.",front_end_relief,0.47445063513319974,Policy pressure eases and front-end rates retrace without a major growth shock.,Data moderation lowers the policy premium; vol declines,lower,lower,higher,lower,lower,2.7276363393971734,3.395217224272995,2.0609463845524965,0.7282820538774794,1.16081867662439,0.87,1.84,0.9700000000000001,14.19,2.84,The front end stays pinned by restrictive policy and the market prices a tight policy corridor as the main constraint.,Restrictive policy path and front-end repricing dominate more than broad risk stress.,2016-05-31,"2016-05: Policy Constraint
Month-end: 2016-05-31
Avg regime probability: 0.41
Transition pressure: 0.16 (low)
Expectedness: contested [macro_consistent:50%, mixed:36%, likely_flow_amplified:14%]
Curve: moderately steep; bear flattening; 2s10s +0.97%, 3m10y +1.50%, 5s30s +1.27%.
Market / macro: Breakeven 1.54% (-0.14), credit 2.84% (-0.02), VIX avg 14.8, oil 49.1 (+4.4).
Top drivers: disinflation / oil fade; flow unwind.
Top branch: front_end_relief (p=0.47)
Path: Policy pressure eases and front-end rates retrace without a major growth shock. Tomorrow: 2Y lower, 10Y lower. +1w: curve higher, credit lower. +1m: VIX lower. Transition pressure low.
Leaf scenario: Data moderation lowers the policy premium; vol declines",inflation_shock,Inflation Shock,containment_normalization,"Inflation momentum cools and rates retrace toward a cleaner equilibrium. Tomorrow: 2Y lower, 10Y lower. +1w: curve higher, credit lower. +1m: VIX lower. Transition pressure low.",partially realized,0.4,"Partially realized 2/5 tracked directions; misses: 2Y, 10Y, 2s10s. Current month driven by disinflation / oil fade under contested evidence."
2016-06,2016,6,growth_scare,0.5172372067921581,0.24609442275214388,macro_confirmed,disproportion,flow unwind,policy relief,infla -0.23 | risk -0.15 | polic -0.77 | dispr -0.78 | trans +0.45,"moderately steep; bull flattening; 2s10s +0.91%, 3m10y +1.23%, 5s30s +1.29%.","Breakeven 1.40% (-0.14), credit 2.92% (+0.10), VIX avg 17.8, oil 48.3 (-0.8).","Risk-off pressure broadens and rates price a deeper slowdown. Tomorrow: 2Y lower, 10Y lower. +1w: curve higher, credit higher. +1m: VIX higher. Transition pressure low.",recession_signal_strengthens,0.49973207504375355,Risk-off pressure broadens and rates price a deeper slowdown.,Credit widening intensifies; VIX stays bid,lower,lower,higher,higher,higher,4.341370751272,5.562373594069353,2.8543825952384174,2.772722488818526,3.153965757582034,0.58,1.49,0.91,15.63,2.92,Growth and risk-off concerns dominate the month and push markets toward slower activity and defensive pricing.,"Growth slowdown, risk-off pressure, and wider spreads dominate.",2016-06-30,"2016-06: Growth Scare
Month-end: 2016-06-30
Avg regime probability: 0.52
Transition pressure: 0.25 (low)
Expectedness: macro-confirmed [macro_consistent:68%, mixed:27%, likely_flow_amplified:5%]
Curve: moderately steep; bull flattening; 2s10s +0.91%, 3m10y +1.23%, 5s30s +1.29%.
Market / macro: Breakeven 1.40% (-0.14), credit 2.92% (+0.10), VIX avg 17.8, oil 48.3 (-0.8).
Top drivers: flow unwind; policy relief.
Top branch: recession_signal_strengthens (p=0.50)
Path: Risk-off pressure broadens and rates price a deeper slowdown. Tomorrow: 2Y lower, 10Y lower. +1w: curve higher, credit higher. +1m: VIX higher. Transition pressure low.
Leaf scenario: Credit widening intensifies; VIX stays bid",policy_constraint,Policy Constraint,front_end_relief,"Policy pressure eases and front-end rates retrace without a major growth shock. Tomorrow: 2Y lower, 10Y lower. +1w: curve higher, credit lower. +1m: VIX lower. Transition pressure low.",partially realized,0.4,"Partially realized 2/5 tracked directions; misses: 2s10s, VIX, credit. Current month driven by flow unwind under macro-confirmed evidence."
2016-07,2016,7,policy_constraint,0.4283015027433711,0.22266602560991824,macro_confirmed,disproportion,flow unwind,policy relief,infla -0.45 | risk -0.05 | polic -0.54 | dispr -1.30 | trans +0.18,"moderately steep; mixed repricing; 2s10s +0.79%, 3m10y +1.18%, 5s30s +1.15%.","Breakeven 1.49% (+0.06), credit 2.71% (-0.15), VIX avg 13.2, oil 41.5 (-7.5).","Policy pressure eases and front-end rates retrace without a major growth shock. Tomorrow: 2Y lower, 10Y lower. +1w: curve higher, credit lower. +1m: VIX lower. Transition pressure low.",front_end_relief,0.5660790232315579,Policy pressure eases and front-end rates retrace without a major growth shock.,Data moderation lowers the policy premium; vol declines,lower,lower,higher,lower,lower,2.5961509971494316,4.560701700396551,3.4554305086342008,0.585290526149194,2.1418449990603863,0.67,1.46,0.7899999999999999,11.87,2.71,The front end stays pinned by restrictive policy and the market prices a tight policy corridor as the main constraint.,Restrictive policy path and front-end repricing dominate more than broad risk stress.,2016-07-29,"2016-07: Policy Constraint
Month-end: 2016-07-29
Avg regime probability: 0.43
Transition pressure: 0.22 (low)
Expectedness: macro-confirmed [macro_consistent:76%, mixed:24%, likely_flow_amplified:0%]
Curve: moderately steep; mixed repricing; 2s10s +0.79%, 3m10y +1.18%, 5s30s +1.15%.
Market / macro: Breakeven 1.49% (+0.06), credit 2.71% (-0.15), VIX avg 13.2, oil 41.5 (-7.5).
Top drivers: flow unwind; policy relief.
Top branch: front_end_relief (p=0.57)
Path: Policy pressure eases and front-end rates retrace without a major growth shock. Tomorrow: 2Y lower, 10Y lower. +1w: curve higher, credit lower. +1m: VIX lower. Transition pressure low.
Leaf scenario: Data moderation lowers the policy premium; vol declines",growth_scare,Growth Scare,recession_signal_strengthens,"Risk-off pressure broadens and rates price a deeper slowdown. Tomorrow: 2Y lower, 10Y lower. +1w: curve higher, credit higher. +1m: VIX higher. Transition pressure low.",not realized,0.2,"Not realized 1/5 tracked directions; misses: 2Y, 2s10s, VIX, credit. Current month driven by flow unwind under macro-confirmed evidence."
2016-08,2016,8,mixed_transition,0.5794941006932608,0.12595871549313978,contested,transition,regime rotation pressure,disinflation / oil fade,infla -0.08 | risk -0.01 | polic -0.08 | dispr -0.08 | trans +0.10,"moderately steep; bear flattening; 2s10s +0.78%, 3m10y +1.25%, 5s30s +1.04%.","Breakeven 1.47% (+0.01), credit 2.61% (-0.12), VIX avg 12.4, oil 44.7 (+4.6).","The system stabilizes and daily moves fade into a tighter range. Tomorrow: 2Y lower, 10Y lower. +1w: curve higher, credit lower. +1m: VIX lower. Transition pressure low.",containment,0.35242071746797093,The system stabilizes and daily moves fade into a tighter range.,Market internals calm; scenario dispersion compresses,lower,lower,higher,lower,lower,3.6643553321150515,3.9783790669065247,1.5652475842498543,0.5389025886002032,1.5771810295587532,0.8,1.58,0.78,13.42,2.61,No single macro force dominates; the regime is contested and transition pressure is high.,"Signals disagree, transition pressure is elevated, and narrative coherence is weak.",2016-08-31,"2016-08: Mixed Transition
Month-end: 2016-08-31
Avg regime probability: 0.58
Transition pressure: 0.13 (low)
Expectedness: contested [macro_consistent:39%, mixed:43%, likely_flow_amplified:17%]
Curve: moderately steep; bear flattening; 2s10s +0.78%, 3m10y +1.25%, 5s30s +1.04%.
Market / macro: Breakeven 1.47% (+0.01), credit 2.61% (-0.12), VIX avg 12.4, oil 44.7 (+4.6).
Top drivers: regime rotation pressure; disinflation / oil fade.
Top branch: containment (p=0.35)
Path: The system stabilizes and daily moves fade into a tighter range. Tomorrow: 2Y lower, 10Y lower. +1w: curve higher, credit lower. +1m: VIX lower. Transition pressure low.
Leaf scenario: Market internals calm; scenario dispersion compresses",policy_constraint,Policy Constraint,front_end_relief,"Policy pressure eases and front-end rates retrace without a major growth shock. Tomorrow: 2Y lower, 10Y lower. +1w: curve higher, credit lower. +1m: VIX lower. Transition pressure low.",not realized,0.2,"Not realized 1/5 tracked directions; misses: 2Y, 10Y, 2s10s, VIX. Current month driven by regime rotation pressure under contested evidence."
2016-09,2016,9,mixed_transition,0.6225322574816742,0.23704008489251133,contested,disproportion,flow amplification / surprise,inflation / oil impulse,infla +1.06 | risk -0.09 | polic +0.51 | dispr +1.41 | trans +0.18,"moderately steep; mixed repricing; 2s10s +0.83%, 3m10y +1.31%, 5s30s +1.18%.","Breakeven 1.60% (+0.15), credit 2.69% (+0.07), VIX avg 14.1, oil 47.7 (+4.5).","Existing moves extend as positioning and narrative momentum reinforce one another. Tomorrow: 2Y higher, 10Y higher. +1w: curve lower, credit higher. +1m: VIX higher. Transition pressure low.",amplification,0.768756317761021,Existing moves extend as positioning and narrative momentum reinforce one another.,Move broadens across rates and risk; flow pressure stays elevated,higher,higher,lower,higher,higher,2.3510635891017513,3.1937438845342627,2.43464576478797,1.7533524317717761,1.2288205727444537,0.77,1.6,0.8300000000000001,13.29,2.69,No single macro force dominates; the regime is contested and transition pressure is high.,"Signals disagree, transition pressure is elevated, and narrative coherence is weak.",2016-09-30,"2016-09: Mixed Transition
Month-end: 2016-09-30
Avg regime probability: 0.62
Transition pressure: 0.24 (low)
Expectedness: contested [macro_consistent:45%, mixed:36%, likely_flow_amplified:18%]
Curve: moderately steep; mixed repricing; 2s10s +0.83%, 3m10y +1.31%, 5s30s +1.18%.
Market / macro: Breakeven 1.60% (+0.15), credit 2.69% (+0.07), VIX avg 14.1, oil 47.7 (+4.5).
Top drivers: flow amplification / surprise; inflation / oil impulse.
Top branch: amplification (p=0.77)
Path: Existing moves extend as positioning and narrative momentum reinforce one another. Tomorrow: 2Y higher, 10Y higher. +1w: curve lower, credit higher. +1m: VIX higher. Transition pressure low.
Leaf scenario: Move broadens across rates and risk; flow pressure stays elevated",mixed_transition,Mixed Transition,containment,"The system stabilizes and daily moves fade into a tighter range. Tomorrow: 2Y lower, 10Y lower. +1w: curve higher, credit lower. +1m: VIX lower. Transition pressure low.",partially realized,0.4,"Partially realized 2/5 tracked directions; misses: 10Y, VIX, credit. Current month driven by flow amplification / surprise under contested evidence."
2016-10,2016,10,inflation_shock,0.412847008517208,0.15730089696593202,macro_confirmed,disproportion,flow amplification / surprise,risk-off / credit stress,infla -0.29 | risk +0.49 | polic +0.18 | dispr +0.80 | trans +0.17,"moderately steep; bear steepening; 2s10s +0.98%, 3m10y +1.50%, 5s30s +1.27%.","Breakeven 1.73% (+0.10), credit 2.61% (-0.05), VIX avg 14.6, oil 46.8 (-2.0).","Inflation remains dominant and front-end repricing extends. Tomorrow: 2Y higher, 10Y higher. +1w: curve lower, credit higher. +1m: VIX higher. Transition pressure low.",inflation_persists,0.4187009975515092,Inflation remains dominant and front-end repricing extends.,Energy impulse re-accelerates; breakevens keep grinding higher,higher,higher,lower,higher,higher,1.8466185312619374,2.9064583258667267,2.547057125390006,0.7496897691712219,1.7571283390805628,0.86,1.84,0.9800000000000001,17.06,2.61,Inflation and commodity pressure dominate the rates regime and keep nominal repricing biased upward.,"Inflation pressure, commodity impulse, and nominal repricing dominate.",2016-10-31,"2016-10: Inflation Shock
Month-end: 2016-10-31
Avg regime probability: 0.41
Transition pressure: 0.16 (low)
Expectedness: macro-confirmed [macro_consistent:67%, mixed:24%, likely_flow_amplified:10%]
Curve: moderately steep; bear steepening; 2s10s +0.98%, 3m10y +1.50%, 5s30s +1.27%.
Market / macro: Breakeven 1.73% (+0.10), credit 2.61% (-0.05), VIX avg 14.6, oil 46.8 (-2.0).
Top drivers: flow amplification / surprise; risk-off / credit stress.
Top branch: inflation_persists (p=0.42)
Path: Inflation remains dominant and front-end repricing extends. Tomorrow: 2Y higher, 10Y higher. +1w: curve lower, credit higher. +1m: VIX higher. Transition pressure low.
Leaf scenario: Energy impulse re-accelerates; breakevens keep grinding higher",mixed_transition,Mixed Transition,amplification,"Existing moves extend as positioning and narrative momentum reinforce one another. Tomorrow: 2Y higher, 10Y higher. +1w: curve lower, credit higher. +1m: VIX higher. Transition pressure low.",partially realized,0.6,"Partially realized 3/5 tracked directions; misses: 2s10s, credit. Current month driven by flow amplification / surprise under macro-confirmed evidence."
2016-11,2016,11,inflation_shock,0.5342306419547157,0.22272357665508746,macro_confirmed,inflation,inflation / oil impulse,regime rotation pressure,infla +2.00 | risk +0.06 | polic -0.18 | dispr -0.09 | trans +0.41,"moderately steep; bear steepening; 2s10s +1.26%, 3m10y +1.89%, 5s30s +1.19%.","Breakeven 1.94% (+0.22), credit 2.45% (-0.16), VIX avg 15.1, oil 49.4 (+2.8).","Inflation remains dominant and front-end repricing extends. Tomorrow: 2Y higher, 10Y higher. +1w: curve lower, credit higher. +1m: VIX higher. Transition pressure low.",inflation_persists,0.707315610212123,Inflation remains dominant and front-end repricing extends.,Energy impulse re-accelerates; breakevens keep grinding higher,higher,higher,lower,higher,higher,2.5592967784139464,5.278257288158657,4.0261644278394835,1.463695579688618,2.364318083507376,1.11,2.37,1.26,13.33,2.45,Inflation and commodity pressure dominate the rates regime and keep nominal repricing biased upward.,"Inflation pressure, commodity impulse, and nominal repricing dominate.",2016-11-30,"2016-11: Inflation Shock
Month-end: 2016-11-30
Avg regime probability: 0.53
Transition pressure: 0.22 (low)
Expectedness: macro-confirmed [macro_consistent:59%, mixed:27%, likely_flow_amplified:14%]
Curve: moderately steep; bear steepening; 2s10s +1.26%, 3m10y +1.89%, 5s30s +1.19%.
Market / macro: Breakeven 1.94% (+0.22), credit 2.45% (-0.16), VIX avg 15.1, oil 49.4 (+2.8).
Top drivers: inflation / oil impulse; regime rotation pressure.
Top branch: inflation_persists (p=0.71)
Path: Inflation remains dominant and front-end repricing extends. Tomorrow: 2Y higher, 10Y higher. +1w: curve lower, credit higher. +1m: VIX higher. Transition pressure low.
Leaf scenario: Energy impulse re-accelerates; breakevens keep grinding higher",inflation_shock,Inflation Shock,inflation_persists,"Inflation remains dominant and front-end repricing extends. Tomorrow: 2Y higher, 10Y higher. +1w: curve lower, credit higher. +1m: VIX higher. Transition pressure low.",partially realized,0.4,"Partially realized 2/5 tracked directions; misses: 2s10s, VIX, credit. Current month driven by inflation / oil impulse under macro-confirmed evidence."
2016-12,2016,12,inflation_shock,0.39184909890275266,0.1938541005298976,macro_confirmed,risk,risk-off / credit stress,flow unwind,infla +0.17 | risk +0.47 | polic -0.07 | dispr -0.29 | trans +0.11,"moderately steep; bear flattening; 2s10s +1.25%, 3m10y +1.94%, 5s30s +1.13%.","Breakeven 1.95% (-0.02), credit 2.28% (-0.14), VIX avg 12.4, oil 53.8 (+2.7).","Inflation remains dominant and front-end repricing extends. Tomorrow: 2Y higher, 10Y higher. +1w: curve lower, credit higher. +1m: VIX higher. Transition pressure low.",inflation_persists,0.39710958280667613,Inflation remains dominant and front-end repricing extends.,Energy impulse re-accelerates; breakevens keep grinding higher,higher,higher,lower,higher,higher,3.3237779709240516,3.8454518590147555,2.731300056749539,0.6685312258974894,2.6851443164195055,1.2,2.45,1.2500000000000002,14.04,2.28,Inflation and commodity pressure dominate the rates regime and keep nominal repricing biased upward.,"Inflation pressure, commodity impulse, and nominal repricing dominate.",2016-12-30,"2016-12: Inflation Shock
Month-end: 2016-12-30
Avg regime probability: 0.39
Transition pressure: 0.19 (low)
Expectedness: macro-confirmed [macro_consistent:77%, mixed:9%, likely_flow_amplified:14%]
Curve: moderately steep; bear flattening; 2s10s +1.25%, 3m10y +1.94%, 5s30s +1.13%.
Market / macro: Breakeven 1.95% (-0.02), credit 2.28% (-0.14), VIX avg 12.4, oil 53.8 (+2.7).
Top drivers: risk-off / credit stress; flow unwind.
Top branch: inflation_persists (p=0.40)
Path: Inflation remains dominant and front-end repricing extends. Tomorrow: 2Y higher, 10Y higher. +1w: curve lower, credit higher. +1m: VIX higher. Transition pressure low.
Leaf scenario: Energy impulse re-accelerates; breakevens keep grinding higher",inflation_shock,Inflation Shock,inflation_persists,"Inflation remains dominant and front-end repricing extends. Tomorrow: 2Y higher, 10Y higher. +1w: curve lower, credit higher. +1m: VIX higher. Transition pressure low.",partially realized,0.6,"Partially realized 3/5 tracked directions; misses: 2s10s, credit. Current month driven by risk-off / credit stress under macro-confirmed evidence."
2017-01,2017,1,inflation_shock,0.3915683883106179,0.11960855330306598,macro_confirmed,disproportion,flow unwind,disinflation / oil fade,infla -0.33 | risk +0.33 | polic -0.29 | dispr -0.35 | trans +0.10,"moderately steep; bull steepening; 2s10s +1.26%, 3m10y +1.93%, 5s30s +1.15%.","Breakeven 2.05% (+0.10), credit 2.23% (-0.05), VIX avg 11.7, oil 52.8 (-1.0).","Inflation momentum cools and rates retrace toward a cleaner equilibrium. Tomorrow: 2Y lower, 10Y lower. +1w: curve higher, credit lower. +1m: VIX lower. Transition pressure low.",containment_normalization,0.3670386182041844,Inflation momentum cools and rates retrace toward a cleaner equilibrium.,Commodity impulse fades; policy credibility improves,lower,lower,higher,lower,lower,3.4391132578035317,4.711687595755891,2.43464576478796,0.5551855545671195,1.720465053408519,1.19,2.45,1.2600000000000002,11.99,2.23,Inflation and commodity pressure dominate the rates regime and keep nominal repricing biased upward.,"Inflation pressure, commodity impulse, and nominal repricing dominate.",2017-01-31,"2017-01: Inflation Shock
Month-end: 2017-01-31
Avg regime probability: 0.39
Transition pressure: 0.12 (low)
Expectedness: macro-confirmed [macro_consistent:64%, mixed:27%, likely_flow_amplified:9%]
Curve: moderately steep; bull steepening; 2s10s +1.26%, 3m10y +1.93%, 5s30s +1.15%.
Market / macro: Breakeven 2.05% (+0.10), credit 2.23% (-0.05), VIX avg 11.7, oil 52.8 (-1.0).
Top drivers: flow unwind; disinflation / oil fade.
Top branch: containment_normalization (p=0.37)
Path: Inflation momentum cools and rates retrace toward a cleaner equilibrium. Tomorrow: 2Y lower, 10Y lower. +1w: curve higher, credit lower. +1m: VIX lower. Transition pressure low.
Leaf scenario: Commodity impulse fades; policy credibility improves",inflation_shock,Inflation Shock,inflation_persists,"Inflation remains dominant and front-end repricing extends. Tomorrow: 2Y higher, 10Y higher. +1w: curve lower, credit higher. +1m: VIX higher. Transition pressure low.",not realized,0.0,"Not realized 0/5 tracked directions; misses: 2Y, 10Y, 2s10s, VIX, credit. Current month driven by flow unwind under macro-confirmed evidence."
2017-02,2017,2,policy_constraint,0.377753951583482,0.11173347623984539,macro_confirmed,disproportion,flow amplification / surprise,hawkish front-end pressure,infla +0.17 | risk +0.16 | polic +0.43 | dispr +0.44 | trans +0.11,"moderately steep; mixed repricing; 2s10s +1.14%, 3m10y +1.83%, 5s30s +1.08%.","Breakeven 2.02% (-0.03), credit 2.19% (-0.04), VIX avg 11.5, oil 54.0 (+0.1).","The front end remains pinned by policy credibility and restrictive guidance. Tomorrow: 2Y higher, 10Y higher. +1w: curve lower, credit higher. +1m: VIX higher. Transition pressure low.",policy_stays_tight,0.5014863127226343,The front end remains pinned by policy credibility and restrictive guidance.,Front-end yields grind higher; curve keeps flattening,higher,higher,lower,higher,higher,3.4391132578035273,3.9048047326338837,1.7146428199482264,0.46889524416440803,1.2083045973594546,1.22,2.36,1.14,12.92,2.19,The front end stays pinned by restrictive policy and the market prices a tight policy corridor as the main constraint.,Restrictive policy path and front-end repricing dominate more than broad risk stress.,2017-02-28,"2017-02: Policy Constraint
Month-end: 2017-02-28
Avg regime probability: 0.38
Transition pressure: 0.11 (low)
Expectedness: macro-confirmed [macro_consistent:60%, mixed:30%, likely_flow_amplified:10%]
Curve: moderately steep; mixed repricing; 2s10s +1.14%, 3m10y +1.83%, 5s30s +1.08%.
Market / macro: Breakeven 2.02% (-0.03), credit 2.19% (-0.04), VIX avg 11.5, oil 54.0 (+0.1).
Top drivers: flow amplification / surprise; hawkish front-end pressure.
Top branch: policy_stays_tight (p=0.50)
Path: The front end remains pinned by policy credibility and restrictive guidance. Tomorrow: 2Y higher, 10Y higher. +1w: curve lower, credit higher. +1m: VIX higher. Transition pressure low.
Leaf scenario: Front-end yields grind higher; curve keeps flattening",inflation_shock,Inflation Shock,containment_normalization,"Inflation momentum cools and rates retrace toward a cleaner equilibrium. Tomorrow: 2Y lower, 10Y lower. +1w: curve higher, credit lower. +1m: VIX lower. Transition pressure low.",partially realized,0.4,"Partially realized 2/5 tracked directions; misses: 2Y, 2s10s, VIX. Current month driven by flow amplification / surprise under macro-confirmed evidence."
2017-03,2017,3,policy_constraint,0.3584656863279929,0.12024254246068762,macro_confirmed,risk,risk-off / credit stress,inflation / oil impulse,infla +0.21 | risk +0.61 | polic -0.04 | dispr +0.10 | trans +0.12,"moderately steep; bear flattening; 2s10s +1.13%, 3m10y +1.64%, 5s30s +1.09%.","Breakeven 1.97% (-0.06), credit 2.24% (+0.06), VIX avg 11.9, oil 50.5 (-3.3).","The front end remains pinned by policy credibility and restrictive guidance. Tomorrow: 2Y higher, 10Y higher. +1w: curve lower, credit higher. +1m: VIX higher. Transition pressure low.",policy_stays_tight,0.3826993371951705,The front end remains pinned by policy credibility and restrictive guidance.,Front-end yields grind higher; curve keeps flattening,higher,higher,lower,higher,higher,2.662235902394825,3.427462618322775,1.5362291495737286,0.5389292625196745,1.1135528725660053,1.27,2.4,1.13,12.37,2.24,The front end stays pinned by restrictive policy and the market prices a tight policy corridor as the main constraint.,Restrictive policy path and front-end repricing dominate more than broad risk stress.,2017-03-31,"2017-03: Policy Constraint
Month-end: 2017-03-31
Avg regime probability: 0.36
Transition pressure: 0.12 (low)
Expectedness: macro-confirmed [macro_consistent:70%, mixed:22%, likely_flow_amplified:9%]
Curve: moderately steep; bear flattening; 2s10s +1.13%, 3m10y +1.64%, 5s30s +1.09%.
Market / macro: Breakeven 1.97% (-0.06), credit 2.24% (+0.06), VIX avg 11.9, oil 50.5 (-3.3).
Top drivers: risk-off / credit stress; inflation / oil impulse.
Top branch: policy_stays_tight (p=0.38)
Path: The front end remains pinned by policy credibility and restrictive guidance. Tomorrow: 2Y higher, 10Y higher. +1w: curve lower, credit higher. +1m: VIX higher. Transition pressure low.
Leaf scenario: Front-end yields grind higher; curve keeps flattening",policy_constraint,Policy Constraint,policy_stays_tight,"The front end remains pinned by policy credibility and restrictive guidance. Tomorrow: 2Y higher, 10Y higher. +1w: curve lower, credit higher. +1m: VIX higher. Transition pressure low.",realized,0.8,Realized 4/5 tracked directions; misses: VIX. Current month driven by risk-off / credit stress under macro-confirmed evidence.
2017-04,2017,4,policy_constraint,0.37993126094689195,0.13655570472777673,contested,disproportion,flow amplification / surprise,hawkish front-end pressure,infla +0.23 | risk +0.28 | polic +0.74 | dispr +1.25 | trans +0.11,"moderately steep; mixed repricing; 2s10s +1.01%, 3m10y +1.49%, 5s30s +1.15%.","Breakeven 1.92% (-0.04), credit 2.28% (+0.02), VIX avg 13.3, oil 49.3 (-0.9).","The front end remains pinned by policy credibility and restrictive guidance. Tomorrow: 2Y higher, 10Y higher. +1w: curve lower, credit higher. +1m: VIX higher. Transition pressure low.",policy_stays_tight,0.5832776399900221,The front end remains pinned by policy credibility and restrictive guidance.,Front-end yields grind higher; curve keeps flattening,higher,higher,lower,higher,higher,2.6921181251943636,3.625948151863173,2.0346989949375733,1.0619363210663813,1.5999999999999963,1.28,2.29,1.01,10.82,2.28,The front end stays pinned by restrictive policy and the market prices a tight policy corridor as the main constraint.,Restrictive policy path and front-end repricing dominate more than broad risk stress.,2017-04-28,"2017-04: Policy Constraint
Month-end: 2017-04-28
Avg regime probability: 0.38
Transition pressure: 0.14 (low)
Expectedness: contested [macro_consistent:65%, mixed:35%, likely_flow_amplified:0%]
Curve: moderately steep; mixed repricing; 2s10s +1.01%, 3m10y +1.49%, 5s30s +1.15%.
Market / macro: Breakeven 1.92% (-0.04), credit 2.28% (+0.02), VIX avg 13.3, oil 49.3 (-0.9).
Top drivers: flow amplification / surprise; hawkish front-end pressure.
Top branch: policy_stays_tight (p=0.58)
Path: The front end remains pinned by policy credibility and restrictive guidance. Tomorrow: 2Y higher, 10Y higher. +1w: curve lower, credit higher. +1m: VIX higher. Transition pressure low.
Leaf scenario: Front-end yields grind higher; curve keeps flattening",policy_constraint,Policy Constraint,policy_stays_tight,"The front end remains pinned by policy credibility and restrictive guidance. Tomorrow: 2Y higher, 10Y higher. +1w: curve lower, credit higher. +1m: VIX higher. Transition pressure low.",partially realized,0.6,"Partially realized 3/5 tracked directions; misses: 10Y, VIX. Current month driven by flow amplification / surprise under contested evidence."
2017-05,2017,5,policy_constraint,0.37463012593978656,0.20156781690619868,macro_confirmed,disproportion,flow unwind,risk relief,infla -0.20 | risk -0.29 | polic +0.00 | dispr -0.44 | trans +0.13,"moderately steep; bull flattening; 2s10s +0.93%, 3m10y +1.23%, 5s30s +1.12%.","Breakeven 1.81% (-0.11), credit 2.23% (-0.06), VIX avg 10.8, oil 48.3 (-0.5).","Policy pressure eases and front-end rates retrace without a major growth shock. Tomorrow: 2Y lower, 10Y lower. +1w: curve higher, credit lower. +1m: VIX lower. Transition pressure low.",front_end_relief,0.39399410610788144,Policy pressure eases and front-end rates retrace without a major growth shock.,Data moderation lowers the policy premium; vol declines,lower,lower,higher,lower,lower,2.1656407827707738,3.397057550292604,2.0856653614614205,1.3285152426675424,1.4142135623730838,1.28,2.21,0.9299999999999999,10.41,2.23,The front end stays pinned by restrictive policy and the market prices a tight policy corridor as the main constraint.,Restrictive policy path and front-end repricing dominate more than broad risk stress.,2017-05-31,"2017-05: Policy Constraint
Month-end: 2017-05-31
Avg regime probability: 0.37
Transition pressure: 0.20 (low)
Expectedness: macro-confirmed [macro_consistent:74%, mixed:13%, likely_flow_amplified:13%]
Curve: moderately steep; bull flattening; 2s10s +0.93%, 3m10y +1.23%, 5s30s +1.12%.
Market / macro: Breakeven 1.81% (-0.11), credit 2.23% (-0.06), VIX avg 10.8, oil 48.3 (-0.5).
Top drivers: flow unwind; risk relief.
Top branch: front_end_relief (p=0.39)
Path: Policy pressure eases and front-end rates retrace without a major growth shock. Tomorrow: 2Y lower, 10Y lower. +1w: curve higher, credit lower. +1m: VIX lower. Transition pressure low.
Leaf scenario: Data moderation lowers the policy premium; vol declines",policy_constraint,Policy Constraint,policy_stays_tight,"The front end remains pinned by policy credibility and restrictive guidance. Tomorrow: 2Y higher, 10Y higher. +1w: curve lower, credit higher. +1m: VIX higher. Transition pressure low.",not realized,0.2,"Not realized 1/5 tracked directions; misses: 2Y, 10Y, VIX, credit. Current month driven by flow unwind under macro-confirmed evidence."
2017-06,2017,6,policy_constraint,0.3916577101730752,0.14723491094874638,macro_confirmed,disproportion,flow unwind,risk relief,infla +0.37 | risk -0.47 | polic -0.35 | dispr -0.70 | trans +0.16,"moderately steep; bear steepening; 2s10s +0.93%, 3m10y +1.28%, 5s30s +0.95%.","Breakeven 1.73% (-0.08), credit 2.09% (-0.15), VIX avg 10.5, oil 46.0 (-2.3).","Policy pressure eases and front-end rates retrace without a major growth shock. Tomorrow: 2Y lower, 10Y lower. +1w: curve higher, credit lower. +1m: VIX lower. Transition pressure low.",front_end_relief,0.4780816818625465,Policy pressure eases and front-end rates retrace without a major growth shock.,Data moderation lowers the policy premium; vol declines,lower,lower,higher,lower,lower,2.3558437978779443,3.0099833886584797,2.471841418861654,0.6144776236772176,1.40978721798717,1.38,2.31,0.9300000000000002,11.18,2.09,The front end stays pinned by restrictive policy and the market prices a tight policy corridor as the main constraint.,Restrictive policy path and front-end repricing dominate more than broad risk stress.,2017-06-30,"2017-06: Policy Constraint
Month-end: 2017-06-30
Avg regime probability: 0.39
Transition pressure: 0.15 (low)
Expectedness: macro-confirmed [macro_consistent:45%, mixed:32%, likely_flow_amplified:23%]
Curve: moderately steep; bear steepening; 2s10s +0.93%, 3m10y +1.28%, 5s30s +0.95%.
Market / macro: Breakeven 1.73% (-0.08), credit 2.09% (-0.15), VIX avg 10.5, oil 46.0 (-2.3).
Top drivers: flow unwind; risk relief.
Top branch: front_end_relief (p=0.48)
Path: Policy pressure eases and front-end rates retrace without a major growth shock. Tomorrow: 2Y lower, 10Y lower. +1w: curve higher, credit lower. +1m: VIX lower. Transition pressure low.
Leaf scenario: Data moderation lowers the policy premium; vol declines",policy_constraint,Policy Constraint,front_end_relief,"Policy pressure eases and front-end rates retrace without a major growth shock. Tomorrow: 2Y lower, 10Y lower. +1w: curve higher, credit lower. +1m: VIX lower. Transition pressure low.",not realized,0.2,"Not realized 1/5 tracked directions; misses: 2Y, 10Y, 2s10s, VIX. Current month driven by flow unwind under macro-confirmed evidence."
2017-07,2017,7,inflation_shock,0.39899299269569827,0.1387150490265135,macro_confirmed,disproportion,flow amplification / surprise,risk-off / credit stress,infla -0.10 | risk +0.10 | polic +0.00 | dispr +0.51 | trans +0.09,"moderately steep; bull steepening; 2s10s +0.96%, 3m10y +1.23%, 5s30s +1.05%.","Breakeven 1.82% (+0.07), credit 2.06% (-0.01), VIX avg 10.3, oil 50.2 (+4.2).","Inflation remains dominant and front-end repricing extends. Tomorrow: 2Y higher, 10Y higher. +1w: curve lower, credit higher. +1m: VIX higher. Transition pressure low.",inflation_persists,0.45631254957261125,Inflation remains dominant and front-end repricing extends.,Energy impulse re-accelerates; breakevens keep grinding higher,higher,higher,lower,higher,higher,1.6209565077447279,2.8262165522125176,2.2113344387496014,0.5101725198401026,1.0234744745229425,1.34,2.3,0.9599999999999997,10.26,2.06,Inflation and commodity pressure dominate the rates regime and keep nominal repricing biased upward.,"Inflation pressure, commodity impulse, and nominal repricing dominate.",2017-07-31,"2017-07: Inflation Shock
Month-end: 2017-07-31
Avg regime probability: 0.40
Transition pressure: 0.14 (low)
Expectedness: macro-confirmed [macro_consistent:67%, mixed:24%, likely_flow_amplified:10%]
Curve: moderately steep; bull steepening; 2s10s +0.96%, 3m10y +1.23%, 5s30s +1.05%.
Market / macro: Breakeven 1.82% (+0.07), credit 2.06% (-0.01), VIX avg 10.3, oil 50.2 (+4.2).
Top drivers: flow amplification / surprise; risk-off / credit stress.
Top branch: inflation_persists (p=0.46)
Path: Inflation remains dominant and front-end repricing extends. Tomorrow: 2Y higher, 10Y higher. +1w: curve lower, credit higher. +1m: VIX higher. Transition pressure low.
Leaf scenario: Energy impulse re-accelerates; breakevens keep grinding higher",policy_constraint,Policy Constraint,front_end_relief,"Policy pressure eases and front-end rates retrace without a major growth shock. Tomorrow: 2Y lower, 10Y lower. +1w: curve higher, credit lower. +1m: VIX lower. Transition pressure low.",realized,1.0,Realized 5/5 tracked directions; misses: none. Current month driven by flow amplification / surprise under macro-confirmed evidence.
2017-08,2017,8,growth_scare,0.39283362273581784,0.2875104566700172,contested,risk,risk relief,flow unwind,infla +0.21 | risk -0.41 | polic +0.27 | dispr -0.39 | trans +0.17,"moderately steep; bull flattening; 2s10s +0.79%, 3m10y +1.11%, 5s30s +1.03%.","Breakeven 1.76% (-0.03), credit 2.14% (+0.08), VIX avg 12.0, oil 47.3 (-1.9).","Growth fears stop worsening and markets move toward a calmer range. Tomorrow: 2Y higher, 10Y higher. +1w: curve flat, credit lower. +1m: VIX lower. Transition pressure low.",stabilization,0.40471353382953984,Growth fears stop worsening and markets move toward a calmer range.,Volatility cools; credit stops widening,higher,higher,flat,lower,lower,1.6271140095272993,3.1048349392520067,2.418160457868752,1.722346872729184,1.2439855304624745,1.33,2.12,0.79,10.59,2.14,Growth and risk-off concerns dominate the month and push markets toward slower activity and defensive pricing.,"Growth slowdown, risk-off pressure, and wider spreads dominate.",2017-08-31,"2017-08: Growth Scare
Month-end: 2017-08-31
Avg regime probability: 0.39
Transition pressure: 0.29 (low)
Expectedness: contested [macro_consistent:52%, mixed:39%, likely_flow_amplified:9%]
Curve: moderately steep; bull flattening; 2s10s +0.79%, 3m10y +1.11%, 5s30s +1.03%.
Market / macro: Breakeven 1.76% (-0.03), credit 2.14% (+0.08), VIX avg 12.0, oil 47.3 (-1.9).
Top drivers: risk relief; flow unwind.
Top branch: stabilization (p=0.40)
Path: Growth fears stop worsening and markets move toward a calmer range. Tomorrow: 2Y higher, 10Y higher. +1w: curve flat, credit lower. +1m: VIX lower. Transition pressure low.
Leaf scenario: Volatility cools; credit stops widening",inflation_shock,Inflation Shock,inflation_persists,"Inflation remains dominant and front-end repricing extends. Tomorrow: 2Y higher, 10Y higher. +1w: curve lower, credit higher. +1m: VIX higher. Transition pressure low.",partially realized,0.6,"Partially realized 3/5 tracked directions; misses: 2Y, 10Y. Current month driven by risk relief under contested evidence."
2017-09,2017,9,inflation_shock,0.4411077406710733,0.2006199278679562,macro_confirmed,risk,risk relief,disinflation / oil fade,infla -0.52 | risk -0.77 | polic +0.26 | dispr -0.09 | trans +0.13,"moderately steep; bear steepening; 2s10s +0.86%, 3m10y +1.27%, 5s30s +0.94%.","Breakeven 1.84% (+0.05), credit 2.00% (-0.15), VIX avg 10.4, oil 51.7 (+4.4).","Inflation remains dominant and front-end repricing extends. Tomorrow: 2Y higher, 10Y higher. +1w: curve lower, credit higher. +1m: VIX higher. Transition pressure low.",inflation_persists,0.45741479444452976,Inflation remains dominant and front-end repricing extends.,Energy impulse re-accelerates; breakevens keep grinding higher,higher,higher,lower,higher,higher,2.3323807579381217,3.771935842508461,2.1880356487041084,0.6276694990199856,1.6695807857064013,1.47,2.33,0.8600000000000001,9.51,2.0,Inflation and commodity pressure dominate the rates regime and keep nominal repricing biased upward.,"Inflation pressure, commodity impulse, and nominal repricing dominate.",2017-09-29,"2017-09: Inflation Shock
Month-end: 2017-09-29
Avg regime probability: 0.44
Transition pressure: 0.20 (low)
Expectedness: macro-confirmed [macro_consistent:67%, mixed:29%, likely_flow_amplified:5%]
Curve: moderately steep; bear steepening; 2s10s +0.86%, 3m10y +1.27%, 5s30s +0.94%.
Market / macro: Breakeven 1.84% (+0.05), credit 2.00% (-0.15), VIX avg 10.4, oil 51.7 (+4.4).
Top drivers: risk relief; disinflation / oil fade.
Top branch: inflation_persists (p=0.46)
Path: Inflation remains dominant and front-end repricing extends. Tomorrow: 2Y higher, 10Y higher. +1w: curve lower, credit higher. +1m: VIX higher. Transition pressure low.
Leaf scenario: Energy impulse re-accelerates; breakevens keep grinding higher",growth_scare,Growth Scare,stabilization,"Growth fears stop worsening and markets move toward a calmer range. Tomorrow: 2Y higher, 10Y higher. +1w: curve flat, credit lower. +1m: VIX lower. Transition pressure low.",realized,0.8,Realized 4/5 tracked directions; misses: 2s10s. Current month driven by risk relief under macro-confirmed evidence.
2017-10,2017,10,mixed_transition,0.5742079796456021,0.1405422889897911,macro_confirmed,disproportion,flow amplification / surprise,risk relief,infla +0.21 | risk -0.37 | polic +0.35 | dispr +0.40 | trans +0.12,"moderately steep; bear flattening; 2s10s +0.78%, 3m10y +1.23%, 5s30s +0.87%.","Breakeven 1.88% (+0.05), credit 1.91% (-0.08), VIX avg 10.1, oil 54.4 (+3.8).","Existing moves extend as positioning and narrative momentum reinforce one another. Tomorrow: 2Y higher, 10Y higher. +1w: curve lower, credit higher. +1m: VIX higher. Transition pressure low.",amplification,0.44568126392124363,Existing moves extend as positioning and narrative momentum reinforce one another.,Move broadens across rates and risk; flow pressure stays elevated,higher,higher,lower,higher,higher,2.2643983748448497,2.8613807855649016,1.9595917942265446,0.5221711884047224,1.0712142642814264,1.6,2.38,0.7799999999999998,10.18,1.91,No single macro force dominates; the regime is contested and transition pressure is high.,"Signals disagree, transition pressure is elevated, and narrative coherence is weak.",2017-10-31,"2017-10: Mixed Transition
Month-end: 2017-10-31
Avg regime probability: 0.57
Transition pressure: 0.14 (low)
Expectedness: macro-confirmed [macro_consistent:77%, mixed:0%, likely_flow_amplified:23%]
Curve: moderately steep; bear flattening; 2s10s +0.78%, 3m10y +1.23%, 5s30s +0.87%.
Market / macro: Breakeven 1.88% (+0.05), credit 1.91% (-0.08), VIX avg 10.1, oil 54.4 (+3.8).
Top drivers: flow amplification / surprise; risk relief.
Top branch: amplification (p=0.45)
Path: Existing moves extend as positioning and narrative momentum reinforce one another. Tomorrow: 2Y higher, 10Y higher. +1w: curve lower, credit higher. +1m: VIX higher. Transition pressure low.
Leaf scenario: Move broadens across rates and risk; flow pressure stays elevated",inflation_shock,Inflation Shock,inflation_persists,"Inflation remains dominant and front-end repricing extends. Tomorrow: 2Y higher, 10Y higher. +1w: curve lower, credit higher. +1m: VIX higher. Transition pressure low.",realized,0.8,Realized 4/5 tracked directions; misses: credit. Current month driven by flow amplification / surprise under macro-confirmed evidence.
2017-11,2017,11,policy_constraint,0.40477067164354325,0.14667975116398077,macro_confirmed,disproportion,flow unwind,policy relief,infla +0.37 | risk -0.23 | polic -0.43 | dispr -1.01 | trans +0.20,"moderately steep; bear flattening; 2s10s +0.64%, 3m10y +1.15%, 5s30s +0.69%.","Breakeven 1.86% (-0.02), credit 1.88% (-0.04), VIX avg 10.5, oil 57.4 (+3.1).","Policy pressure eases and front-end rates retrace without a major growth shock. Tomorrow: 2Y lower, 10Y lower. +1w: curve higher, credit lower. +1m: VIX lower. Transition pressure low.",front_end_relief,0.5061716007908652,Policy pressure eases and front-end rates retrace without a major growth shock.,Data moderation lowers the policy premium; vol declines,lower,lower,higher,lower,lower,2.1041625412500804,2.9030156733989556,2.3130067012440723,0.6624641499734157,1.956399754651387,1.78,2.42,0.6399999999999999,11.28,1.88,The front end stays pinned by restrictive policy and the market prices a tight policy corridor as the main constraint.,Restrictive policy path and front-end repricing dominate more than broad risk stress.,2017-11-30,"2017-11: Policy Constraint
Month-end: 2017-11-30
Avg regime probability: 0.40
Transition pressure: 0.15 (low)
Expectedness: macro-confirmed [macro_consistent:64%, mixed:18%, likely_flow_amplified:18%]
Curve: moderately steep; bear flattening; 2s10s +0.64%, 3m10y +1.15%, 5s30s +0.69%.
Market / macro: Breakeven 1.86% (-0.02), credit 1.88% (-0.04), VIX avg 10.5, oil 57.4 (+3.1).
Top drivers: flow unwind; policy relief.
Top branch: front_end_relief (p=0.51)
Path: Policy pressure eases and front-end rates retrace without a major growth shock. Tomorrow: 2Y lower, 10Y lower. +1w: curve higher, credit lower. +1m: VIX lower. Transition pressure low.
Leaf scenario: Data moderation lowers the policy premium; vol declines",mixed_transition,Mixed Transition,amplification,"Existing moves extend as positioning and narrative momentum reinforce one another. Tomorrow: 2Y higher, 10Y higher. +1w: curve lower, credit higher. +1m: VIX higher. Transition pressure low.",realized,0.8,Realized 4/5 tracked directions; misses: credit. Current month driven by flow unwind under macro-confirmed evidence.
2017-12,2017,12,mixed_transition,0.568521107127594,0.1394392600984029,macro_confirmed,risk,risk-off / credit stress,flow unwind,infla +0.08 | risk +0.70 | polic -0.16 | dispr -0.20 | trans +0.16,"moderately steep; mixed repricing; 2s10s +0.51%, 3m10y +1.01%, 5s30s +0.54%.","Breakeven 1.96% (+0.10), credit 1.77% (-0.10), VIX avg 10.2, oil 60.5 (+2.1).","Existing moves extend as positioning and narrative momentum reinforce one another. Tomorrow: 2Y higher, 10Y higher. +1w: curve lower, credit higher. +1m: VIX higher. Transition pressure low.",amplification,0.35781138622115066,Existing moves extend as positioning and narrative momentum reinforce one another.,Move broadens across rates and risk; flow pressure stays elevated,higher,higher,lower,higher,higher,2.2907422377910627,2.797766966707559,2.3537204591879655,0.47398813276283613,1.4317821063276346,1.89,2.4,0.51,11.04,1.77,No single macro force dominates; the regime is contested and transition pressure is high.,"Signals disagree, transition pressure is elevated, and narrative coherence is weak.",2017-12-29,"2017-12: Mixed Transition
Month-end: 2017-12-29
Avg regime probability: 0.57
Transition pressure: 0.14 (low)
Expectedness: macro-confirmed [macro_consistent:62%, mixed:24%, likely_flow_amplified:14%]
Curve: moderately steep; mixed repricing; 2s10s +0.51%, 3m10y +1.01%, 5s30s +0.54%.
Market / macro: Breakeven 1.96% (+0.10), credit 1.77% (-0.10), VIX avg 10.2, oil 60.5 (+2.1).
Top drivers: risk-off / credit stress; flow unwind.
Top branch: amplification (p=0.36)
Path: Existing moves extend as positioning and narrative momentum reinforce one another. Tomorrow: 2Y higher, 10Y higher. +1w: curve lower, credit higher. +1m: VIX higher. Transition pressure low.
Leaf scenario: Move broadens across rates and risk; flow pressure stays elevated",policy_constraint,Policy Constraint,front_end_relief,"Policy pressure eases and front-end rates retrace without a major growth shock. Tomorrow: 2Y lower, 10Y lower. +1w: curve higher, credit lower. +1m: VIX lower. Transition pressure low.",partially realized,0.6,"Partially realized 3/5 tracked directions; misses: 2Y, 2s10s. Current month driven by risk-off / credit stress under macro-confirmed evidence."
2018-01,2018,1,inflation_shock,0.4477883283608391,0.18362388206188895,macro_confirmed,disproportion,flow unwind,risk relief,infla +0.20 | risk -1.03 | polic +0.31 | dispr -1.11 | trans +0.45,"moderately steep; bear steepening; 2s10s +0.58%, 3m10y +1.26%, 5s30s +0.43%.","Breakeven 2.11% (+0.15), credit 1.56% (-0.21), VIX avg 11.0, oil 64.8 (+4.4).","Inflation remains dominant and front-end repricing extends. Tomorrow: 2Y higher, 10Y higher. +1w: curve lower, credit higher. +1m: VIX higher. Transition pressure low.",inflation_persists,0.5199629112659786,Inflation remains dominant and front-end repricing extends.,Energy impulse re-accelerates; breakevens keep grinding higher,higher,higher,lower,higher,higher,1.6733200530681478,2.267156809750924,2.457641145488895,0.8200516752010205,1.4309088021254173,2.14,2.72,0.5800000000000001,13.54,1.56,Inflation and commodity pressure dominate the rates regime and keep nominal repricing biased upward.,"Inflation pressure, commodity impulse, and nominal repricing dominate.",2018-01-31,"2018-01: Inflation Shock
Month-end: 2018-01-31
Avg regime probability: 0.45
Transition pressure: 0.18 (low)
Expectedness: macro-confirmed [macro_consistent:52%, mixed:30%, likely_flow_amplified:17%]
Curve: moderately steep; bear steepening; 2s10s +0.58%, 3m10y +1.26%, 5s30s +0.43%.
Market / macro: Breakeven 2.11% (+0.15), credit 1.56% (-0.21), VIX avg 11.0, oil 64.8 (+4.4).
Top drivers: flow unwind; risk relief.
Top branch: inflation_persists (p=0.52)
Path: Inflation remains dominant and front-end repricing extends. Tomorrow: 2Y higher, 10Y higher. +1w: curve lower, credit higher. +1m: VIX higher. Transition pressure low.
Leaf scenario: Energy impulse re-accelerates; breakevens keep grinding higher",mixed_transition,Mixed Transition,amplification,"Existing moves extend as positioning and narrative momentum reinforce one another. Tomorrow: 2Y higher, 10Y higher. +1w: curve lower, credit higher. +1m: VIX higher. Transition pressure low.",partially realized,0.6,"Partially realized 3/5 tracked directions; misses: 2s10s, credit. Current month driven by flow unwind under macro-confirmed evidence."
2018-02,2018,2,growth_scare,0.5163930468543054,0.3593728326820205,macro_confirmed,disproportion,flow unwind,disinflation / oil fade,infla -0.35 | risk +0.30 | polic -0.16 | dispr -0.41 | trans +0.14,"moderately steep; bear steepening; 2s10s +0.62%, 3m10y +1.22%, 5s30s +0.48%.","Breakeven 2.12% (+0.01), credit 1.68% (+0.12), VIX avg 22.3, oil 61.4 (-4.5).","Risk-off pressure broadens and rates price a deeper slowdown. Tomorrow: 2Y lower, 10Y lower. +1w: curve higher, credit higher. +1m: VIX higher. Transition pressure low.",recession_signal_strengthens,0.5480069431815022,Risk-off pressure broadens and rates price a deeper slowdown.,Credit widening intensifies; VIX stays bid,lower,lower,higher,higher,higher,3.7077621282924778,4.0109225871362755,3.2802438933713507,5.419776263832301,2.3748684174075825,2.25,2.87,0.6200000000000001,19.85,1.68,Growth and risk-off concerns dominate the month and push markets toward slower activity and defensive pricing.,"Growth slowdown, risk-off pressure, and wider spreads dominate.",2018-02-28,"2018-02: Growth Scare
Month-end: 2018-02-28
Avg regime probability: 0.52
Transition pressure: 0.36 (low)
Expectedness: macro-confirmed [macro_consistent:55%, mixed:20%, likely_flow_amplified:25%]
Curve: moderately steep; bear steepening; 2s10s +0.62%, 3m10y +1.22%, 5s30s +0.48%.
Market / macro: Breakeven 2.12% (+0.01), credit 1.68% (+0.12), VIX avg 22.3, oil 61.4 (-4.5).
Top drivers: flow unwind; disinflation / oil fade.
Top branch: recession_signal_strengthens (p=0.55)
Path: Risk-off pressure broadens and rates price a deeper slowdown. Tomorrow: 2Y lower, 10Y lower. +1w: curve higher, credit higher. +1m: VIX higher. Transition pressure low.
Leaf scenario: Credit widening intensifies; VIX stays bid",inflation_shock,Inflation Shock,inflation_persists,"Inflation remains dominant and front-end repricing extends. Tomorrow: 2Y higher, 10Y higher. +1w: curve lower, credit higher. +1m: VIX higher. Transition pressure low.",realized,0.8,Realized 4/5 tracked directions; misses: 2s10s. Current month driven by flow unwind under macro-confirmed evidence.
2018-03,2018,3,growth_scare,0.40618687632029193,0.21671943626092324,contested,transition,regime rotation pressure,flow amplification / surprise,infla +0.00 | risk -0.02 | polic +0.00 | dispr +0.02 | trans +0.33,"flat / mildly positive; mixed repricing; 2s10s +0.47%, 3m10y +1.01%, 5s30s +0.41%.","Breakeven 2.05% (-0.05), credit 1.85% (+0.13), VIX avg 19.1, oil 64.9 (+3.9).","Risk-off pressure broadens and rates price a deeper slowdown. Tomorrow: 2Y lower, 10Y lower. +1w: curve higher, credit higher. +1m: VIX higher. Transition pressure low.",recession_signal_strengthens,0.46991634462577764,Risk-off pressure broadens and rates price a deeper slowdown.,Credit widening intensifies; VIX stays bid,lower,lower,higher,higher,higher,2.467792535850619,3.0066592756745885,2.0518284528683184,1.9842048785344724,1.6515144564913762,2.27,2.74,0.4700000000000002,19.97,1.85,Growth and risk-off concerns dominate the month and push markets toward slower activity and defensive pricing.,"Growth slowdown, risk-off pressure, and wider spreads dominate.",2018-03-30,"2018-03: Growth Scare
Month-end: 2018-03-30
Avg regime probability: 0.41
Transition pressure: 0.22 (low)
Expectedness: contested [macro_consistent:55%, mixed:41%, likely_flow_amplified:5%]
Curve: flat / mildly positive; mixed repricing; 2s10s +0.47%, 3m10y +1.01%, 5s30s +0.41%.
Market / macro: Breakeven 2.05% (-0.05), credit 1.85% (+0.13), VIX avg 19.1, oil 64.9 (+3.9).
Top drivers: regime rotation pressure; flow amplification / surprise.
Top branch: recession_signal_strengthens (p=0.47)
Path: Risk-off pressure broadens and rates price a deeper slowdown. Tomorrow: 2Y lower, 10Y lower. +1w: curve higher, credit higher. +1m: VIX higher. Transition pressure low.
Leaf scenario: Credit widening intensifies; VIX stays bid",growth_scare,Growth Scare,recession_signal_strengthens,"Risk-off pressure broadens and rates price a deeper slowdown. Tomorrow: 2Y lower, 10Y lower. +1w: curve higher, credit higher. +1m: VIX higher. Transition pressure low.",partially realized,0.4,"Partially realized 2/5 tracked directions; misses: 2Y, 2s10s, VIX. Current month driven by regime rotation pressure under contested evidence."
2018-04,2018,4,inflation_shock,0.42012925001165946,0.16489893099372394,macro_confirmed,disproportion,flow unwind,regime rotation pressure,infla +0.05 | risk +0.06 | polic +0.09 | dispr -0.14 | trans +0.12,"flat / mildly positive; bear flattening; 2s10s +0.46%, 3m10y +1.08%, 5s30s +0.32%.","Breakeven 2.17% (+0.12), credit 1.79% (-0.07), VIX avg 18.3, oil 68.6 (+5.5).","Inflation remains dominant and front-end repricing extends. Tomorrow: 2Y higher, 10Y higher. +1w: curve lower, credit higher. +1m: VIX higher. Transition pressure low.",inflation_persists,0.4426341495205935,Inflation remains dominant and front-end repricing extends.,Energy impulse re-accelerates; breakevens keep grinding higher,higher,higher,lower,higher,higher,1.5362291495737217,3.1448370387032787,2.487971060924955,1.193421446933144,1.3518505834595786,2.49,2.95,0.45999999999999996,15.93,1.79,Inflation and commodity pressure dominate the rates regime and keep nominal repricing biased upward.,"Inflation pressure, commodity impulse, and nominal repricing dominate.",2018-04-30,"2018-04: Inflation Shock
Month-end: 2018-04-30
Avg regime probability: 0.42
Transition pressure: 0.16 (low)
Expectedness: macro-confirmed [macro_consistent:81%, mixed:14%, likely_flow_amplified:5%]
Curve: flat / mildly positive; bear flattening; 2s10s +0.46%, 3m10y +1.08%, 5s30s +0.32%.
Market / macro: Breakeven 2.17% (+0.12), credit 1.79% (-0.07), VIX avg 18.3, oil 68.6 (+5.5).
Top drivers: flow unwind; regime rotation pressure.
Top branch: inflation_persists (p=0.44)
Path: Inflation remains dominant and front-end repricing extends. Tomorrow: 2Y higher, 10Y higher. +1w: curve lower, credit higher. +1m: VIX higher. Transition pressure low.
Leaf scenario: Energy impulse re-accelerates; breakevens keep grinding higher",growth_scare,Growth Scare,recession_signal_strengthens,"Risk-off pressure broadens and rates price a deeper slowdown. Tomorrow: 2Y lower, 10Y lower. +1w: curve higher, credit higher. +1m: VIX higher. Transition pressure low.",not realized,0.0,"Not realized 0/5 tracked directions; misses: 2Y, 10Y, 2s10s, VIX, credit. Current month driven by flow unwind under macro-confirmed evidence."
2018-05,2018,5,growth_scare,0.40662383096184884,0.20042035367288344,contested,disproportion,flow unwind,regime rotation pressure,infla +0.04 | risk -0.09 | polic -0.34 | dispr -0.62 | trans +0.43,"flat / mildly positive; bull flattening; 2s10s +0.43%, 3m10y +0.90%, 5s30s +0.32%.","Breakeven 2.07% (-0.09), credit 1.89% (+0.07), VIX avg 14.1, oil 67.0 (-0.3).","Risk-off pressure broadens and rates price a deeper slowdown. Tomorrow: 2Y lower, 10Y lower. +1w: curve higher, credit higher. +1m: VIX higher. Transition pressure low.",recession_signal_strengthens,0.45810518277163326,Risk-off pressure broadens and rates price a deeper slowdown.,Credit widening intensifies; VIX stays bid,lower,lower,higher,higher,higher,4.748420790115385,4.924175057814252,2.1424285285628497,1.1782838155554884,2.9030156733989556,2.4,2.83,0.43000000000000016,15.43,1.89,Growth and risk-off concerns dominate the month and push markets toward slower activity and defensive pricing.,"Growth slowdown, risk-off pressure, and wider spreads dominate.",2018-05-31,"2018-05: Growth Scare
Month-end: 2018-05-31
Avg regime probability: 0.41
Transition pressure: 0.20 (low)
Expectedness: contested [macro_consistent:35%, mixed:43%, likely_flow_amplified:22%]
Curve: flat / mildly positive; bull flattening; 2s10s +0.43%, 3m10y +0.90%, 5s30s +0.32%.
Market / macro: Breakeven 2.07% (-0.09), credit 1.89% (+0.07), VIX avg 14.1, oil 67.0 (-0.3).
Top drivers: flow unwind; regime rotation pressure.
Top branch: recession_signal_strengthens (p=0.46)
Path: Risk-off pressure broadens and rates price a deeper slowdown. Tomorrow: 2Y lower, 10Y lower. +1w: curve higher, credit higher. +1m: VIX higher. Transition pressure low.
Leaf scenario: Credit widening intensifies; VIX stays bid",inflation_shock,Inflation Shock,inflation_persists,"Inflation remains dominant and front-end repricing extends. Tomorrow: 2Y higher, 10Y higher. +1w: curve lower, credit higher. +1m: VIX higher. Transition pressure low.",partially realized,0.4,"Partially realized 2/5 tracked directions; misses: 2Y, 10Y, VIX. Current month driven by flow unwind under contested evidence."
2018-06,2018,6,policy_constraint,0.35037533958458733,0.21449680075664887,macro_confirmed,disproportion,flow unwind,risk relief,infla +0.25 | risk -0.47 | polic -0.08 | dispr -0.54 | trans +0.14,"flat / mildly positive; bear flattening; 2s10s +0.33%, 3m10y +0.92%, 5s30s +0.25%.","Breakeven 2.11% (+0.02), credit 1.99% (+0.09), VIX avg 13.7, oil 74.1 (+8.3).","Policy pressure eases and front-end rates retrace without a major growth shock. Tomorrow: 2Y lower, 10Y lower. +1w: curve higher, credit lower. +1m: VIX lower. Transition pressure low.",front_end_relief,0.4165505923895573,Policy pressure eases and front-end rates retrace without a major growth shock.,Data moderation lowers the policy premium; vol declines,lower,lower,higher,lower,lower,2.342541355024491,2.9257477676655568,2.0609463845525005,1.1873469375039463,1.5644487847161987,2.52,2.85,0.33000000000000007,16.09,1.99,The front end stays pinned by restrictive policy and the market prices a tight policy corridor as the main constraint.,Restrictive policy path and front-end repricing dominate more than broad risk stress.,2018-06-29,"2018-06: Policy Constraint
Month-end: 2018-06-29
Avg regime probability: 0.35
Transition pressure: 0.21 (low)
Expectedness: macro-confirmed [macro_consistent:86%, mixed:14%, likely_flow_amplified:0%]
Curve: flat / mildly positive; bear flattening; 2s10s +0.33%, 3m10y +0.92%, 5s30s +0.25%.
Market / macro: Breakeven 2.11% (+0.02), credit 1.99% (+0.09), VIX avg 13.7, oil 74.1 (+8.3).
Top drivers: flow unwind; risk relief.
Top branch: front_end_relief (p=0.42)
Path: Policy pressure eases and front-end rates retrace without a major growth shock. Tomorrow: 2Y lower, 10Y lower. +1w: curve higher, credit lower. +1m: VIX lower. Transition pressure low.
Leaf scenario: Data moderation lowers the policy premium; vol declines",growth_scare,Growth Scare,recession_signal_strengthens,"Risk-off pressure broadens and rates price a deeper slowdown. Tomorrow: 2Y lower, 10Y lower. +1w: curve higher, credit higher. +1m: VIX higher. Transition pressure low.",partially realized,0.4,"Partially realized 2/5 tracked directions; misses: 2Y, 10Y, 2s10s. Current month driven by flow unwind under macro-confirmed evidence."
2018-07,2018,7,policy_constraint,0.41756139992292685,0.15896836742478831,contested,risk,risk relief,hawkish front-end pressure,infla -0.31 | risk -0.85 | polic +0.39 | dispr -0.13 | trans +0.19,"flat / mildly positive; bear flattening; 2s10s +0.29%, 3m10y +0.93%, 5s30s +0.23%.","Breakeven 2.12% (-0.02), credit 1.83% (-0.14), VIX avg 13.3, oil 69.9 (-4.0).","The front end remains pinned by policy credibility and restrictive guidance. Tomorrow: 2Y higher, 10Y higher. +1w: curve lower, credit higher. +1m: VIX higher. Transition pressure low.",policy_stays_tight,0.5031970186847817,The front end remains pinned by policy credibility and restrictive guidance.,Front-end yields grind higher; curve keeps flattening,higher,higher,lower,higher,higher,1.9773719933285219,2.7436289836637915,2.4181604578687557,0.780611779311586,1.400000000000001,2.67,2.96,0.29000000000000004,12.83,1.83,The front end stays pinned by restrictive policy and the market prices a tight policy corridor as the main constraint.,Restrictive policy path and front-end repricing dominate more than broad risk stress.,2018-07-31,"2018-07: Policy Constraint
Month-end: 2018-07-31
Avg regime probability: 0.42
Transition pressure: 0.16 (low)
Expectedness: contested [macro_consistent:55%, mixed:41%, likely_flow_amplified:5%]
Curve: flat / mildly positive; bear flattening; 2s10s +0.29%, 3m10y +0.93%, 5s30s +0.23%.
Market / macro: Breakeven 2.12% (-0.02), credit 1.83% (-0.14), VIX avg 13.3, oil 69.9 (-4.0).
Top drivers: risk relief; hawkish front-end pressure.
Top branch: policy_stays_tight (p=0.50)
Path: The front end remains pinned by policy credibility and restrictive guidance. Tomorrow: 2Y higher, 10Y higher. +1w: curve lower, credit higher. +1m: VIX higher. Transition pressure low.
Leaf scenario: Front-end yields grind higher; curve keeps flattening",policy_constraint,Policy Constraint,front_end_relief,"Policy pressure eases and front-end rates retrace without a major growth shock. Tomorrow: 2Y lower, 10Y lower. +1w: curve higher, credit lower. +1m: VIX lower. Transition pressure low.",partially realized,0.4,"Partially realized 2/5 tracked directions; misses: 2Y, 10Y, 2s10s. Current month driven by risk relief under contested evidence."
2018-08,2018,8,growth_scare,0.38249206299529764,0.1499170185630729,macro_confirmed,policy,policy relief,disinflation / oil fade,infla -0.39 | risk -0.07 | polic -0.43 | dispr -0.37 | trans +0.15,"flat / mildly positive; bull flattening; 2s10s +0.24%, 3m10y +0.75%, 5s30s +0.28%.","Breakeven 2.08% (-0.05), credit 1.92% (+0.09), VIX avg 12.5, oil 69.8 (+1.0).","Risk-off pressure broadens and rates price a deeper slowdown. Tomorrow: 2Y lower, 10Y lower. +1w: curve higher, credit higher. +1m: VIX higher. Transition pressure low.",recession_signal_strengthens,0.5044301913063426,Risk-off pressure broadens and rates price a deeper slowdown.,Credit widening intensifies; VIX stays bid,lower,lower,higher,higher,higher,2.178875856950093,2.69211812519437,1.827566688249715,0.8828131172564212,1.624807680927191,2.62,2.86,0.23999999999999977,12.86,1.92,Growth and risk-off concerns dominate the month and push markets toward slower activity and defensive pricing.,"Growth slowdown, risk-off pressure, and wider spreads dominate.",2018-08-31,"2018-08: Growth Scare
Month-end: 2018-08-31
Avg regime probability: 0.38
Transition pressure: 0.15 (low)
Expectedness: macro-confirmed [macro_consistent:61%, mixed:30%, likely_flow_amplified:9%]
Curve: flat / mildly positive; bull flattening; 2s10s +0.24%, 3m10y +0.75%, 5s30s +0.28%.
Market / macro: Breakeven 2.08% (-0.05), credit 1.92% (+0.09), VIX avg 12.5, oil 69.8 (+1.0).
Top drivers: policy relief; disinflation / oil fade.
Top branch: recession_signal_strengthens (p=0.50)
Path: Risk-off pressure broadens and rates price a deeper slowdown. Tomorrow: 2Y lower, 10Y lower. +1w: curve higher, credit higher. +1m: VIX higher. Transition pressure low.
Leaf scenario: Credit widening intensifies; VIX stays bid",policy_constraint,Policy Constraint,policy_stays_tight,"The front end remains pinned by policy credibility and restrictive guidance. Tomorrow: 2Y higher, 10Y higher. +1w: curve lower, credit higher. +1m: VIX higher. Transition pressure low.",partially realized,0.4,"Partially realized 2/5 tracked directions; misses: 2Y, 10Y, VIX. Current month driven by policy relief under macro-confirmed evidence."
2018-09,2018,9,mixed_transition,0.5813359795275668,0.144262538994208,macro_confirmed,disproportion,flow unwind,policy relief,infla -0.07 | risk -0.04 | polic -0.34 | dispr -0.66 | trans +0.15,"flat / mildly positive; bear steepening; 2s10s +0.24%, 3m10y +0.86%, 5s30s +0.25%.","Breakeven 2.14% (+0.06), credit 1.84% (-0.08), VIX avg 12.9, oil 73.2 (+3.3).","A recent move mean-reverts as the initial catalyst loses traction. Tomorrow: 2Y lower, 10Y lower. +1w: curve higher, credit lower. +1m: VIX lower. Transition pressure low.",reversal,0.39782961907275605,A recent move mean-reverts as the initial catalyst loses traction.,Positioning unwinds; cross-asset confirmation fades,lower,lower,higher,lower,lower,2.1558061137310047,2.519424537468824,1.6124515496597032,0.6577925204804324,1.3190905958272883,2.81,3.05,0.23999999999999977,12.12,1.84,No single macro force dominates; the regime is contested and transition pressure is high.,"Signals disagree, transition pressure is elevated, and narrative coherence is weak.",2018-09-28,"2018-09: Mixed Transition
Month-end: 2018-09-28
Avg regime probability: 0.58
Transition pressure: 0.14 (low)
Expectedness: macro-confirmed [macro_consistent:70%, mixed:20%, likely_flow_amplified:10%]
Curve: flat / mildly positive; bear steepening; 2s10s +0.24%, 3m10y +0.86%, 5s30s +0.25%.
Market / macro: Breakeven 2.14% (+0.06), credit 1.84% (-0.08), VIX avg 12.9, oil 73.2 (+3.3).
Top drivers: flow unwind; policy relief.
Top branch: reversal (p=0.40)
Path: A recent move mean-reverts as the initial catalyst loses traction. Tomorrow: 2Y lower, 10Y lower. +1w: curve higher, credit lower. +1m: VIX lower. Transition pressure low.
Leaf scenario: Positioning unwinds; cross-asset confirmation fades",growth_scare,Growth Scare,recession_signal_strengthens,"Risk-off pressure broadens and rates price a deeper slowdown. Tomorrow: 2Y lower, 10Y lower. +1w: curve higher, credit higher. +1m: VIX higher. Transition pressure low.",not realized,0.0,"Not realized 0/5 tracked directions; misses: 2Y, 10Y, 2s10s, VIX, credit. Current month driven by flow unwind under macro-confirmed evidence."
2018-10,2018,10,growth_scare,0.5223245013112214,0.2597984445318092,macro_confirmed,disproportion,flow amplification / surprise,risk relief,infla -0.10 | risk -0.64 | polic +0.39 | dispr +0.85 | trans +0.14,"flat / mildly positive; bear steepening; 2s10s +0.28%, 3m10y +0.81%, 5s30s +0.41%.","Breakeven 2.05% (-0.09), credit 2.03% (+0.20), VIX avg 19.4, oil 65.3 (-10.1).","Growth fears stop worsening and markets move toward a calmer range. Tomorrow: 2Y higher, 10Y higher. +1w: curve flat, credit lower. +1m: VIX lower. Transition pressure low.",stabilization,0.3644417927609661,Growth fears stop worsening and markets move toward a calmer range.,Volatility cools; credit stops widening,higher,higher,flat,lower,lower,2.5670995305986843,3.6055512754639905,1.786057109949178,2.4497365164441667,1.6124515496597107,2.87,3.15,0.2799999999999998,21.23,2.03,Growth and risk-off concerns dominate the month and push markets toward slower activity and defensive pricing.,"Growth slowdown, risk-off pressure, and wider spreads dominate.",2018-10-31,"2018-10: Growth Scare
Month-end: 2018-10-31
Avg regime probability: 0.52
Transition pressure: 0.26 (low)
Expectedness: macro-confirmed [macro_consistent:57%, mixed:26%, likely_flow_amplified:17%]
Curve: flat / mildly positive; bear steepening; 2s10s +0.28%, 3m10y +0.81%, 5s30s +0.41%.
Market / macro: Breakeven 2.05% (-0.09), credit 2.03% (+0.20), VIX avg 19.4, oil 65.3 (-10.1).
Top drivers: flow amplification / surprise; risk relief.
Top branch: stabilization (p=0.36)
Path: Growth fears stop worsening and markets move toward a calmer range. Tomorrow: 2Y higher, 10Y higher. +1w: curve flat, credit lower. +1m: VIX lower. Transition pressure low.
Leaf scenario: Volatility cools; credit stops widening",mixed_transition,Mixed Transition,reversal,"A recent move mean-reverts as the initial catalyst loses traction. Tomorrow: 2Y lower, 10Y lower. +1w: curve higher, credit lower. +1m: VIX lower. Transition pressure low.",not realized,0.2,"Not realized 1/5 tracked directions; misses: 2Y, 10Y, VIX, credit. Current month driven by flow amplification / surprise under macro-confirmed evidence."
2018-11,2018,11,growth_scare,0.4543636773650945,0.16865113330274054,macro_confirmed,inflation,disinflation / oil fade,flow unwind,infla -0.27 | risk -0.14 | polic -0.04 | dispr -0.21 | trans +0.18,"flat / mildly positive; bull flattening; 2s10s +0.21%, 3m10y +0.64%, 5s30s +0.46%.","Breakeven 1.97% (-0.05), credit 2.27% (+0.23), VIX avg 19.5, oil 50.8 (-12.9).","Risk-off pressure broadens and rates price a deeper slowdown. Tomorrow: 2Y lower, 10Y lower. +1w: curve higher, credit higher. +1m: VIX higher. Transition pressure low.",recession_signal_strengthens,0.4615375117896195,Risk-off pressure broadens and rates price a deeper slowdown.,Credit widening intensifies; VIX stays bid,lower,lower,higher,higher,higher,2.333988003396757,1.961504524593305,1.3228756555322982,1.5827558245035778,2.467285958295064,2.8,3.01,0.20999999999999996,18.07,2.27,Growth and risk-off concerns dominate the month and push markets toward slower activity and defensive pricing.,"Growth slowdown, risk-off pressure, and wider spreads dominate.",2018-11-30,"2018-11: Growth Scare
Month-end: 2018-11-30
Avg regime probability: 0.45
Transition pressure: 0.17 (low)
Expectedness: macro-confirmed [macro_consistent:77%, mixed:14%, likely_flow_amplified:9%]
Curve: flat / mildly positive; bull flattening; 2s10s +0.21%, 3m10y +0.64%, 5s30s +0.46%.
Market / macro: Breakeven 1.97% (-0.05), credit 2.27% (+0.23), VIX avg 19.5, oil 50.8 (-12.9).
Top drivers: disinflation / oil fade; flow unwind.
Top branch: recession_signal_strengthens (p=0.46)
Path: Risk-off pressure broadens and rates price a deeper slowdown. Tomorrow: 2Y lower, 10Y lower. +1w: curve higher, credit higher. +1m: VIX higher. Transition pressure low.
Leaf scenario: Credit widening intensifies; VIX stays bid",growth_scare,Growth Scare,stabilization,"Growth fears stop worsening and markets move toward a calmer range. Tomorrow: 2Y higher, 10Y higher. +1w: curve flat, credit lower. +1m: VIX lower. Transition pressure low.",not realized,0.2,"Not realized 1/5 tracked directions; misses: 2Y, 10Y, 2s10s, credit. Current month driven by disinflation / oil fade under macro-confirmed evidence."
2018-12,2018,12,growth_scare,0.6358605323005608,0.3068680617331841,macro_confirmed,disproportion,flow unwind,policy relief,infla -0.35 | risk -0.58 | polic -0.59 | dispr -1.10 | trans +0.45,"flat / mildly positive; bull flattening; 2s10s +0.21%, 3m10y +0.24%, 5s30s +0.51%.","Breakeven 1.71% (-0.25), credit 2.45% (+0.19), VIX avg 25.3, oil 45.1 (-7.8).","Growth fears stop worsening and markets move toward a calmer range. Tomorrow: 2Y higher, 10Y higher. +1w: curve flat, credit lower. +1m: VIX lower. Transition pressure low.",stabilization,0.4972499742292312,Growth fears stop worsening and markets move toward a calmer range.,Volatility cools; credit stops widening,higher,higher,flat,lower,lower,3.5619517121937485,3.38341543414343,1.9519221295943037,2.4583549377581746,2.6358110706194418,2.48,2.69,0.20999999999999996,25.42,2.45,Growth and risk-off concerns dominate the month and push markets toward slower activity and defensive pricing.,"Growth slowdown, risk-off pressure, and wider spreads dominate.",2018-12-31,"2018-12: Growth Scare
Month-end: 2018-12-31
Avg regime probability: 0.64
Transition pressure: 0.31 (low)
Expectedness: macro-confirmed [macro_consistent:67%, mixed:29%, likely_flow_amplified:5%]
Curve: flat / mildly positive; bull flattening; 2s10s +0.21%, 3m10y +0.24%, 5s30s +0.51%.
Market / macro: Breakeven 1.71% (-0.25), credit 2.45% (+0.19), VIX avg 25.3, oil 45.1 (-7.8).
Top drivers: flow unwind; policy relief.
Top branch: stabilization (p=0.50)
Path: Growth fears stop worsening and markets move toward a calmer range. Tomorrow: 2Y higher, 10Y higher. +1w: curve flat, credit lower. +1m: VIX lower. Transition pressure low.
Leaf scenario: Volatility cools; credit stops widening",growth_scare,Growth Scare,recession_signal_strengthens,"Risk-off pressure broadens and rates price a deeper slowdown. Tomorrow: 2Y lower, 10Y lower. +1w: curve higher, credit higher. +1m: VIX higher. Transition pressure low.",realized,0.8,Realized 4/5 tracked directions; misses: 2s10s. Current month driven by flow unwind under macro-confirmed evidence.
2019-01,2019,1,inflation_shock,0.4432074397054328,0.2578739630039108,macro_confirmed,disproportion,flow unwind,policy relief,infla +0.13 | risk -0.30 | polic -0.89 | dispr -1.80 | trans +0.14,"flat / mildly positive; bull flattening; 2s10s +0.18%, 3m10y +0.22%, 5s30s +0.56%.","Breakeven 1.85% (+0.14), credit 2.38% (-0.07), VIX avg 19.7, oil 53.8 (+8.7).","Inflation momentum cools and rates retrace toward a cleaner equilibrium. Tomorrow: 2Y lower, 10Y lower. +1w: curve higher, credit lower. +1m: VIX lower. Transition pressure low.",containment_normalization,0.5588410051130084,Inflation momentum cools and rates retrace toward a cleaner equilibrium.,Commodity impulse fades; policy credibility improves,lower,lower,higher,lower,lower,4.001249804748511,3.8245914814526216,1.4654350889752852,1.352890978608402,2.1563858652847845,2.45,2.63,0.17999999999999972,16.57,2.38,Inflation and commodity pressure dominate the rates regime and keep nominal repricing biased upward.,"Inflation pressure, commodity impulse, and nominal repricing dominate.",2019-01-31,"2019-01: Inflation Shock
Month-end: 2019-01-31
Avg regime probability: 0.44
Transition pressure: 0.26 (low)
Expectedness: macro-confirmed [macro_consistent:78%, mixed:13%, likely_flow_amplified:9%]
Curve: flat / mildly positive; bull flattening; 2s10s +0.18%, 3m10y +0.22%, 5s30s +0.56%.
Market / macro: Breakeven 1.85% (+0.14), credit 2.38% (-0.07), VIX avg 19.7, oil 53.8 (+8.7).
Top drivers: flow unwind; policy relief.
Top branch: containment_normalization (p=0.56)
Path: Inflation momentum cools and rates retrace toward a cleaner equilibrium. Tomorrow: 2Y lower, 10Y lower. +1w: curve higher, credit lower. +1m: VIX lower. Transition pressure low.
Leaf scenario: Commodity impulse fades; policy credibility improves",growth_scare,Growth Scare,stabilization,"Growth fears stop worsening and markets move toward a calmer range. Tomorrow: 2Y higher, 10Y higher. +1w: curve flat, credit lower. +1m: VIX lower. Transition pressure low.",partially realized,0.4,"Partially realized 2/5 tracked directions; misses: 2Y, 10Y, 2s10s. Current month driven by flow unwind under macro-confirmed evidence."
2019-02,2019,2,inflation_shock,0.4437826377289139,0.12494864941702422,macro_confirmed,risk,risk relief,inflation / oil impulse,infla +0.39 | risk -0.42 | polic +0.08 | dispr -0.06 | trans +0.12,"flat / mildly positive; bear steepening; 2s10s +0.21%, 3m10y +0.28%, 5s30s +0.57%.","Breakeven 1.95% (+0.07), credit 2.22% (-0.09), VIX avg 15.2, oil 57.2 (+1.9).","Inflation remains dominant and front-end repricing extends. Tomorrow: 2Y higher, 10Y higher. +1w: curve lower, credit higher. +1m: VIX higher. Transition pressure low.",inflation_persists,0.5561253748612055,Inflation remains dominant and front-end repricing extends.,Energy impulse re-accelerates; breakevens keep grinding higher,higher,higher,lower,higher,higher,2.937260628544893,3.324154027718934,1.3518505834595747,0.6349210580851766,2.4819347291981653,2.52,2.73,0.20999999999999996,14.78,2.22,Inflation and commodity pressure dominate the rates regime and keep nominal repricing biased upward.,"Inflation pressure, commodity impulse, and nominal repricing dominate.",2019-02-28,"2019-02: Inflation Shock
Month-end: 2019-02-28
Avg regime probability: 0.44
Transition pressure: 0.12 (low)
Expectedness: macro-confirmed [macro_consistent:70%, mixed:30%, likely_flow_amplified:0%]
Curve: flat / mildly positive; bear steepening; 2s10s +0.21%, 3m10y +0.28%, 5s30s +0.57%.
Market / macro: Breakeven 1.95% (+0.07), credit 2.22% (-0.09), VIX avg 15.2, oil 57.2 (+1.9).
Top drivers: risk relief; inflation / oil impulse.
Top branch: inflation_persists (p=0.56)
Path: Inflation remains dominant and front-end repricing extends. Tomorrow: 2Y higher, 10Y higher. +1w: curve lower, credit higher. +1m: VIX higher. Transition pressure low.
Leaf scenario: Energy impulse re-accelerates; breakevens keep grinding higher",inflation_shock,Inflation Shock,containment_normalization,"Inflation momentum cools and rates retrace toward a cleaner equilibrium. Tomorrow: 2Y lower, 10Y lower. +1w: curve higher, credit lower. +1m: VIX lower. Transition pressure low.",partially realized,0.6,"Partially realized 3/5 tracked directions; misses: 2Y, 10Y. Current month driven by risk relief under macro-confirmed evidence."
2019-03,2019,3,growth_scare,0.41807380590905674,0.1383066938923505,macro_confirmed,inflation,inflation / oil impulse,hawkish front-end pressure,infla +0.99 | risk -0.51 | polic +0.69 | dispr +0.53 | trans +0.18,"flat / mildly positive; bull flattening; 2s10s +0.14%, 3m10y +0.01%, 5s30s +0.58%.","Breakeven 1.88% (-0.08), credit 2.26% (+0.04), VIX avg 14.5, oil 60.2 (+4.4).","The market rotates out of the scare and back toward inflation resilience. Tomorrow: 2Y higher, 10Y higher. +1w: curve lower, credit lower. +1m: VIX lower. Transition pressure low.",inflation_rebound,0.3869215086379653,The market rotates out of the scare and back toward inflation resilience.,Oil stabilizes; breakevens rebound faster than nominal yields,higher,higher,lower,lower,lower,3.2310988842807022,3.0801785662522874,1.4239030865898166,0.9881553521587585,1.4696938456699054,2.27,2.41,0.14000000000000012,13.71,2.26,Growth and risk-off concerns dominate the month and push markets toward slower activity and defensive pricing.,"Growth slowdown, risk-off pressure, and wider spreads dominate.",2019-03-29,"2019-03: Growth Scare
Month-end: 2019-03-29
Avg regime probability: 0.42
Transition pressure: 0.14 (low)
Expectedness: macro-confirmed [macro_consistent:67%, mixed:14%, likely_flow_amplified:19%]
Curve: flat / mildly positive; bull flattening; 2s10s +0.14%, 3m10y +0.01%, 5s30s +0.58%.
Market / macro: Breakeven 1.88% (-0.08), credit 2.26% (+0.04), VIX avg 14.5, oil 60.2 (+4.4).
Top drivers: inflation / oil impulse; hawkish front-end pressure.
Top branch: inflation_rebound (p=0.39)
Path: The market rotates out of the scare and back toward inflation resilience. Tomorrow: 2Y higher, 10Y higher. +1w: curve lower, credit lower. +1m: VIX lower. Transition pressure low.
Leaf scenario: Oil stabilizes; breakevens rebound faster than nominal yields",inflation_shock,Inflation Shock,inflation_persists,"Inflation remains dominant and front-end repricing extends. Tomorrow: 2Y higher, 10Y higher. +1w: curve lower, credit higher. +1m: VIX higher. Transition pressure low.",partially realized,0.4,"Partially realized 2/5 tracked directions; misses: 2Y, 10Y, VIX. Current month driven by inflation / oil impulse under macro-confirmed evidence."
2019-04,2019,4,inflation_shock,0.42157935875239144,0.11916188162214128,contested,disproportion,flow unwind,policy relief,infla -0.12 | risk +0.13 | polic -0.38 | dispr -0.82 | trans +0.11,"flat / mildly positive; bear steepening; 2s10s +0.24%, 3m10y +0.08%, 5s30s +0.65%.","Breakeven 1.95% (+0.05), credit 2.14% (-0.10), VIX avg 12.9, oil 63.8 (+2.2).","Inflation momentum cools and rates retrace toward a cleaner equilibrium. Tomorrow: 2Y lower, 10Y lower. +1w: curve higher, credit lower. +1m: VIX lower. Transition pressure low.",containment_normalization,0.4106999423628761,Inflation momentum cools and rates retrace toward a cleaner equilibrium.,Commodity impulse fades; policy credibility improves,lower,lower,higher,lower,lower,2.6129485260907863,2.7253440149823382,1.3820274961085286,0.547289685632755,1.5652475842498557,2.27,2.51,0.23999999999999977,13.12,2.14,Inflation and commodity pressure dominate the rates regime and keep nominal repricing biased upward.,"Inflation pressure, commodity impulse, and nominal repricing dominate.",2019-04-30,"2019-04: Inflation Shock
Month-end: 2019-04-30
Avg regime probability: 0.42
Transition pressure: 0.12 (low)
Expectedness: contested [macro_consistent:55%, mixed:41%, likely_flow_amplified:5%]
Curve: flat / mildly positive; bear steepening; 2s10s +0.24%, 3m10y +0.08%, 5s30s +0.65%.
Market / macro: Breakeven 1.95% (+0.05), credit 2.14% (-0.10), VIX avg 12.9, oil 63.8 (+2.2).
Top drivers: flow unwind; policy relief.
Top branch: containment_normalization (p=0.41)
Path: Inflation momentum cools and rates retrace toward a cleaner equilibrium. Tomorrow: 2Y lower, 10Y lower. +1w: curve higher, credit lower. +1m: VIX lower. Transition pressure low.
Leaf scenario: Commodity impulse fades; policy credibility improves",growth_scare,Growth Scare,inflation_rebound,"The market rotates out of the scare and back toward inflation resilience. Tomorrow: 2Y higher, 10Y higher. +1w: curve lower, credit lower. +1m: VIX lower. Transition pressure low.",partially realized,0.6,"Partially realized 3/5 tracked directions; misses: 2Y, 2s10s. Current month driven by flow unwind under contested evidence."
2019-05,2019,5,growth_scare,0.6348998840390842,0.17181629093908296,macro_confirmed,disproportion,flow unwind,policy relief,infla -0.39 | risk +1.11 | polic -1.66 | dispr -1.73 | trans +0.27,"flat / mildly positive; bull flattening; 2s10s +0.19%, 3m10y -0.21%, 5s30s +0.65%.","Breakeven 1.74% (-0.19), credit 2.37% (+0.26), VIX avg 16.7, oil 53.5 (-10.1).","Risk-off pressure broadens and rates price a deeper slowdown. Tomorrow: 2Y lower, 10Y lower. +1w: curve higher, credit higher. +1m: VIX higher. Transition pressure low.",recession_signal_strengthens,0.6600238490608281,Risk-off pressure broadens and rates price a deeper slowdown.,Credit widening intensifies; VIX stays bid,lower,lower,higher,higher,higher,4.403407771260795,3.794733192202055,1.8411952639521931,1.9163313909655613,1.9519221295943074,1.95,2.14,0.19000000000000017,18.71,2.37,Growth and risk-off concerns dominate the month and push markets toward slower activity and defensive pricing.,"Growth slowdown, risk-off pressure, and wider spreads dominate.",2019-05-31,"2019-05: Growth Scare
Month-end: 2019-05-31
Avg regime probability: 0.63
Transition pressure: 0.17 (low)
Expectedness: macro-confirmed [macro_consistent:52%, mixed:30%, likely_flow_amplified:17%]
Curve: flat / mildly positive; bull flattening; 2s10s +0.19%, 3m10y -0.21%, 5s30s +0.65%.
Market / macro: Breakeven 1.74% (-0.19), credit 2.37% (+0.26), VIX avg 16.7, oil 53.5 (-10.1).
Top drivers: flow unwind; policy relief.
Top branch: recession_signal_strengthens (p=0.66)
Path: Risk-off pressure broadens and rates price a deeper slowdown. Tomorrow: 2Y lower, 10Y lower. +1w: curve higher, credit higher. +1m: VIX higher. Transition pressure low.
Leaf scenario: Credit widening intensifies; VIX stays bid",inflation_shock,Inflation Shock,containment_normalization,"Inflation momentum cools and rates retrace toward a cleaner equilibrium. Tomorrow: 2Y lower, 10Y lower. +1w: curve higher, credit lower. +1m: VIX lower. Transition pressure low.",partially realized,0.4,"Partially realized 2/5 tracked directions; misses: 2s10s, VIX, credit. Current month driven by flow unwind under macro-confirmed evidence."
2019-06,2019,6,inflation_shock,0.36918341744108396,0.22870986816198888,macro_confirmed,risk,risk relief,hawkish front-end pressure,infla +0.05 | risk -0.34 | polic +0.31 | dispr +0.08 | trans +0.11,"flat / mildly positive; bull steepening; 2s10s +0.25%, 3m10y -0.12%, 5s30s +0.76%.","Breakeven 1.69% (-0.04), credit 2.31% (-0.11), VIX avg 15.8, oil 58.2 (+5.0).","Inflation remains dominant and front-end repricing extends. Tomorrow: 2Y higher, 10Y higher. +1w: curve lower, credit higher. +1m: VIX higher. Transition pressure low.",inflation_persists,0.5216926838167716,Inflation remains dominant and front-end repricing extends.,Energy impulse re-accelerates; breakevens keep grinding higher,higher,higher,lower,higher,higher,5.3758720222862415,3.5510561809129446,3.2726136343907055,0.6079331788938652,2.100000000000001,1.75,2.0,0.25,15.08,2.31,Inflation and commodity pressure dominate the rates regime and keep nominal repricing biased upward.,"Inflation pressure, commodity impulse, and nominal repricing dominate.",2019-06-28,"2019-06: Inflation Shock
Month-end: 2019-06-28
Avg regime probability: 0.37
Transition pressure: 0.23 (low)
Expectedness: macro-confirmed [macro_consistent:65%, mixed:25%, likely_flow_amplified:10%]
Curve: flat / mildly positive; bull steepening; 2s10s +0.25%, 3m10y -0.12%, 5s30s +0.76%.
Market / macro: Breakeven 1.69% (-0.04), credit 2.31% (-0.11), VIX avg 15.8, oil 58.2 (+5.0).
Top drivers: risk relief; hawkish front-end pressure.
Top branch: inflation_persists (p=0.52)
Path: Inflation remains dominant and front-end repricing extends. Tomorrow: 2Y higher, 10Y higher. +1w: curve lower, credit higher. +1m: VIX higher. Transition pressure low.
Leaf scenario: Energy impulse re-accelerates; breakevens keep grinding higher",growth_scare,Growth Scare,recession_signal_strengthens,"Risk-off pressure broadens and rates price a deeper slowdown. Tomorrow: 2Y lower, 10Y lower. +1w: curve higher, credit higher. +1m: VIX higher. Transition pressure low.",partially realized,0.6,"Partially realized 3/5 tracked directions; misses: VIX, credit. Current month driven by risk relief under macro-confirmed evidence."
2019-07,2019,7,policy_constraint,0.3970600046031454,0.17214660898558123,macro_confirmed,disproportion,flow amplification / surprise,hawkish front-end pressure,infla -0.29 | risk +0.90 | polic +1.21 | dispr +1.33 | trans +0.23,"flat / mildly positive; bear flattening; 2s10s +0.13%, 3m10y -0.06%, 5s30s +0.69%.","Breakeven 1.76% (+0.07), credit 2.13% (-0.16), VIX avg 13.3, oil 58.5 (-0.4).","The front end remains pinned by policy credibility and restrictive guidance. Tomorrow: 2Y higher, 10Y higher. +1w: curve lower, credit higher. +1m: VIX higher. Transition pressure low.",policy_stays_tight,0.5480054553800536,The front end remains pinned by policy credibility and restrictive guidance.,Front-end yields grind higher; curve keeps flattening,higher,higher,lower,higher,higher,4.079215610874227,3.392639090737479,3.33316666249979,0.8176238438304012,2.2197972880423094,1.89,2.02,0.13000000000000012,16.12,2.13,The front end stays pinned by restrictive policy and the market prices a tight policy corridor as the main constraint.,Restrictive policy path and front-end repricing dominate more than broad risk stress.,2019-07-31,"2019-07: Policy Constraint
Month-end: 2019-07-31
Avg regime probability: 0.40
Transition pressure: 0.17 (low)
Expectedness: macro-confirmed [macro_consistent:78%, mixed:13%, likely_flow_amplified:9%]
Curve: flat / mildly positive; bear flattening; 2s10s +0.13%, 3m10y -0.06%, 5s30s +0.69%.
Market / macro: Breakeven 1.76% (+0.07), credit 2.13% (-0.16), VIX avg 13.3, oil 58.5 (-0.4).
Top drivers: flow amplification / surprise; hawkish front-end pressure.
Top branch: policy_stays_tight (p=0.55)
Path: The front end remains pinned by policy credibility and restrictive guidance. Tomorrow: 2Y higher, 10Y higher. +1w: curve lower, credit higher. +1m: VIX higher. Transition pressure low.
Leaf scenario: Front-end yields grind higher; curve keeps flattening",inflation_shock,Inflation Shock,inflation_persists,"Inflation remains dominant and front-end repricing extends. Tomorrow: 2Y higher, 10Y higher. +1w: curve lower, credit higher. +1m: VIX higher. Transition pressure low.",realized,0.8,Realized 4/5 tracked directions; misses: credit. Current month driven by flow amplification / surprise under macro-confirmed evidence.
2019-08,2019,8,growth_scare,0.5940138275090547,0.35236457509574115,macro_confirmed,inflation,disinflation / oil fade,policy relief,infla -0.91 | risk +0.25 | polic -0.64 | dispr -0.33 | trans +0.16,"flat / mildly positive; bull flattening; 2s10s +0.00%, 3m10y -0.49%, 5s30s +0.57%.","Breakeven 1.55% (-0.15), credit 2.26% (+0.09), VIX avg 19.0, oil 55.1 (+1.4).","Risk-off pressure broadens and rates price a deeper slowdown. Tomorrow: 2Y lower, 10Y lower. +1w: curve higher, credit higher. +1m: VIX higher. Transition pressure low.",recession_signal_strengthens,0.608231204972412,Risk-off pressure broadens and rates price a deeper slowdown.,Credit widening intensifies; VIX stays bid,lower,lower,higher,higher,higher,5.6648036153074175,5.075431016179811,2.3259406699226024,2.742076357434271,2.3108440016582703,1.5,1.5,0.0,18.98,2.26,Growth and risk-off concerns dominate the month and push markets toward slower activity and defensive pricing.,"Growth slowdown, risk-off pressure, and wider spreads dominate.",2019-08-30,"2019-08: Growth Scare
Month-end: 2019-08-30
Avg regime probability: 0.59
Transition pressure: 0.35 (low)
Expectedness: macro-confirmed [macro_consistent:73%, mixed:23%, likely_flow_amplified:5%]
Curve: flat / mildly positive; bull flattening; 2s10s +0.00%, 3m10y -0.49%, 5s30s +0.57%.
Market / macro: Breakeven 1.55% (-0.15), credit 2.26% (+0.09), VIX avg 19.0, oil 55.1 (+1.4).
Top drivers: disinflation / oil fade; policy relief.
Top branch: recession_signal_strengthens (p=0.61)
Path: Risk-off pressure broadens and rates price a deeper slowdown. Tomorrow: 2Y lower, 10Y lower. +1w: curve higher, credit higher. +1m: VIX higher. Transition pressure low.
Leaf scenario: Credit widening intensifies; VIX stays bid",policy_constraint,Policy Constraint,policy_stays_tight,"The front end remains pinned by policy credibility and restrictive guidance. Tomorrow: 2Y higher, 10Y higher. +1w: curve lower, credit higher. +1m: VIX higher. Transition pressure low.",partially realized,0.6,"Partially realized 3/5 tracked directions; misses: 2Y, 10Y. Current month driven by disinflation / oil fade under macro-confirmed evidence."
2019-09,2019,9,mixed_transition,0.5917258450424079,0.22039791499447775,contested,risk,risk relief,disinflation / oil fade,infla -0.24 | risk -0.27 | polic +0.09 | dispr +0.04 | trans +0.12,"flat / mildly positive; bear steepening; 2s10s +0.05%, 3m10y -0.20%, 5s30s +0.57%.","Breakeven 1.53% (-0.02), credit 2.20% (-0.06), VIX avg 15.7, oil 54.1 (-1.0).","The system stabilizes and daily moves fade into a tighter range. Tomorrow: 2Y lower, 10Y lower. +1w: curve higher, credit lower. +1m: VIX lower. Transition pressure low.",containment,0.36092683031746225,The system stabilizes and daily moves fade into a tighter range.,Market internals calm; scenario dispersion compresses,lower,lower,higher,lower,lower,5.322358499763051,5.566866263886713,2.2107690969434124,1.001808864005505,1.6462077633154333,1.63,1.68,0.050000000000000044,16.24,2.2,No single macro force dominates; the regime is contested and transition pressure is high.,"Signals disagree, transition pressure is elevated, and narrative coherence is weak.",2019-09-30,"2019-09: Mixed Transition
Month-end: 2019-09-30
Avg regime probability: 0.59
Transition pressure: 0.22 (low)
Expectedness: contested [macro_consistent:57%, mixed:38%, likely_flow_amplified:5%]
Curve: flat / mildly positive; bear steepening; 2s10s +0.05%, 3m10y -0.20%, 5s30s +0.57%.
Market / macro: Breakeven 1.53% (-0.02), credit 2.20% (-0.06), VIX avg 15.7, oil 54.1 (-1.0).
Top drivers: risk relief; disinflation / oil fade.
Top branch: containment (p=0.36)
Path: The system stabilizes and daily moves fade into a tighter range. Tomorrow: 2Y lower, 10Y lower. +1w: curve higher, credit lower. +1m: VIX lower. Transition pressure low.
Leaf scenario: Market internals calm; scenario dispersion compresses",growth_scare,Growth Scare,recession_signal_strengthens,"Risk-off pressure broadens and rates price a deeper slowdown. Tomorrow: 2Y lower, 10Y lower. +1w: curve higher, credit higher. +1m: VIX higher. Transition pressure low.",not realized,0.2,"Not realized 1/5 tracked directions; misses: 2Y, 10Y, VIX, credit. Current month driven by risk relief under contested evidence."
2019-10,2019,10,inflation_shock,0.3723665749370618,0.1436138773345571,macro_confirmed,disproportion,flow unwind,policy relief,infla -0.64 | risk +0.62 | polic -1.14 | dispr -1.60 | trans +0.18,"flat / mildly positive; mixed repricing; 2s10s +0.17%, 3m10y +0.15%, 5s30s +0.66%.","Breakeven 1.54% (+0.02), credit 2.18% (-0.04), VIX avg 15.5, oil 54.0 (+0.4).","Inflation momentum cools and rates retrace toward a cleaner equilibrium. Tomorrow: 2Y lower, 10Y lower. +1w: curve higher, credit lower. +1m: VIX lower. Transition pressure low.",containment_normalization,0.5640530084031579,Inflation momentum cools and rates retrace toward a cleaner equilibrium.,Commodity impulse fades; policy credibility improves,lower,lower,higher,lower,lower,4.281062952118315,4.2529401594661564,1.8411952639521956,1.0651877768731677,1.5644487847162043,1.52,1.69,0.16999999999999993,13.22,2.18,Inflation and commodity pressure dominate the rates regime and keep nominal repricing biased upward.,"Inflation pressure, commodity impulse, and nominal repricing dominate.",2019-10-31,"2019-10: Inflation Shock
Month-end: 2019-10-31
Avg regime probability: 0.37
Transition pressure: 0.14 (low)
Expectedness: macro-confirmed [macro_consistent:83%, mixed:13%, likely_flow_amplified:4%]
Curve: flat / mildly positive; mixed repricing; 2s10s +0.17%, 3m10y +0.15%, 5s30s +0.66%.
Market / macro: Breakeven 1.54% (+0.02), credit 2.18% (-0.04), VIX avg 15.5, oil 54.0 (+0.4).
Top drivers: flow unwind; policy relief.
Top branch: containment_normalization (p=0.56)
Path: Inflation momentum cools and rates retrace toward a cleaner equilibrium. Tomorrow: 2Y lower, 10Y lower. +1w: curve higher, credit lower. +1m: VIX lower. Transition pressure low.
Leaf scenario: Commodity impulse fades; policy credibility improves",mixed_transition,Mixed Transition,containment,"The system stabilizes and daily moves fade into a tighter range. Tomorrow: 2Y lower, 10Y lower. +1w: curve higher, credit lower. +1m: VIX lower. Transition pressure low.",realized,0.8,Realized 4/5 tracked directions; misses: 10Y. Current month driven by flow unwind under macro-confirmed evidence.
2019-11,2019,11,inflation_shock,0.40557279755265285,0.11203946049395087,macro_confirmed,policy,policy relief,flow unwind,infla -0.35 | risk +0.34 | polic -0.51 | dispr -0.42 | trans +0.13,"flat / mildly positive; bear steepening; 2s10s +0.17%, 3m10y +0.19%, 5s30s +0.59%.","Breakeven 1.61% (+0.02), credit 2.08% (-0.08), VIX avg 12.5, oil 58.1 (+2.1).","Inflation momentum cools and rates retrace toward a cleaner equilibrium. Tomorrow: 2Y lower, 10Y lower. +1w: curve higher, credit lower. +1m: VIX lower. Transition pressure low.",containment_normalization,0.3883871073651581,Inflation momentum cools and rates retrace toward a cleaner equilibrium.,Commodity impulse fades; policy credibility improves,lower,lower,higher,lower,lower,3.1284980421921262,4.322904116447645,2.0000000000000027,0.48621394467867746,1.2806248474865745,1.61,1.78,0.16999999999999993,12.62,2.08,Inflation and commodity pressure dominate the rates regime and keep nominal repricing biased upward.,"Inflation pressure, commodity impulse, and nominal repricing dominate.",2019-11-29,"2019-11: Inflation Shock
Month-end: 2019-11-29
Avg regime probability: 0.41
Transition pressure: 0.11 (low)
Expectedness: macro-confirmed [macro_consistent:76%, mixed:24%, likely_flow_amplified:0%]
Curve: flat / mildly positive; bear steepening; 2s10s +0.17%, 3m10y +0.19%, 5s30s +0.59%.
Market / macro: Breakeven 1.61% (+0.02), credit 2.08% (-0.08), VIX avg 12.5, oil 58.1 (+2.1).
Top drivers: policy relief; flow unwind.
Top branch: containment_normalization (p=0.39)
Path: Inflation momentum cools and rates retrace toward a cleaner equilibrium. Tomorrow: 2Y lower, 10Y lower. +1w: curve higher, credit lower. +1m: VIX lower. Transition pressure low.
Leaf scenario: Commodity impulse fades; policy credibility improves",inflation_shock,Inflation Shock,containment_normalization,"Inflation momentum cools and rates retrace toward a cleaner equilibrium. Tomorrow: 2Y lower, 10Y lower. +1w: curve higher, credit lower. +1m: VIX lower. Transition pressure low.",partially realized,0.4,"Partially realized 2/5 tracked directions; misses: 2Y, 10Y, 2s10s. Current month driven by policy relief under macro-confirmed evidence."
2019-12,2019,12,inflation_shock,0.4424542738522236,0.13153116368308065,macro_confirmed,risk,risk relief,inflation / oil impulse,infla +0.29 | risk -0.36 | polic -0.17 | dispr -0.18 | trans +0.14,"flat / mildly positive; mixed repricing; 2s10s +0.34%, 3m10y +0.37%, 5s30s +0.70%.","Breakeven 1.77% (+0.12), credit 1.98% (-0.13), VIX avg 13.7, oil 61.1 (+5.2).","Inflation remains dominant and front-end repricing extends. Tomorrow: 2Y higher, 10Y higher. +1w: curve lower, credit higher. +1m: VIX higher. Transition pressure low.",inflation_persists,0.5030936305634033,Inflation remains dominant and front-end repricing extends.,Energy impulse re-accelerates; breakevens keep grinding higher,higher,higher,lower,higher,higher,2.86138078556489,4.098780306383836,2.321098877687031,0.8464744532471137,1.52561463023924,1.58,1.92,0.33999999999999986,13.78,1.98,Inflation and commodity pressure dominate the rates regime and keep nominal repricing biased upward.,"Inflation pressure, commodity impulse, and nominal repricing dominate.",2019-12-31,"2019-12: Inflation Shock
Month-end: 2019-12-31
Avg regime probability: 0.44
Transition pressure: 0.13 (low)
Expectedness: macro-confirmed [macro_consistent:68%, mixed:23%, likely_flow_amplified:9%]
Curve: flat / mildly positive; mixed repricing; 2s10s +0.34%, 3m10y +0.37%, 5s30s +0.70%.
Market / macro: Breakeven 1.77% (+0.12), credit 1.98% (-0.13), VIX avg 13.7, oil 61.1 (+5.2).
Top drivers: risk relief; inflation / oil impulse.
Top branch: inflation_persists (p=0.50)
Path: Inflation remains dominant and front-end repricing extends. Tomorrow: 2Y higher, 10Y higher. +1w: curve lower, credit higher. +1m: VIX higher. Transition pressure low.
Leaf scenario: Energy impulse re-accelerates; breakevens keep grinding higher",inflation_shock,Inflation Shock,containment_normalization,"Inflation momentum cools and rates retrace toward a cleaner equilibrium. Tomorrow: 2Y lower, 10Y lower. +1w: curve higher, credit lower. +1m: VIX lower. Transition pressure low.",partially realized,0.6,"Partially realized 3/5 tracked directions; misses: 10Y, VIX. Current month driven by risk relief under macro-confirmed evidence."
2020-01,2020,1,growth_scare,0.5445446605019207,0.14824656462669986,macro_confirmed,risk,risk-off / credit stress,policy relief,infla +0.09 | risk +2.00 | polic -1.19 | dispr -1.12 | trans +0.26,"flat / mildly positive; bull flattening; 2s10s +0.18%, 3m10y -0.04%, 5s30s +0.67%.","Breakeven 1.65% (-0.12), credit 2.13% (+0.15), VIX avg 13.9, oil 51.6 (-9.6).","Risk-off pressure broadens and rates price a deeper slowdown. Tomorrow: 2Y lower, 10Y lower. +1w: curve higher, credit higher. +1m: VIX higher. Transition pressure low.",recession_signal_strengthens,0.7762546867339842,Risk-off pressure broadens and rates price a deeper slowdown.,Credit widening intensifies; VIX stays bid,lower,lower,higher,higher,higher,2.7018512172212588,3.5422450508117,1.8296174463531936,1.2712234264675897,2.3043437243605793,1.33,1.51,0.17999999999999994,18.84,2.13,Growth and risk-off concerns dominate the month and push markets toward slower activity and defensive pricing.,"Growth slowdown, risk-off pressure, and wider spreads dominate.",2020-01-31,"2020-01: Growth Scare
Month-end: 2020-01-31
Avg regime probability: 0.54
Transition pressure: 0.15 (low)
Expectedness: macro-confirmed [macro_consistent:61%, mixed:26%, likely_flow_amplified:13%]
Curve: flat / mildly positive; bull flattening; 2s10s +0.18%, 3m10y -0.04%, 5s30s +0.67%.
Market / macro: Breakeven 1.65% (-0.12), credit 2.13% (+0.15), VIX avg 13.9, oil 51.6 (-9.6).
Top drivers: risk-off / credit stress; policy relief.
Top branch: recession_signal_strengthens (p=0.78)
Path: Risk-off pressure broadens and rates price a deeper slowdown. Tomorrow: 2Y lower, 10Y lower. +1w: curve higher, credit higher. +1m: VIX higher. Transition pressure low.
Leaf scenario: Credit widening intensifies; VIX stays bid",inflation_shock,Inflation Shock,inflation_persists,"Inflation remains dominant and front-end repricing extends. Tomorrow: 2Y higher, 10Y higher. +1w: curve lower, credit higher. +1m: VIX higher. Transition pressure low.",partially realized,0.6,"Partially realized 3/5 tracked directions; misses: 2Y, 10Y. Current month driven by risk-off / credit stress under macro-confirmed evidence."
2020-02,2020,2,growth_scare,0.800400361772918,0.2563506071482933,contested,inflation,disinflation / oil fade,policy relief,infla -2.00 | risk +1.73 | polic -2.00 | dispr -2.00 | trans +0.94,"flat / mildly positive; bull steepening; 2s10s +0.27%, 3m10y -0.14%, 5s30s +0.76%.","Breakeven 1.41% (-0.22), credit 2.38% (+0.28), VIX avg 19.3, oil 44.8 (-5.2).","Risk-off pressure broadens and rates price a deeper slowdown. Tomorrow: 2Y lower, 10Y lower. +1w: curve higher, credit higher. +1m: VIX higher. Transition pressure low.",recession_signal_strengthens,0.7922996842358329,Risk-off pressure broadens and rates price a deeper slowdown.,Credit widening intensifies; VIX stays bid,lower,lower,higher,higher,higher,6.279132105633708,5.175905717843015,2.3764469276632267,3.142652184063645,3.4040417153730633,0.86,1.13,0.2699999999999999,40.11,2.38,Growth and risk-off concerns dominate the month and push markets toward slower activity and defensive pricing.,"Growth slowdown, risk-off pressure, and wider spreads dominate.",2020-02-28,"2020-02: Growth Scare
Month-end: 2020-02-28
Avg regime probability: 0.80
Transition pressure: 0.26 (low)
Expectedness: contested [macro_consistent:60%, mixed:35%, likely_flow_amplified:5%]
Curve: flat / mildly positive; bull steepening; 2s10s +0.27%, 3m10y -0.14%, 5s30s +0.76%.
Market / macro: Breakeven 1.41% (-0.22), credit 2.38% (+0.28), VIX avg 19.3, oil 44.8 (-5.2).
Top drivers: disinflation / oil fade; policy relief.
Top branch: recession_signal_strengthens (p=0.79)
Path: Risk-off pressure broadens and rates price a deeper slowdown. Tomorrow: 2Y lower, 10Y lower. +1w: curve higher, credit higher. +1m: VIX higher. Transition pressure low.
Leaf scenario: Credit widening intensifies; VIX stays bid",growth_scare,Growth Scare,recession_signal_strengthens,"Risk-off pressure broadens and rates price a deeper slowdown. Tomorrow: 2Y lower, 10Y lower. +1w: curve higher, credit higher. +1m: VIX higher. Transition pressure low.",realized,1.0,Realized 5/5 tracked directions; misses: none. Current month driven by disinflation / oil fade under contested evidence.
2020-03,2020,3,mixed_transition,0.7875040716374438,0.6785830618212682,contested,inflation,inflation / oil impulse,regime rotation pressure,infla +1.96 | risk +0.13 | polic +0.00 | dispr +0.49 | trans +0.69,"flat / mildly positive; bull steepening; 2s10s +0.47%, 3m10y +0.59%, 5s30s +0.98%.","Breakeven 0.87% (-0.54), credit 3.93% (+1.49), VIX avg 57.7, oil 20.5 (-26.3).","Existing moves extend as positioning and narrative momentum reinforce one another. Tomorrow: 2Y higher, 10Y higher. +1w: curve lower, credit higher. +1m: VIX higher. Transition pressure low.",amplification,0.5902662244462268,Existing moves extend as positioning and narrative momentum reinforce one another.,Move broadens across rates and risk; flow pressure stays elevated,higher,higher,lower,higher,higher,7.28285658241325,13.828955130450021,7.685050422736341,9.896941648812527,13.333697911682265,0.23,0.7,0.47,53.54,3.93,No single macro force dominates; the regime is contested and transition pressure is high.,"Signals disagree, transition pressure is elevated, and narrative coherence is weak.",2020-03-31,"2020-03: Mixed Transition
Month-end: 2020-03-31
Avg regime probability: 0.79
Transition pressure: 0.68 (low)
Expectedness: contested [macro_consistent:41%, mixed:36%, likely_flow_amplified:23%]
Curve: flat / mildly positive; bull steepening; 2s10s +0.47%, 3m10y +0.59%, 5s30s +0.98%.
Market / macro: Breakeven 0.87% (-0.54), credit 3.93% (+1.49), VIX avg 57.7, oil 20.5 (-26.3).
Top drivers: inflation / oil impulse; regime rotation pressure.
Top branch: amplification (p=0.59)
Path: Existing moves extend as positioning and narrative momentum reinforce one another. Tomorrow: 2Y higher, 10Y higher. +1w: curve lower, credit higher. +1m: VIX higher. Transition pressure low.
Leaf scenario: Move broadens across rates and risk; flow pressure stays elevated",growth_scare,Growth Scare,recession_signal_strengthens,"Risk-off pressure broadens and rates price a deeper slowdown. Tomorrow: 2Y lower, 10Y lower. +1w: curve higher, credit higher. +1m: VIX higher. Transition pressure low.",realized,1.0,Realized 5/5 tracked directions; misses: none. Current month driven by inflation / oil impulse under contested evidence.
2020-04,2020,4,mixed_transition,0.7537544976063629,0.6351806021769923,macro_confirmed,disproportion,flow amplification / surprise,inflation / oil impulse,infla +0.83 | risk +0.47 | polic -0.08 | dispr +1.28 | trans +0.62,"flat / mildly positive; bull flattening; 2s10s +0.44%, 3m10y +0.55%, 5s30s +0.92%.","Breakeven 1.07% (+0.16), credit 3.23% (-0.74), VIX avg 41.5, oil 19.2 (-1.1).","Existing moves extend as positioning and narrative momentum reinforce one another. Tomorrow: 2Y higher, 10Y higher. +1w: curve lower, credit higher. +1m: VIX higher. Transition pressure low.",amplification,0.7414759951557929,Existing moves extend as positioning and narrative momentum reinforce one another.,Move broadens across rates and risk; flow pressure stays elevated,higher,higher,lower,higher,higher,1.930673457630782,4.70611304581605,3.5721142198983524,2.6910269415225114,5.490673911279014,0.2,0.64,0.44,34.15,3.23,No single macro force dominates; the regime is contested and transition pressure is high.,"Signals disagree, transition pressure is elevated, and narrative coherence is weak.",2020-04-30,"2020-04: Mixed Transition
Month-end: 2020-04-30
Avg regime probability: 0.75
Transition pressure: 0.64 (low)
Expectedness: macro-confirmed [macro_consistent:55%, mixed:27%, likely_flow_amplified:18%]
Curve: flat / mildly positive; bull flattening; 2s10s +0.44%, 3m10y +0.55%, 5s30s +0.92%.
Market / macro: Breakeven 1.07% (+0.16), credit 3.23% (-0.74), VIX avg 41.5, oil 19.2 (-1.1).
Top drivers: flow amplification / surprise; inflation / oil impulse.
Top branch: amplification (p=0.74)
Path: Existing moves extend as positioning and narrative momentum reinforce one another. Tomorrow: 2Y higher, 10Y higher. +1w: curve lower, credit higher. +1m: VIX higher. Transition pressure low.
Leaf scenario: Move broadens across rates and risk; flow pressure stays elevated",mixed_transition,Mixed Transition,amplification,"Existing moves extend as positioning and narrative momentum reinforce one another. Tomorrow: 2Y higher, 10Y higher. +1w: curve lower, credit higher. +1m: VIX higher. Transition pressure low.",not realized,0.2,"Not realized 1/5 tracked directions; misses: 2Y, 10Y, VIX, credit. Current month driven by flow amplification / surprise under macro-confirmed evidence."
2020-05,2020,5,inflation_shock,0.532378358991213,0.26465948829453606,contested,disproportion,flow unwind,risk relief,infla -0.11 | risk -0.57 | polic +0.23 | dispr -1.03 | trans +0.39,"flat / mildly positive; mixed repricing; 2s10s +0.49%, 3m10y +0.51%, 5s30s +1.11%.","Breakeven 1.15% (+0.09), credit 3.08% (-0.17), VIX avg 30.8, oil 35.6 (+15.9).","Inflation momentum cools and rates retrace toward a cleaner equilibrium. Tomorrow: 2Y lower, 10Y lower. +1w: curve higher, credit lower. +1m: VIX lower. Transition pressure low.",containment_normalization,0.4323406695122628,Inflation momentum cools and rates retrace toward a cleaner equilibrium.,Commodity impulse fades; policy credibility improves,lower,lower,higher,lower,lower,1.503329637837291,4.200892762258991,3.491060010942233,2.070554032137293,3.365635155509285,0.16,0.65,0.49,27.51,3.08,Inflation and commodity pressure dominate the rates regime and keep nominal repricing biased upward.,"Inflation pressure, commodity impulse, and nominal repricing dominate.",2020-05-29,"2020-05: Inflation Shock
Month-end: 2020-05-29
Avg regime probability: 0.53
Transition pressure: 0.26 (low)
Expectedness: contested [macro_consistent:38%, mixed:43%, likely_flow_amplified:19%]
Curve: flat / mildly positive; mixed repricing; 2s10s +0.49%, 3m10y +0.51%, 5s30s +1.11%.
Market / macro: Breakeven 1.15% (+0.09), credit 3.08% (-0.17), VIX avg 30.8, oil 35.6 (+15.9).
Top drivers: flow unwind; risk relief.
Top branch: containment_normalization (p=0.43)
Path: Inflation momentum cools and rates retrace toward a cleaner equilibrium. Tomorrow: 2Y lower, 10Y lower. +1w: curve higher, credit lower. +1m: VIX lower. Transition pressure low.
Leaf scenario: Commodity impulse fades; policy credibility improves",mixed_transition,Mixed Transition,amplification,"Existing moves extend as positioning and narrative momentum reinforce one another. Tomorrow: 2Y higher, 10Y higher. +1w: curve lower, credit higher. +1m: VIX higher. Transition pressure low.",not realized,0.0,"Not realized 0/5 tracked directions; misses: 2Y, 10Y, 2s10s, VIX, credit. Current month driven by flow unwind under contested evidence."
2020-06,2020,6,inflation_shock,0.4382297612450941,0.5016690923325027,macro_confirmed,disproportion,flow unwind,risk relief,infla -0.07 | risk -0.46 | polic -0.17 | dispr -0.58 | trans +0.40,"moderately steep; bear steepening; 2s10s +0.50%, 3m10y +0.50%, 5s30s +1.12%.","Breakeven 1.34% (+0.16), credit 2.93% (-0.17), VIX avg 31.1, oil 39.3 (+3.8).","Inflation remains dominant and front-end repricing extends. Tomorrow: 2Y higher, 10Y higher. +1w: curve lower, credit higher. +1m: VIX higher. Transition pressure low.",inflation_persists,0.4108930587477826,Inflation remains dominant and front-end repricing extends.,Energy impulse re-accelerates; breakevens keep grinding higher,higher,higher,lower,higher,higher,1.4991664350564946,4.784349485562274,4.2599882628946295,3.531641934001803,4.097255178775183,0.16,0.66,0.5,30.43,2.93,Inflation and commodity pressure dominate the rates regime and keep nominal repricing biased upward.,"Inflation pressure, commodity impulse, and nominal repricing dominate.",2020-06-30,"2020-06: Inflation Shock
Month-end: 2020-06-30
Avg regime probability: 0.44
Transition pressure: 0.50 (low)
Expectedness: macro-confirmed [macro_consistent:45%, mixed:32%, likely_flow_amplified:23%]
Curve: moderately steep; bear steepening; 2s10s +0.50%, 3m10y +0.50%, 5s30s +1.12%.
Market / macro: Breakeven 1.34% (+0.16), credit 2.93% (-0.17), VIX avg 31.1, oil 39.3 (+3.8).
Top drivers: flow unwind; risk relief.
Top branch: inflation_persists (p=0.41)
Path: Inflation remains dominant and front-end repricing extends. Tomorrow: 2Y higher, 10Y higher. +1w: curve lower, credit higher. +1m: VIX higher. Transition pressure low.
Leaf scenario: Energy impulse re-accelerates; breakevens keep grinding higher",inflation_shock,Inflation Shock,containment_normalization,"Inflation momentum cools and rates retrace toward a cleaner equilibrium. Tomorrow: 2Y lower, 10Y lower. +1w: curve higher, credit lower. +1m: VIX lower. Transition pressure low.",not realized,0.2,"Not realized 1/5 tracked directions; misses: 2Y, 10Y, 2s10s, VIX. Current month driven by flow unwind under macro-confirmed evidence."
2020-07,2020,7,inflation_shock,0.4793573028441882,0.26885831304583346,flow_amplified,disproportion,flow unwind,inflation / oil impulse,infla +0.57 | risk -0.10 | polic +0.00 | dispr -0.59 | trans +0.13,"flat / mildly positive; bull flattening; 2s10s +0.44%, 3m10y +0.46%, 5s30s +0.99%.","Breakeven 1.55% (+0.18), credit 2.60% (-0.29), VIX avg 26.9, oil 40.1 (+0.2).","Inflation remains dominant and front-end repricing extends. Tomorrow: 2Y higher, 10Y higher. +1w: curve lower, credit higher. +1m: VIX higher. Transition pressure low.",inflation_persists,0.5069865721858735,Inflation remains dominant and front-end repricing extends.,Energy impulse re-accelerates; breakevens keep grinding higher,higher,higher,lower,higher,higher,1.2990381056766576,2.1511624764298953,2.437211521390789,1.6973682570379354,1.9817921182606446,0.11,0.55,0.44000000000000006,24.46,2.6,Inflation and commodity pressure dominate the rates regime and keep nominal repricing biased upward.,"Inflation pressure, commodity impulse, and nominal repricing dominate.",2020-07-31,"2020-07: Inflation Shock
Month-end: 2020-07-31
Avg regime probability: 0.48
Transition pressure: 0.27 (low)
Expectedness: flow-amplified [macro_consistent:39%, mixed:17%, likely_flow_amplified:43%]
Curve: flat / mildly positive; bull flattening; 2s10s +0.44%, 3m10y +0.46%, 5s30s +0.99%.
Market / macro: Breakeven 1.55% (+0.18), credit 2.60% (-0.29), VIX avg 26.9, oil 40.1 (+0.2).
Top drivers: flow unwind; inflation / oil impulse.
Top branch: inflation_persists (p=0.51)
Path: Inflation remains dominant and front-end repricing extends. Tomorrow: 2Y higher, 10Y higher. +1w: curve lower, credit higher. +1m: VIX higher. Transition pressure low.
Leaf scenario: Energy impulse re-accelerates; breakevens keep grinding higher",inflation_shock,Inflation Shock,inflation_persists,"Inflation remains dominant and front-end repricing extends. Tomorrow: 2Y higher, 10Y higher. +1w: curve lower, credit higher. +1m: VIX higher. Transition pressure low.",not realized,0.2,"Not realized 1/5 tracked directions; misses: 2Y, 10Y, VIX, credit. Current month driven by flow unwind under flow-amplified evidence."
2020-08,2020,8,inflation_shock,0.4313910108931091,0.18331331799194497,flow_amplified,disproportion,flow unwind,inflation / oil impulse,infla +0.47 | risk +0.43 | polic +0.18 | dispr -0.91 | trans +0.30,"moderately steep; bear steepening; 2s10s +0.58%, 3m10y +0.61%, 5s30s +1.21%.","Breakeven 1.80% (+0.22), credit 2.67% (+0.04), VIX avg 22.9, oil 42.6 (+1.8).","Inflation remains dominant and front-end repricing extends. Tomorrow: 2Y higher, 10Y higher. +1w: curve lower, credit higher. +1m: VIX higher. Transition pressure low.",inflation_persists,0.4143728232095356,Inflation remains dominant and front-end repricing extends.,Energy impulse re-accelerates; breakevens keep grinding higher,higher,higher,lower,higher,higher,1.2757350822173072,2.6381811916545836,2.6509432283623133,1.1532444450332284,2.4617067250182356,0.14,0.72,0.58,26.41,2.67,Inflation and commodity pressure dominate the rates regime and keep nominal repricing biased upward.,"Inflation pressure, commodity impulse, and nominal repricing dominate.",2020-08-31,"2020-08: Inflation Shock
Month-end: 2020-08-31
Avg regime probability: 0.43
Transition pressure: 0.18 (low)
Expectedness: flow-amplified [macro_consistent:33%, mixed:19%, likely_flow_amplified:48%]
Curve: moderately steep; bear steepening; 2s10s +0.58%, 3m10y +0.61%, 5s30s +1.21%.
Market / macro: Breakeven 1.80% (+0.22), credit 2.67% (+0.04), VIX avg 22.9, oil 42.6 (+1.8).
Top drivers: flow unwind; inflation / oil impulse.
Top branch: inflation_persists (p=0.41)
Path: Inflation remains dominant and front-end repricing extends. Tomorrow: 2Y higher, 10Y higher. +1w: curve lower, credit higher. +1m: VIX higher. Transition pressure low.
Leaf scenario: Energy impulse re-accelerates; breakevens keep grinding higher",inflation_shock,Inflation Shock,inflation_persists,"Inflation remains dominant and front-end repricing extends. Tomorrow: 2Y higher, 10Y higher. +1w: curve lower, credit higher. +1m: VIX higher. Transition pressure low.",realized,0.8,Realized 4/5 tracked directions; misses: 2s10s. Current month driven by flow unwind under flow-amplified evidence.
2020-09,2020,9,growth_scare,0.39164460363291637,0.42932140719060113,macro_confirmed,disproportion,flow amplification / surprise,hawkish front-end pressure,infla +0.02 | risk +0.15 | polic +0.17 | dispr +2.00 | trans +0.16,"moderately steep; bull flattening; 2s10s +0.56%, 3m10y +0.59%, 5s30s +1.18%.","Breakeven 1.63% (-0.13), credit 2.75% (+0.08), VIX avg 27.8, oil 40.0 (-2.7).","Risk-off pressure broadens and rates price a deeper slowdown. Tomorrow: 2Y lower, 10Y lower. +1w: curve higher, credit higher. +1m: VIX higher. Transition pressure low.",recession_signal_strengthens,0.5416099485677279,Risk-off pressure broadens and rates price a deeper slowdown.,Credit widening intensifies; VIX stays bid,lower,lower,higher,higher,higher,1.2031209415515973,2.5743931323711986,2.293468988235942,2.097963298058382,1.8296174463531956,0.13,0.69,0.5599999999999999,26.37,2.75,Growth and risk-off concerns dominate the month and push markets toward slower activity and defensive pricing.,"Growth slowdown, risk-off pressure, and wider spreads dominate.",2020-09-30,"2020-09: Growth Scare
Month-end: 2020-09-30
Avg regime probability: 0.39
Transition pressure: 0.43 (low)
Expectedness: macro-confirmed [macro_consistent:41%, mixed:27%, likely_flow_amplified:32%]
Curve: moderately steep; bull flattening; 2s10s +0.56%, 3m10y +0.59%, 5s30s +1.18%.
Market / macro: Breakeven 1.63% (-0.13), credit 2.75% (+0.08), VIX avg 27.8, oil 40.0 (-2.7).
Top drivers: flow amplification / surprise; hawkish front-end pressure.
Top branch: recession_signal_strengthens (p=0.54)
Path: Risk-off pressure broadens and rates price a deeper slowdown. Tomorrow: 2Y lower, 10Y lower. +1w: curve higher, credit higher. +1m: VIX higher. Transition pressure low.
Leaf scenario: Credit widening intensifies; VIX stays bid",inflation_shock,Inflation Shock,inflation_persists,"Inflation remains dominant and front-end repricing extends. Tomorrow: 2Y higher, 10Y higher. +1w: curve lower, credit higher. +1m: VIX higher. Transition pressure low.",partially realized,0.4,"Partially realized 2/5 tracked directions; misses: 2Y, 10Y, VIX. Current month driven by flow amplification / surprise under macro-confirmed evidence."
2020-10,2020,10,inflation_shock,0.3812821370015315,0.32751643482800247,macro_confirmed,disproportion,flow unwind,regime rotation pressure,infla -0.24 | risk +0.06 | polic -0.69 | dispr -0.98 | trans +0.69,"moderately steep; bear steepening; 2s10s +0.74%, 3m10y +0.79%, 5s30s +1.27%.","Breakeven 1.70% (+0.07), credit 2.61% (-0.14), VIX avg 29.4, oil 35.6 (-2.9).","Inflation momentum cools and rates retrace toward a cleaner equilibrium. Tomorrow: 2Y lower, 10Y lower. +1w: curve higher, credit lower. +1m: VIX lower. Transition pressure low.",containment_normalization,0.44660164194010776,Inflation momentum cools and rates retrace toward a cleaner equilibrium.,Commodity impulse fades; policy credibility improves,lower,lower,higher,lower,lower,1.596088969951236,3.3151168908501565,3.1666228067138036,2.1214746640014344,1.5451537140362472,0.14,0.88,0.74,38.02,2.61,Inflation and commodity pressure dominate the rates regime and keep nominal repricing biased upward.,"Inflation pressure, commodity impulse, and nominal repricing dominate.",2020-10-30,"2020-10: Inflation Shock
Month-end: 2020-10-30
Avg regime probability: 0.38
Transition pressure: 0.33 (low)
Expectedness: macro-confirmed [macro_consistent:64%, mixed:27%, likely_flow_amplified:9%]
Curve: moderately steep; bear steepening; 2s10s +0.74%, 3m10y +0.79%, 5s30s +1.27%.
Market / macro: Breakeven 1.70% (+0.07), credit 2.61% (-0.14), VIX avg 29.4, oil 35.6 (-2.9).
Top drivers: flow unwind; regime rotation pressure.
Top branch: containment_normalization (p=0.45)
Path: Inflation momentum cools and rates retrace toward a cleaner equilibrium. Tomorrow: 2Y lower, 10Y lower. +1w: curve higher, credit lower. +1m: VIX lower. Transition pressure low.
Leaf scenario: Commodity impulse fades; policy credibility improves",growth_scare,Growth Scare,recession_signal_strengthens,"Risk-off pressure broadens and rates price a deeper slowdown. Tomorrow: 2Y lower, 10Y lower. +1w: curve higher, credit higher. +1m: VIX higher. Transition pressure low.",partially realized,0.4,"Partially realized 2/5 tracked directions; misses: 2Y, 10Y, credit. Current month driven by flow unwind under macro-confirmed evidence."
2020-11,2020,11,inflation_shock,0.4978776502953094,0.31115506410609767,macro_confirmed,disproportion,flow unwind,risk relief,infla +0.29 | risk -0.54 | polic +0.00 | dispr -1.40 | trans +0.13,"moderately steep; mixed repricing; 2s10s +0.68%, 3m10y +0.76%, 5s30s +1.22%.","Breakeven 1.77% (+0.06), credit 2.29% (-0.31), VIX avg 24.8, oil 45.2 (+8.6).","Inflation momentum cools and rates retrace toward a cleaner equilibrium. Tomorrow: 2Y lower, 10Y lower. +1w: curve higher, credit lower. +1m: VIX lower. Transition pressure low.",containment_normalization,0.44733731048174047,Inflation momentum cools and rates retrace toward a cleaner equilibrium.,Commodity impulse fades; policy credibility improves,lower,lower,higher,lower,lower,1.4491376746189435,5.032643440578719,4.222262426709169,1.6318137148584082,1.8296174463531958,0.16,0.84,0.6799999999999999,20.57,2.29,Inflation and commodity pressure dominate the rates regime and keep nominal repricing biased upward.,"Inflation pressure, commodity impulse, and nominal repricing dominate.",2020-11-30,"2020-11: Inflation Shock
Month-end: 2020-11-30
Avg regime probability: 0.50
Transition pressure: 0.31 (low)
Expectedness: macro-confirmed [macro_consistent:52%, mixed:29%, likely_flow_amplified:19%]
Curve: moderately steep; mixed repricing; 2s10s +0.68%, 3m10y +0.76%, 5s30s +1.22%.
Market / macro: Breakeven 1.77% (+0.06), credit 2.29% (-0.31), VIX avg 24.8, oil 45.2 (+8.6).
Top drivers: flow unwind; risk relief.
Top branch: containment_normalization (p=0.45)
Path: Inflation momentum cools and rates retrace toward a cleaner equilibrium. Tomorrow: 2Y lower, 10Y lower. +1w: curve higher, credit lower. +1m: VIX lower. Transition pressure low.
Leaf scenario: Commodity impulse fades; policy credibility improves",inflation_shock,Inflation Shock,containment_normalization,"Inflation momentum cools and rates retrace toward a cleaner equilibrium. Tomorrow: 2Y lower, 10Y lower. +1w: curve higher, credit lower. +1m: VIX lower. Transition pressure low.",partially realized,0.6,"Partially realized 3/5 tracked directions; misses: 2Y, 2s10s. Current month driven by flow unwind under macro-confirmed evidence."
2020-12,2020,12,inflation_shock,0.4534190209722287,0.15855975966981087,macro_confirmed,inflation,inflation / oil impulse,flow unwind,infla +0.55 | risk -0.32 | polic +0.22 | dispr -0.49 | trans +0.17,"moderately steep; mixed repricing; 2s10s +0.80%, 3m10y +0.84%, 5s30s +1.29%.","Breakeven 1.99% (+0.18), credit 2.18% (-0.10), VIX avg 22.3, oil 48.4 (+3.8).","Inflation remains dominant and front-end repricing extends. Tomorrow: 2Y higher, 10Y higher. +1w: curve lower, credit higher. +1m: VIX higher. Transition pressure low.",inflation_persists,0.5489850352524065,Inflation remains dominant and front-end repricing extends.,Energy impulse re-accelerates; breakevens keep grinding higher,higher,higher,lower,higher,higher,1.3143439428094916,2.0850659461993004,2.0149441679609854,1.2192714012884904,1.336974195712091,0.13,0.93,0.8,22.75,2.18,Inflation and commodity pressure dominate the rates regime and keep nominal repricing biased upward.,"Inflation pressure, commodity impulse, and nominal repricing dominate.",2020-12-31,"2020-12: Inflation Shock
Month-end: 2020-12-31
Avg regime probability: 0.45
Transition pressure: 0.16 (low)
Expectedness: macro-confirmed [macro_consistent:48%, mixed:26%, likely_flow_amplified:26%]
Curve: moderately steep; mixed repricing; 2s10s +0.80%, 3m10y +0.84%, 5s30s +1.29%.
Market / macro: Breakeven 1.99% (+0.18), credit 2.18% (-0.10), VIX avg 22.3, oil 48.4 (+3.8).
Top drivers: inflation / oil impulse; flow unwind.
Top branch: inflation_persists (p=0.55)
Path: Inflation remains dominant and front-end repricing extends. Tomorrow: 2Y higher, 10Y higher. +1w: curve lower, credit higher. +1m: VIX higher. Transition pressure low.
Leaf scenario: Energy impulse re-accelerates; breakevens keep grinding higher",inflation_shock,Inflation Shock,containment_normalization,"Inflation momentum cools and rates retrace toward a cleaner equilibrium. Tomorrow: 2Y lower, 10Y lower. +1w: curve higher, credit lower. +1m: VIX lower. Transition pressure low.",partially realized,0.6,"Partially realized 3/5 tracked directions; misses: 10Y, VIX. Current month driven by inflation / oil impulse under macro-confirmed evidence."
2021-01,2021,1,mixed_transition,0.6538653029014388,0.29675800828982524,flow_amplified,risk,risk-off / credit stress,policy relief,infla -0.01 | risk +0.63 | polic -0.56 | dispr +0.00 | trans +0.47,"moderately steep; mixed repricing; 2s10s +1.00%, 3m10y +1.05%, 5s30s +1.42%.","Breakeven 2.13% (+0.14), credit 2.17% (-0.01), VIX avg 24.8, oil 52.2 (+3.8).","Existing moves extend as positioning and narrative momentum reinforce one another. Tomorrow: 2Y higher, 10Y higher. +1w: curve lower, credit higher. +1m: VIX higher. Transition pressure low.",amplification,0.3845219775975935,Existing moves extend as positioning and narrative momentum reinforce one another.,Move broadens across rates and risk; flow pressure stays elevated,higher,higher,lower,higher,higher,1.2206555615733705,3.3749074061372375,3.1144823004794833,3.8618300066160347,2.290742237791064,0.11,1.11,1.0,33.09,2.17,No single macro force dominates; the regime is contested and transition pressure is high.,"Signals disagree, transition pressure is elevated, and narrative coherence is weak.",2021-01-29,"2021-01: Mixed Transition
Month-end: 2021-01-29
Avg regime probability: 0.65
Transition pressure: 0.30 (low)
Expectedness: flow-amplified [macro_consistent:29%, mixed:29%, likely_flow_amplified:43%]
Curve: moderately steep; mixed repricing; 2s10s +1.00%, 3m10y +1.05%, 5s30s +1.42%.
Market / macro: Breakeven 2.13% (+0.14), credit 2.17% (-0.01), VIX avg 24.8, oil 52.2 (+3.8).
Top drivers: risk-off / credit stress; policy relief.
Top branch: amplification (p=0.38)
Path: Existing moves extend as positioning and narrative momentum reinforce one another. Tomorrow: 2Y higher, 10Y higher. +1w: curve lower, credit higher. +1m: VIX higher. Transition pressure low.
Leaf scenario: Move broadens across rates and risk; flow pressure stays elevated",inflation_shock,Inflation Shock,inflation_persists,"Inflation remains dominant and front-end repricing extends. Tomorrow: 2Y higher, 10Y higher. +1w: curve lower, credit higher. +1m: VIX higher. Transition pressure low.",partially realized,0.4,"Partially realized 2/5 tracked directions; misses: 2Y, 2s10s, credit. Current month driven by risk-off / credit stress under flow-amplified evidence."
2021-02,2021,2,inflation_shock,0.46105618164212275,0.2995694057861669,flow_amplified,disproportion,flow unwind,regime rotation pressure,infla -0.04 | risk -0.24 | polic +0.24 | dispr -2.00 | trans +0.50,"moderately steep; bear steepening; 2s10s +1.30%, 3m10y +1.40%, 5s30s +1.42%.","Breakeven 2.15% (+0.04), credit 2.12% (-0.07), VIX avg 23.0, oil 61.5 (+8.0).","Inflation momentum cools and rates retrace toward a cleaner equilibrium. Tomorrow: 2Y lower, 10Y lower. +1w: curve higher, credit lower. +1m: VIX lower. Transition pressure low.",containment_normalization,0.5119832579950071,Inflation momentum cools and rates retrace toward a cleaner equilibrium.,Commodity impulse fades; policy credibility improves,lower,lower,higher,lower,lower,1.589811309558465,5.012733785071779,3.9560080889705045,2.3122566899027457,2.981191037152771,0.14,1.44,1.2999999999999998,27.95,2.12,Inflation and commodity pressure dominate the rates regime and keep nominal repricing biased upward.,"Inflation pressure, commodity impulse, and nominal repricing dominate.",2021-02-26,"2021-02: Inflation Shock
Month-end: 2021-02-26
Avg regime probability: 0.46
Transition pressure: 0.30 (low)
Expectedness: flow-amplified [macro_consistent:30%, mixed:30%, likely_flow_amplified:40%]
Curve: moderately steep; bear steepening; 2s10s +1.30%, 3m10y +1.40%, 5s30s +1.42%.
Market / macro: Breakeven 2.15% (+0.04), credit 2.12% (-0.07), VIX avg 23.0, oil 61.5 (+8.0).
Top drivers: flow unwind; regime rotation pressure.
Top branch: containment_normalization (p=0.51)
Path: Inflation momentum cools and rates retrace toward a cleaner equilibrium. Tomorrow: 2Y lower, 10Y lower. +1w: curve higher, credit lower. +1m: VIX lower. Transition pressure low.
Leaf scenario: Commodity impulse fades; policy credibility improves",mixed_transition,Mixed Transition,amplification,"Existing moves extend as positioning and narrative momentum reinforce one another. Tomorrow: 2Y higher, 10Y higher. +1w: curve lower, credit higher. +1m: VIX higher. Transition pressure low.",partially realized,0.4,"Partially realized 2/5 tracked directions; misses: 2s10s, VIX, credit. Current month driven by flow unwind under flow-amplified evidence."
2021-03,2021,3,inflation_shock,0.5011446255402805,0.2803025332176776,contested,disproportion,flow unwind,risk relief,infla +0.19 | risk -0.24 | polic -0.08 | dispr -0.78 | trans +0.14,"steep; bear steepening; 2s10s +1.58%, 3m10y +1.71%, 5s30s +1.49%.","Breakeven 2.37% (+0.21), credit 2.03% (-0.10), VIX avg 21.8, oil 59.2 (-1.4).","Inflation remains dominant and front-end repricing extends. Tomorrow: 2Y higher, 10Y higher. +1w: curve lower, credit higher. +1m: VIX higher. Transition pressure low.",inflation_persists,0.4354017299051653,Inflation remains dominant and front-end repricing extends.,Energy impulse re-accelerates; breakevens keep grinding higher,higher,higher,lower,higher,higher,1.2999999999999996,4.126439142893059,3.9099232729044684,1.493058187077784,2.6734808770589664,0.16,1.74,1.58,19.4,2.03,Inflation and commodity pressure dominate the rates regime and keep nominal repricing biased upward.,"Inflation pressure, commodity impulse, and nominal repricing dominate.",2021-03-31,"2021-03: Inflation Shock
Month-end: 2021-03-31
Avg regime probability: 0.50
Transition pressure: 0.28 (low)
Expectedness: contested [macro_consistent:43%, mixed:39%, likely_flow_amplified:17%]
Curve: steep; bear steepening; 2s10s +1.58%, 3m10y +1.71%, 5s30s +1.49%.
Market / macro: Breakeven 2.37% (+0.21), credit 2.03% (-0.10), VIX avg 21.8, oil 59.2 (-1.4).
Top drivers: flow unwind; risk relief.
Top branch: inflation_persists (p=0.44)
Path: Inflation remains dominant and front-end repricing extends. Tomorrow: 2Y higher, 10Y higher. +1w: curve lower, credit higher. +1m: VIX higher. Transition pressure low.
Leaf scenario: Energy impulse re-accelerates; breakevens keep grinding higher",inflation_shock,Inflation Shock,containment_normalization,"Inflation momentum cools and rates retrace toward a cleaner equilibrium. Tomorrow: 2Y lower, 10Y lower. +1w: curve higher, credit lower. +1m: VIX lower. Transition pressure low.",partially realized,0.6,"Partially realized 3/5 tracked directions; misses: 2Y, 10Y. Current month driven by flow unwind under contested evidence."
2021-04,2021,4,mixed_transition,0.5946972653957523,0.15417189108207394,macro_confirmed,inflation,disinflation / oil fade,flow amplification / surprise,infla -0.34 | risk +0.22 | polic +0.00 | dispr +0.30 | trans +0.16,"moderately steep; bull flattening; 2s10s +1.49%, 3m10y +1.64%, 5s30s +1.44%.","Breakeven 2.41% (+0.06), credit 1.96% (-0.02), VIX avg 17.4, oil 63.5 (+2.1).","Existing moves extend as positioning and narrative momentum reinforce one another. Tomorrow: 2Y higher, 10Y higher. +1w: curve lower, credit higher. +1m: VIX higher. Transition pressure low.",amplification,0.41941744147042825,Existing moves extend as positioning and narrative momentum reinforce one another.,Move broadens across rates and risk; flow pressure stays elevated,higher,higher,lower,higher,higher,1.1947803145348517,3.213642792844281,3.0099833886584797,0.7384673317080456,1.8947295321496416,0.16,1.65,1.49,18.61,1.96,No single macro force dominates; the regime is contested and transition pressure is high.,"Signals disagree, transition pressure is elevated, and narrative coherence is weak.",2021-04-30,"2021-04: Mixed Transition
Month-end: 2021-04-30
Avg regime probability: 0.59
Transition pressure: 0.15 (low)
Expectedness: macro-confirmed [macro_consistent:55%, mixed:32%, likely_flow_amplified:14%]
Curve: moderately steep; bull flattening; 2s10s +1.49%, 3m10y +1.64%, 5s30s +1.44%.
Market / macro: Breakeven 2.41% (+0.06), credit 1.96% (-0.02), VIX avg 17.4, oil 63.5 (+2.1).
Top drivers: disinflation / oil fade; flow amplification / surprise.
Top branch: amplification (p=0.42)
Path: Existing moves extend as positioning and narrative momentum reinforce one another. Tomorrow: 2Y higher, 10Y higher. +1w: curve lower, credit higher. +1m: VIX higher. Transition pressure low.
Leaf scenario: Move broadens across rates and risk; flow pressure stays elevated",inflation_shock,Inflation Shock,inflation_persists,"Inflation remains dominant and front-end repricing extends. Tomorrow: 2Y higher, 10Y higher. +1w: curve lower, credit higher. +1m: VIX higher. Transition pressure low.",not realized,0.2,"Not realized 1/5 tracked directions; misses: 2Y, 10Y, VIX, credit. Current month driven by disinflation / oil fade under macro-confirmed evidence."
2021-05,2021,5,mixed_transition,0.6437956903245952,0.2679876866417005,flow_amplified,disproportion,flow amplification / surprise,regime rotation pressure,infla +0.00 | risk -0.02 | polic +0.00 | dispr +0.10 | trans +0.09,"moderately steep; bull flattening; 2s10s +1.44%, 3m10y +1.57%, 5s30s +1.47%.","Breakeven 2.42% (+0.00), credit 1.99% (+0.03), VIX avg 19.6, oil 66.3 (+1.9).","Existing moves extend as positioning and narrative momentum reinforce one another. Tomorrow: 2Y higher, 10Y higher. +1w: curve lower, credit higher. +1m: VIX higher. Transition pressure low.",amplification,0.3742714430099809,Existing moves extend as positioning and narrative momentum reinforce one another.,Move broadens across rates and risk; flow pressure stays elevated,higher,higher,lower,higher,higher,0.9433981132056607,2.8084693339967233,2.815581645060219,2.2644533004679075,1.388344337691477,0.14,1.58,1.44,16.76,1.99,No single macro force dominates; the regime is contested and transition pressure is high.,"Signals disagree, transition pressure is elevated, and narrative coherence is weak.",2021-05-31,"2021-05: Mixed Transition
Month-end: 2021-05-31
Avg regime probability: 0.64
Transition pressure: 0.27 (low)
Expectedness: flow-amplified [macro_consistent:33%, mixed:29%, likely_flow_amplified:38%]
Curve: moderately steep; bull flattening; 2s10s +1.44%, 3m10y +1.57%, 5s30s +1.47%.
Market / macro: Breakeven 2.42% (+0.00), credit 1.99% (+0.03), VIX avg 19.6, oil 66.3 (+1.9).
Top drivers: flow amplification / surprise; regime rotation pressure.
Top branch: amplification (p=0.37)
Path: Existing moves extend as positioning and narrative momentum reinforce one another. Tomorrow: 2Y higher, 10Y higher. +1w: curve lower, credit higher. +1m: VIX higher. Transition pressure low.
Leaf scenario: Move broadens across rates and risk; flow pressure stays elevated",mixed_transition,Mixed Transition,amplification,"Existing moves extend as positioning and narrative momentum reinforce one another. Tomorrow: 2Y higher, 10Y higher. +1w: curve lower, credit higher. +1m: VIX higher. Transition pressure low.",partially realized,0.4,"Partially realized 2/5 tracked directions; misses: 2Y, 10Y, VIX. Current month driven by flow amplification / surprise under flow-amplified evidence."
2021-06,2021,6,policy_constraint,0.4461311151493035,0.16601984134897638,macro_confirmed,disproportion,flow unwind,risk relief,infla +0.04 | risk -0.10 | polic -0.07 | dispr -0.94 | trans +0.10,"moderately steep; mixed repricing; 2s10s +1.20%, 3m10y +1.40%, 5s30s +1.19%.","Breakeven 2.32% (-0.14), credit 1.87% (-0.10), VIX avg 17.0, oil 73.5 (+5.7).","Policy pressure eases and front-end rates retrace without a major growth shock. Tomorrow: 2Y lower, 10Y lower. +1w: curve higher, credit lower. +1m: VIX lower. Transition pressure low.",front_end_relief,0.4324077555849208,Policy pressure eases and front-end rates retrace without a major growth shock.,Data moderation lowers the policy premium; vol declines,lower,lower,higher,lower,lower,2.1307275752662522,4.100000000000001,3.43656805548792,1.1891209988895153,2.5588083163847952,0.25,1.45,1.2,15.83,1.87,The front end stays pinned by restrictive policy and the market prices a tight policy corridor as the main constraint.,Restrictive policy path and front-end repricing dominate more than broad risk stress.,2021-06-30,"2021-06: Policy Constraint
Month-end: 2021-06-30
Avg regime probability: 0.45
Transition pressure: 0.17 (low)
Expectedness: macro-confirmed [macro_consistent:41%, mixed:27%, likely_flow_amplified:32%]
Curve: moderately steep; mixed repricing; 2s10s +1.20%, 3m10y +1.40%, 5s30s +1.19%.
Market / macro: Breakeven 2.32% (-0.14), credit 1.87% (-0.10), VIX avg 17.0, oil 73.5 (+5.7).
Top drivers: flow unwind; risk relief.
Top branch: front_end_relief (p=0.43)
Path: Policy pressure eases and front-end rates retrace without a major growth shock. Tomorrow: 2Y lower, 10Y lower. +1w: curve higher, credit lower. +1m: VIX lower. Transition pressure low.
Leaf scenario: Data moderation lowers the policy premium; vol declines",mixed_transition,Mixed Transition,amplification,"Existing moves extend as positioning and narrative momentum reinforce one another. Tomorrow: 2Y higher, 10Y higher. +1w: curve lower, credit higher. +1m: VIX higher. Transition pressure low.",partially realized,0.4,"Partially realized 2/5 tracked directions; misses: 10Y, VIX, credit. Current month driven by flow unwind under macro-confirmed evidence."
2021-07,2021,7,growth_scare,0.38988702228782685,0.17128411527321388,macro_confirmed,inflation,disinflation / oil fade,risk-off / credit stress,infla -0.49 | risk +0.33 | polic +0.14 | dispr +0.29 | trans +0.15,"moderately steep; bull flattening; 2s10s +1.05%, 3m10y +1.18%, 5s30s +1.20%.","Breakeven 2.40% (+0.05), credit 1.95% (+0.09), VIX avg 17.5, oil 73.9 (-1.4).","Risk-off pressure broadens and rates price a deeper slowdown. Tomorrow: 2Y lower, 10Y lower. +1w: curve higher, credit higher. +1m: VIX higher. Transition pressure low.",recession_signal_strengthens,0.5763326375764287,Risk-off pressure broadens and rates price a deeper slowdown.,Credit widening intensifies; VIX stays bid,lower,lower,higher,higher,higher,2.0463381929681126,4.722287581247039,3.3147398087934445,1.6438134778617681,1.5297058540778348,0.19,1.24,1.05,18.24,1.95,Growth and risk-off concerns dominate the month and push markets toward slower activity and defensive pricing.,"Growth slowdown, risk-off pressure, and wider spreads dominate.",2021-07-30,"2021-07: Growth Scare
Month-end: 2021-07-30
Avg regime probability: 0.39
Transition pressure: 0.17 (low)
Expectedness: macro-confirmed [macro_consistent:68%, mixed:27%, likely_flow_amplified:5%]
Curve: moderately steep; bull flattening; 2s10s +1.05%, 3m10y +1.18%, 5s30s +1.20%.
Market / macro: Breakeven 2.40% (+0.05), credit 1.95% (+0.09), VIX avg 17.5, oil 73.9 (-1.4).
Top drivers: disinflation / oil fade; risk-off / credit stress.
Top branch: recession_signal_strengthens (p=0.58)
Path: Risk-off pressure broadens and rates price a deeper slowdown. Tomorrow: 2Y lower, 10Y lower. +1w: curve higher, credit higher. +1m: VIX higher. Transition pressure low.
Leaf scenario: Credit widening intensifies; VIX stays bid",policy_constraint,Policy Constraint,front_end_relief,"Policy pressure eases and front-end rates retrace without a major growth shock. Tomorrow: 2Y lower, 10Y lower. +1w: curve higher, credit lower. +1m: VIX lower. Transition pressure low.",partially realized,0.4,"Partially realized 2/5 tracked directions; misses: 2s10s, VIX, credit. Current month driven by disinflation / oil fade under macro-confirmed evidence."
2021-08,2021,8,policy_constraint,0.35214851261120445,0.17033996355345446,macro_confirmed,disproportion,flow amplification / surprise,disinflation / oil fade,infla -0.79 | risk +0.39 | polic -0.08 | dispr +1.39 | trans +0.14,"moderately steep; bear steepening; 2s10s +1.10%, 3m10y +1.26%, 5s30s +1.15%.","Breakeven 2.33% (-0.04), credit 1.94% (-0.01), VIX avg 17.5, oil 68.4 (-2.9).","The front end remains pinned by policy credibility and restrictive guidance. Tomorrow: 2Y higher, 10Y higher. +1w: curve lower, credit higher. +1m: VIX higher. Transition pressure low.",policy_stays_tight,0.4160410846168003,The front end remains pinned by policy credibility and restrictive guidance.,Front-end yields grind higher; curve keeps flattening,higher,higher,lower,higher,higher,1.5898113095584643,3.3834154341434366,3.12089730686545,1.4487429033475887,1.4585952145814836,0.2,1.3,1.1,16.48,1.94,The front end stays pinned by restrictive policy and the market prices a tight policy corridor as the main constraint.,Restrictive policy path and front-end repricing dominate more than broad risk stress.,2021-08-31,"2021-08: Policy Constraint
Month-end: 2021-08-31
Avg regime probability: 0.35
Transition pressure: 0.17 (low)
Expectedness: macro-confirmed [macro_consistent:50%, mixed:27%, likely_flow_amplified:23%]
Curve: moderately steep; bear steepening; 2s10s +1.10%, 3m10y +1.26%, 5s30s +1.15%.
Market / macro: Breakeven 2.33% (-0.04), credit 1.94% (-0.01), VIX avg 17.5, oil 68.4 (-2.9).
Top drivers: flow amplification / surprise; disinflation / oil fade.
Top branch: policy_stays_tight (p=0.42)
Path: The front end remains pinned by policy credibility and restrictive guidance. Tomorrow: 2Y higher, 10Y higher. +1w: curve lower, credit higher. +1m: VIX higher. Transition pressure low.
Leaf scenario: Front-end yields grind higher; curve keeps flattening",growth_scare,Growth Scare,recession_signal_strengthens,"Risk-off pressure broadens and rates price a deeper slowdown. Tomorrow: 2Y lower, 10Y lower. +1w: curve higher, credit higher. +1m: VIX higher. Transition pressure low.",not realized,0.2,"Not realized 1/5 tracked directions; misses: 2Y, 10Y, VIX, credit. Current month driven by flow amplification / surprise under macro-confirmed evidence."
2021-09,2021,9,inflation_shock,0.38447777641020914,0.23205731311114433,contested,risk,risk-off / credit stress,flow amplification / surprise,infla +0.02 | risk +0.73 | polic -0.16 | dispr +0.25 | trans +0.13,"moderately steep; bear steepening; 2s10s +1.24%, 3m10y +1.48%, 5s30s +1.10%.","Breakeven 2.37% (+0.03), credit 1.85% (-0.07), VIX avg 19.7, oil 75.2 (+6.6).","Inflation remains sticky, but growth damage starts to dominate market pricing. Tomorrow: 2Y lower, 10Y lower. +1w: curve higher, credit higher. +1m: VIX higher. Transition pressure low.",growth_deterioration,0.38144850785591455,"Inflation remains sticky, but growth damage starts to dominate market pricing.",Credit cracks widen; curve bull-steepens on growth fears,lower,lower,higher,higher,higher,1.319090595827292,4.089926649709013,3.84545185901475,2.0097693275597575,1.4585952145814831,0.28,1.52,1.24,23.14,1.85,Inflation and commodity pressure dominate the rates regime and keep nominal repricing biased upward.,"Inflation pressure, commodity impulse, and nominal repricing dominate.",2021-09-30,"2021-09: Inflation Shock
Month-end: 2021-09-30
Avg regime probability: 0.38
Transition pressure: 0.23 (low)
Expectedness: contested [macro_consistent:41%, mixed:36%, likely_flow_amplified:23%]
Curve: moderately steep; bear steepening; 2s10s +1.24%, 3m10y +1.48%, 5s30s +1.10%.
Market / macro: Breakeven 2.37% (+0.03), credit 1.85% (-0.07), VIX avg 19.7, oil 75.2 (+6.6).
Top drivers: risk-off / credit stress; flow amplification / surprise.
Top branch: growth_deterioration (p=0.38)
Path: Inflation remains sticky, but growth damage starts to dominate market pricing. Tomorrow: 2Y lower, 10Y lower. +1w: curve higher, credit higher. +1m: VIX higher. Transition pressure low.
Leaf scenario: Credit cracks widen; curve bull-steepens on growth fears",policy_constraint,Policy Constraint,policy_stays_tight,"The front end remains pinned by policy credibility and restrictive guidance. Tomorrow: 2Y higher, 10Y higher. +1w: curve lower, credit higher. +1m: VIX higher. Transition pressure low.",partially realized,0.6,"Partially realized 3/5 tracked directions; misses: 2s10s, credit. Current month driven by risk-off / credit stress under contested evidence."
2021-10,2021,10,mixed_transition,0.6033535379476866,0.16825287753362017,contested,inflation,disinflation / oil fade,flow unwind,infla -0.99 | risk -0.13 | polic -0.25 | dispr -0.29 | trans +0.13,"moderately steep; bear flattening; 2s10s +1.07%, 3m10y +1.50%, 5s30s +0.75%.","Breakeven 2.51% (+0.13), credit 1.69% (-0.16), VIX avg 17.9, oil 83.5 (+7.5).","The system stabilizes and daily moves fade into a tighter range. Tomorrow: 2Y lower, 10Y lower. +1w: curve higher, credit lower. +1m: VIX lower. Transition pressure low.",containment,0.40186422315040815,The system stabilizes and daily moves fade into a tighter range.,Market internals calm; scenario dispersion compresses,lower,lower,higher,lower,lower,2.15580611373101,3.771935842508458,4.313930922024596,0.9169049841722973,1.8867962264113223,0.48,1.55,1.07,16.26,1.69,No single macro force dominates; the regime is contested and transition pressure is high.,"Signals disagree, transition pressure is elevated, and narrative coherence is weak.",2021-10-29,"2021-10: Mixed Transition
Month-end: 2021-10-29
Avg regime probability: 0.60
Transition pressure: 0.17 (low)
Expectedness: contested [macro_consistent:38%, mixed:43%, likely_flow_amplified:19%]
Curve: moderately steep; bear flattening; 2s10s +1.07%, 3m10y +1.50%, 5s30s +0.75%.
Market / macro: Breakeven 2.51% (+0.13), credit 1.69% (-0.16), VIX avg 17.9, oil 83.5 (+7.5).
Top drivers: disinflation / oil fade; flow unwind.
Top branch: containment (p=0.40)
Path: The system stabilizes and daily moves fade into a tighter range. Tomorrow: 2Y lower, 10Y lower. +1w: curve higher, credit lower. +1m: VIX lower. Transition pressure low.
Leaf scenario: Market internals calm; scenario dispersion compresses",inflation_shock,Inflation Shock,growth_deterioration,"Inflation remains sticky, but growth damage starts to dominate market pricing. Tomorrow: 2Y lower, 10Y lower. +1w: curve higher, credit higher. +1m: VIX higher. Transition pressure low.",not realized,0.0,"Not realized 0/5 tracked directions; misses: 2Y, 10Y, 2s10s, VIX, credit. Current month driven by disinflation / oil fade under contested evidence."
2021-11,2021,11,growth_scare,0.48246623216310025,0.280173397845503,macro_confirmed,risk,risk-off / credit stress,disinflation / oil fade,infla -1.10 | risk +1.24 | polic +1.01 | dispr +0.70 | trans +0.64,"moderately steep; mixed repricing; 2s10s +0.91%, 3m10y +1.38%, 5s30s +0.64%.","Breakeven 2.50% (+0.00), credit 1.81% (+0.12), VIX avg 18.5, oil 66.1 (-17.9).","Risk-off pressure broadens and rates price a deeper slowdown. Tomorrow: 2Y lower, 10Y lower. +1w: curve higher, credit higher. +1m: VIX higher. Transition pressure low.",recession_signal_strengthens,0.7946584776519264,Risk-off pressure broadens and rates price a deeper slowdown.,Credit widening intensifies; VIX stays bid,lower,lower,higher,higher,higher,5.216320542297991,6.342515273927214,3.853245385386194,2.779900357926522,2.924038303442692,0.52,1.43,0.9099999999999999,27.19,1.81,Growth and risk-off concerns dominate the month and push markets toward slower activity and defensive pricing.,"Growth slowdown, risk-off pressure, and wider spreads dominate.",2021-11-30,"2021-11: Growth Scare
Month-end: 2021-11-30
Avg regime probability: 0.48
Transition pressure: 0.28 (low)
Expectedness: macro-confirmed [macro_consistent:64%, mixed:23%, likely_flow_amplified:14%]
Curve: moderately steep; mixed repricing; 2s10s +0.91%, 3m10y +1.38%, 5s30s +0.64%.
Market / macro: Breakeven 2.50% (+0.00), credit 1.81% (+0.12), VIX avg 18.5, oil 66.1 (-17.9).
Top drivers: risk-off / credit stress; disinflation / oil fade.
Top branch: recession_signal_strengthens (p=0.79)
Path: Risk-off pressure broadens and rates price a deeper slowdown. Tomorrow: 2Y lower, 10Y lower. +1w: curve higher, credit higher. +1m: VIX higher. Transition pressure low.
Leaf scenario: Credit widening intensifies; VIX stays bid",mixed_transition,Mixed Transition,containment,"The system stabilizes and daily moves fade into a tighter range. Tomorrow: 2Y lower, 10Y lower. +1w: curve higher, credit lower. +1m: VIX lower. Transition pressure low.",not realized,0.2,"Not realized 1/5 tracked directions; misses: 2Y, 2s10s, VIX, credit. Current month driven by risk-off / credit stress under macro-confirmed evidence."
2021-12,2021,12,policy_constraint,0.40793246231235664,0.2331936874715739,macro_confirmed,inflation,disinflation / oil fade,flow amplification / surprise,infla -0.49 | risk -0.06 | polic +0.00 | dispr +0.17 | trans +0.09,"moderately steep; bear flattening; 2s10s +0.79%, 3m10y +1.46%, 5s30s +0.64%.","Breakeven 2.56% (+0.12), credit 1.85% (+0.04), VIX avg 21.2, oil 75.3 (+9.9).","The front end remains pinned by policy credibility and restrictive guidance. Tomorrow: 2Y higher, 10Y higher. +1w: curve lower, credit higher. +1m: VIX higher. Transition pressure low.",policy_stays_tight,0.400059722184088,The front end remains pinned by policy credibility and restrictive guidance.,Front-end yields grind higher; curve keeps flattening,higher,higher,lower,higher,higher,2.8857408061016128,3.6506848672543635,3.340658617698013,1.905759363088635,1.8867962264113203,0.73,1.52,0.79,17.22,1.85,The front end stays pinned by restrictive policy and the market prices a tight policy corridor as the main constraint.,Restrictive policy path and front-end repricing dominate more than broad risk stress.,2021-12-31,"2021-12: Policy Constraint
Month-end: 2021-12-31
Avg regime probability: 0.41
Transition pressure: 0.23 (low)
Expectedness: macro-confirmed [macro_consistent:74%, mixed:26%, likely_flow_amplified:0%]
Curve: moderately steep; bear flattening; 2s10s +0.79%, 3m10y +1.46%, 5s30s +0.64%.
Market / macro: Breakeven 2.56% (+0.12), credit 1.85% (+0.04), VIX avg 21.2, oil 75.3 (+9.9).
Top drivers: disinflation / oil fade; flow amplification / surprise.
Top branch: policy_stays_tight (p=0.40)
Path: The front end remains pinned by policy credibility and restrictive guidance. Tomorrow: 2Y higher, 10Y higher. +1w: curve lower, credit higher. +1m: VIX higher. Transition pressure low.
Leaf scenario: Front-end yields grind higher; curve keeps flattening",growth_scare,Growth Scare,recession_signal_strengthens,"Risk-off pressure broadens and rates price a deeper slowdown. Tomorrow: 2Y lower, 10Y lower. +1w: curve higher, credit higher. +1m: VIX higher. Transition pressure low.",not realized,0.2,"Not realized 1/5 tracked directions; misses: 2Y, 10Y, 2s10s, VIX. Current month driven by disinflation / oil fade under macro-confirmed evidence."
2022-01,2022,1,policy_constraint,0.4500533080772617,0.2156870326877588,contested,disproportion,flow amplification / surprise,hawkish front-end pressure,infla +0.13 | risk -0.43 | polic +0.56 | dispr +0.74 | trans +0.17,"moderately steep; bear flattening; 2s10s +0.61%, 3m10y +1.57%, 5s30s +0.49%.","Breakeven 2.44% (-0.16), credit 1.93% (+0.11), VIX avg 23.0, oil 89.2 (+13.2).","The front end remains pinned by policy credibility and restrictive guidance. Tomorrow: 2Y higher, 10Y higher. +1w: curve lower, credit higher. +1m: VIX higher. Transition pressure low.",policy_stays_tight,0.5796114714605297,The front end remains pinned by policy credibility and restrictive guidance.,Front-end yields grind higher; curve keeps flattening,higher,higher,lower,higher,higher,4.335896677735761,4.319722213291039,2.9257477676655608,1.8048636375083849,2.957617284234047,1.18,1.79,0.6100000000000001,24.83,1.93,The front end stays pinned by restrictive policy and the market prices a tight policy corridor as the main constraint.,Restrictive policy path and front-end repricing dominate more than broad risk stress.,2022-01-31,"2022-01: Policy Constraint
Month-end: 2022-01-31
Avg regime probability: 0.45
Transition pressure: 0.22 (low)
Expectedness: contested [macro_consistent:33%, mixed:38%, likely_flow_amplified:29%]
Curve: moderately steep; bear flattening; 2s10s +0.61%, 3m10y +1.57%, 5s30s +0.49%.
Market / macro: Breakeven 2.44% (-0.16), credit 1.93% (+0.11), VIX avg 23.0, oil 89.2 (+13.2).
Top drivers: flow amplification / surprise; hawkish front-end pressure.
Top branch: policy_stays_tight (p=0.58)
Path: The front end remains pinned by policy credibility and restrictive guidance. Tomorrow: 2Y higher, 10Y higher. +1w: curve lower, credit higher. +1m: VIX higher. Transition pressure low.
Leaf scenario: Front-end yields grind higher; curve keeps flattening",policy_constraint,Policy Constraint,policy_stays_tight,"The front end remains pinned by policy credibility and restrictive guidance. Tomorrow: 2Y higher, 10Y higher. +1w: curve lower, credit higher. +1m: VIX higher. Transition pressure low.",realized,1.0,Realized 5/5 tracked directions; misses: none. Current month driven by flow amplification / surprise under contested evidence.
2022-02,2022,2,growth_scare,0.4274892986628389,0.34249294953456566,macro_confirmed,risk,risk-off / credit stress,inflation / oil impulse,infla +1.77 | risk +2.00 | polic -1.13 | dispr -0.62 | trans +0.50,"flat / mildly positive; bear flattening; 2s10s +0.39%, 3m10y +1.48%, 5s30s +0.46%.","Breakeven 2.62% (+0.19), credit 2.34% (+0.42), VIX avg 25.8, oil 96.1 (+7.9).","Risk-off pressure broadens and rates price a deeper slowdown. Tomorrow: 2Y lower, 10Y lower. +1w: curve higher, credit higher. +1m: VIX higher. Transition pressure low.",recession_signal_strengthens,0.6486416442282738,Risk-off pressure broadens and rates price a deeper slowdown.,Credit widening intensifies; VIX stays bid,lower,lower,higher,higher,higher,7.849203781276164,6.153048025166059,4.493328387732195,2.122930521708141,5.054453481831639,1.44,1.83,0.3900000000000001,30.15,2.34,Growth and risk-off concerns dominate the month and push markets toward slower activity and defensive pricing.,"Growth slowdown, risk-off pressure, and wider spreads dominate.",2022-02-28,"2022-02: Growth Scare
Month-end: 2022-02-28
Avg regime probability: 0.43
Transition pressure: 0.34 (low)
Expectedness: macro-confirmed [macro_consistent:75%, mixed:15%, likely_flow_amplified:10%]
Curve: flat / mildly positive; bear flattening; 2s10s +0.39%, 3m10y +1.48%, 5s30s +0.46%.
Market / macro: Breakeven 2.62% (+0.19), credit 2.34% (+0.42), VIX avg 25.8, oil 96.1 (+7.9).
Top drivers: risk-off / credit stress; inflation / oil impulse.
Top branch: recession_signal_strengthens (p=0.65)
Path: Risk-off pressure broadens and rates price a deeper slowdown. Tomorrow: 2Y lower, 10Y lower. +1w: curve higher, credit higher. +1m: VIX higher. Transition pressure low.
Leaf scenario: Credit widening intensifies; VIX stays bid",policy_constraint,Policy Constraint,policy_stays_tight,"The front end remains pinned by policy credibility and restrictive guidance. Tomorrow: 2Y higher, 10Y higher. +1w: curve lower, credit higher. +1m: VIX higher. Transition pressure low.",realized,1.0,Realized 5/5 tracked directions; misses: none. Current month driven by risk-off / credit stress under macro-confirmed evidence.
2022-03,2022,3,policy_constraint,0.5541967970344593,0.36586084213327785,macro_confirmed,inflation,disinflation / oil fade,risk-off / credit stress,infla -0.85 | risk +0.41 | polic -0.38 | dispr -0.32 | trans +0.29,"flat / mildly positive; bear flattening; 2s10s +0.04%, 3m10y +1.80%, 5s30s +0.02%.","Breakeven 2.84% (+0.22), credit 1.93% (-0.32), VIX avg 27.0, oil 100.5 (-3.1).","Policy pressure eases and front-end rates retrace without a major growth shock. Tomorrow: 2Y lower, 10Y lower. +1w: curve higher, credit lower. +1m: VIX lower. Transition pressure low.",front_end_relief,0.4228224370190843,Policy pressure eases and front-end rates retrace without a major growth shock.,Data moderation lowers the policy premium; vol declines,lower,lower,higher,lower,lower,6.2998015841770805,7.490660852021002,3.7479994663820317,1.721875140653352,4.443815927780986,2.28,2.32,0.040000000000000036,20.56,1.93,The front end stays pinned by restrictive policy and the market prices a tight policy corridor as the main constraint.,Restrictive policy path and front-end repricing dominate more than broad risk stress.,2022-03-31,"2022-03: Policy Constraint
Month-end: 2022-03-31
Avg regime probability: 0.55
Transition pressure: 0.37 (low)
Expectedness: macro-confirmed [macro_consistent:65%, mixed:13%, likely_flow_amplified:22%]
Curve: flat / mildly positive; bear flattening; 2s10s +0.04%, 3m10y +1.80%, 5s30s +0.02%.
Market / macro: Breakeven 2.84% (+0.22), credit 1.93% (-0.32), VIX avg 27.0, oil 100.5 (-3.1).
Top drivers: disinflation / oil fade; risk-off / credit stress.
Top branch: front_end_relief (p=0.42)
Path: Policy pressure eases and front-end rates retrace without a major growth shock. Tomorrow: 2Y lower, 10Y lower. +1w: curve higher, credit lower. +1m: VIX lower. Transition pressure low.
Leaf scenario: Data moderation lowers the policy premium; vol declines",growth_scare,Growth Scare,recession_signal_strengthens,"Risk-off pressure broadens and rates price a deeper slowdown. Tomorrow: 2Y lower, 10Y lower. +1w: curve higher, credit higher. +1m: VIX higher. Transition pressure low.",not realized,0.0,"Not realized 0/5 tracked directions; misses: 2Y, 10Y, 2s10s, VIX, credit. Current month driven by disinflation / oil fade under macro-confirmed evidence."
2022-04,2022,4,mixed_transition,0.6249284631059401,0.31901025266423905,macro_confirmed,inflation,disinflation / oil fade,flow amplification / surprise,infla -1.64 | risk +0.61 | polic +1.16 | dispr +1.47 | trans +0.29,"flat / mildly positive; bear steepening; 2s10s +0.19%, 3m10y +2.04%, 5s30s +0.04%.","Breakeven 2.88% (+0.08), credit 2.05% (+0.24), VIX avg 24.3, oil 104.6 (+5.3).","Existing moves extend as positioning and narrative momentum reinforce one another. Tomorrow: 2Y higher, 10Y higher. +1w: curve lower, credit higher. +1m: VIX higher. Transition pressure low.",amplification,0.7230344484345592,Existing moves extend as positioning and narrative momentum reinforce one another.,Move broadens across rates and risk; flow pressure stays elevated,higher,higher,lower,higher,higher,6.596211033616188,5.970762095411269,4.621688003316533,2.40919960775358,3.10805405358401,2.7,2.89,0.18999999999999995,33.4,2.05,No single macro force dominates; the regime is contested and transition pressure is high.,"Signals disagree, transition pressure is elevated, and narrative coherence is weak.",2022-04-29,"2022-04: Mixed Transition
Month-end: 2022-04-29
Avg regime probability: 0.62
Transition pressure: 0.32 (low)
Expectedness: macro-confirmed [macro_consistent:67%, mixed:24%, likely_flow_amplified:10%]
Curve: flat / mildly positive; bear steepening; 2s10s +0.19%, 3m10y +2.04%, 5s30s +0.04%.
Market / macro: Breakeven 2.88% (+0.08), credit 2.05% (+0.24), VIX avg 24.3, oil 104.6 (+5.3).
Top drivers: disinflation / oil fade; flow amplification / surprise.
Top branch: amplification (p=0.72)
Path: Existing moves extend as positioning and narrative momentum reinforce one another. Tomorrow: 2Y higher, 10Y higher. +1w: curve lower, credit higher. +1m: VIX higher. Transition pressure low.
Leaf scenario: Move broadens across rates and risk; flow pressure stays elevated",policy_constraint,Policy Constraint,front_end_relief,"Policy pressure eases and front-end rates retrace without a major growth shock. Tomorrow: 2Y lower, 10Y lower. +1w: curve higher, credit lower. +1m: VIX lower. Transition pressure low.",not realized,0.2,"Not realized 1/5 tracked directions; misses: 2Y, 10Y, VIX, credit. Current month driven by disinflation / oil fade under macro-confirmed evidence."
2022-05,2022,5,growth_scare,0.4345284848526663,0.2987070305005886,macro_confirmed,risk,risk relief,hawkish front-end pressure,infla +0.14 | risk -1.27 | polic +0.33 | dispr +0.23 | trans +0.31,"flat / mildly positive; bull steepening; 2s10s +0.32%, 3m10y +1.69%, 5s30s +0.26%.","Breakeven 2.64% (-0.17), credit 2.18% (+0.10), VIX avg 29.3, oil 114.4 (+9.2).","Growth fears stop worsening and markets move toward a calmer range. Tomorrow: 2Y higher, 10Y higher. +1w: curve flat, credit lower. +1m: VIX lower. Transition pressure low.",stabilization,0.4651730149770703,Growth fears stop worsening and markets move toward a calmer range.,Volatility cools; credit stops widening,higher,higher,flat,lower,lower,6.774031296059971,7.1930522033417805,5.002749244165653,2.444631056008247,3.8376425054973486,2.53,2.85,0.3200000000000003,26.19,2.18,Growth and risk-off concerns dominate the month and push markets toward slower activity and defensive pricing.,"Growth slowdown, risk-off pressure, and wider spreads dominate.",2022-05-31,"2022-05: Growth Scare
Month-end: 2022-05-31
Avg regime probability: 0.43
Transition pressure: 0.30 (low)
Expectedness: macro-confirmed [macro_consistent:68%, mixed:18%, likely_flow_amplified:14%]
Curve: flat / mildly positive; bull steepening; 2s10s +0.32%, 3m10y +1.69%, 5s30s +0.26%.
Market / macro: Breakeven 2.64% (-0.17), credit 2.18% (+0.10), VIX avg 29.3, oil 114.4 (+9.2).
Top drivers: risk relief; hawkish front-end pressure.
Top branch: stabilization (p=0.47)
Path: Growth fears stop worsening and markets move toward a calmer range. Tomorrow: 2Y higher, 10Y higher. +1w: curve flat, credit lower. +1m: VIX lower. Transition pressure low.
Leaf scenario: Volatility cools; credit stops widening",mixed_transition,Mixed Transition,amplification,"Existing moves extend as positioning and narrative momentum reinforce one another. Tomorrow: 2Y higher, 10Y higher. +1w: curve lower, credit higher. +1m: VIX higher. Transition pressure low.",not realized,0.2,"Not realized 1/5 tracked directions; misses: 2Y, 10Y, 2s10s, VIX. Current month driven by risk relief under macro-confirmed evidence."
2022-06,2022,6,policy_constraint,0.5084896409967631,0.4387786150601202,macro_confirmed,policy,policy relief,risk-off / credit stress,infla -0.78 | risk +1.12 | polic -1.95 | dispr -0.77 | trans +0.44,"flat / mildly positive; bear flattening; 2s10s +0.06%, 3m10y +1.26%, 5s30s +0.13%.","Breakeven 2.33% (-0.32), credit 2.31% (+0.23), VIX avg 28.2, oil 107.8 (-7.5).","Policy pressure eases and front-end rates retrace without a major growth shock. Tomorrow: 2Y lower, 10Y lower. +1w: curve higher, credit lower. +1m: VIX lower. Transition pressure low.",front_end_relief,0.6092382644669009,Policy pressure eases and front-end rates retrace without a major growth shock.,Data moderation lowers the policy premium; vol declines,lower,lower,higher,lower,lower,12.121365434636479,9.975469913743419,4.652687395473713,2.0072181620342127,3.584340943604559,2.92,2.98,0.06000000000000005,28.71,2.31,The front end stays pinned by restrictive policy and the market prices a tight policy corridor as the main constraint.,Restrictive policy path and front-end repricing dominate more than broad risk stress.,2022-06-30,"2022-06: Policy Constraint
Month-end: 2022-06-30
Avg regime probability: 0.51
Transition pressure: 0.44 (low)
Expectedness: macro-confirmed [macro_consistent:59%, mixed:27%, likely_flow_amplified:14%]
Curve: flat / mildly positive; bear flattening; 2s10s +0.06%, 3m10y +1.26%, 5s30s +0.13%.
Market / macro: Breakeven 2.33% (-0.32), credit 2.31% (+0.23), VIX avg 28.2, oil 107.8 (-7.5).
Top drivers: policy relief; risk-off / credit stress.
Top branch: front_end_relief (p=0.61)
Path: Policy pressure eases and front-end rates retrace without a major growth shock. Tomorrow: 2Y lower, 10Y lower. +1w: curve higher, credit lower. +1m: VIX lower. Transition pressure low.
Leaf scenario: Data moderation lowers the policy premium; vol declines",growth_scare,Growth Scare,stabilization,"Growth fears stop worsening and markets move toward a calmer range. Tomorrow: 2Y higher, 10Y higher. +1w: curve flat, credit lower. +1m: VIX lower. Transition pressure low.",partially realized,0.4,"Partially realized 2/5 tracked directions; misses: 2s10s, VIX, credit. Current month driven by policy relief under macro-confirmed evidence."
2022-07,2022,7,mixed_transition,0.6090655159759009,0.29780364818615185,macro_confirmed,risk,risk relief,inflation / oil impulse,infla +1.04 | risk -1.19 | polic +0.95 | dispr -0.10 | trans +0.26,"flat / mildly positive; bull flattening; 2s10s -0.22%, 3m10y +0.26%, 5s30s +0.30%.","Breakeven 2.53% (+0.19), credit 2.36% (-0.06), VIX avg 25.0, oil 101.3 (-9.0).","The system stabilizes and daily moves fade into a tighter range. Tomorrow: 2Y lower, 10Y lower. +1w: curve higher, credit lower. +1m: VIX lower. Transition pressure low.",containment,0.3690466437192871,The system stabilizes and daily moves fade into a tighter range.,Market internals calm; scenario dispersion compresses,lower,lower,higher,lower,lower,7.469103025129596,6.94604203845614,4.038564101261731,0.991913680720253,4.001249804748509,2.89,2.67,-0.2200000000000002,21.33,2.36,No single macro force dominates; the regime is contested and transition pressure is high.,"Signals disagree, transition pressure is elevated, and narrative coherence is weak.",2022-07-29,"2022-07: Mixed Transition
Month-end: 2022-07-29
Avg regime probability: 0.61
Transition pressure: 0.30 (low)
Expectedness: macro-confirmed [macro_consistent:67%, mixed:29%, likely_flow_amplified:5%]
Curve: flat / mildly positive; bull flattening; 2s10s -0.22%, 3m10y +0.26%, 5s30s +0.30%.
Market / macro: Breakeven 2.53% (+0.19), credit 2.36% (-0.06), VIX avg 25.0, oil 101.3 (-9.0).
Top drivers: risk relief; inflation / oil impulse.
Top branch: containment (p=0.37)
Path: The system stabilizes and daily moves fade into a tighter range. Tomorrow: 2Y lower, 10Y lower. +1w: curve higher, credit lower. +1m: VIX lower. Transition pressure low.
Leaf scenario: Market internals calm; scenario dispersion compresses",policy_constraint,Policy Constraint,front_end_relief,"Policy pressure eases and front-end rates retrace without a major growth shock. Tomorrow: 2Y lower, 10Y lower. +1w: curve higher, credit lower. +1m: VIX lower. Transition pressure low.",partially realized,0.4,"Partially realized 2/5 tracked directions; misses: 2Y, 2s10s, credit. Current month driven by risk relief under macro-confirmed evidence."
2022-08,2022,8,policy_constraint,0.5020630899460549,0.24808622492511329,macro_confirmed,inflation,disinflation / oil fade,policy relief,infla -1.39 | risk +0.03 | polic -0.56 | dispr +0.18 | trans +0.19,"inversion; bear flattening; 2s10s -0.30%, 3m10y +0.19%, 5s30s -0.03%.","Breakeven 2.48% (-0.03), credit 2.18% (-0.20), VIX avg 22.2, oil 90.1 (-6.5).","Policy pressure eases and front-end rates retrace without a major growth shock. Tomorrow: 2Y lower, 10Y lower. +1w: curve higher, credit lower. +1m: VIX lower. Transition pressure low.",front_end_relief,0.4560638097139,Policy pressure eases and front-end rates retrace without a major growth shock.,Data moderation lowers the policy premium; vol declines,lower,lower,higher,lower,lower,6.219927652312364,5.898304841223454,4.530728418256836,1.3038573541611056,1.7168284713389395,3.45,3.15,-0.30000000000000027,25.87,2.18,The front end stays pinned by restrictive policy and the market prices a tight policy corridor as the main constraint.,Restrictive policy path and front-end repricing dominate more than broad risk stress.,2022-08-31,"2022-08: Policy Constraint
Month-end: 2022-08-31
Avg regime probability: 0.50
Transition pressure: 0.25 (low)
Expectedness: macro-confirmed [macro_consistent:78%, mixed:17%, likely_flow_amplified:4%]
Curve: inversion; bear flattening; 2s10s -0.30%, 3m10y +0.19%, 5s30s -0.03%.
Market / macro: Breakeven 2.48% (-0.03), credit 2.18% (-0.20), VIX avg 22.2, oil 90.1 (-6.5).
Top drivers: disinflation / oil fade; policy relief.
Top branch: front_end_relief (p=0.46)
Path: Policy pressure eases and front-end rates retrace without a major growth shock. Tomorrow: 2Y lower, 10Y lower. +1w: curve higher, credit lower. +1m: VIX lower. Transition pressure low.
Leaf scenario: Data moderation lowers the policy premium; vol declines",mixed_transition,Mixed Transition,containment,"The system stabilizes and daily moves fade into a tighter range. Tomorrow: 2Y lower, 10Y lower. +1w: curve higher, credit lower. +1m: VIX lower. Transition pressure low.",not realized,0.2,"Not realized 1/5 tracked directions; misses: 2Y, 10Y, 2s10s, VIX. Current month driven by disinflation / oil fade under macro-confirmed evidence."
2022-09,2022,9,policy_constraint,0.5835075325764358,0.38882145898559695,contested,inflation,disinflation / oil fade,hawkish front-end pressure,infla -0.87 | risk -0.50 | polic +0.68 | dispr +0.65 | trans +0.52,"inversion; bear flattening; 2s10s -0.39%, 3m10y +0.50%, 5s30s -0.27%.","Breakeven 2.15% (-0.30), credit 2.24% (+0.02), VIX avg 27.3, oil 79.9 (-7.2).","The front end remains pinned by policy credibility and restrictive guidance. Tomorrow: 2Y higher, 10Y higher. +1w: curve lower, credit higher. +1m: VIX higher. Transition pressure low.",policy_stays_tight,0.5074476766297811,The front end remains pinned by policy credibility and restrictive guidance.,Front-end yields grind higher; curve keeps flattening,higher,higher,lower,higher,higher,7.911384202527384,9.204754206387047,6.48440436740338,1.4881191988547149,5.23450093132096,4.22,3.83,-0.3899999999999997,31.62,2.24,The front end stays pinned by restrictive policy and the market prices a tight policy corridor as the main constraint.,Restrictive policy path and front-end repricing dominate more than broad risk stress.,2022-09-30,"2022-09: Policy Constraint
Month-end: 2022-09-30
Avg regime probability: 0.58
Transition pressure: 0.39 (low)
Expectedness: contested [macro_consistent:32%, mixed:41%, likely_flow_amplified:27%]
Curve: inversion; bear flattening; 2s10s -0.39%, 3m10y +0.50%, 5s30s -0.27%.
Market / macro: Breakeven 2.15% (-0.30), credit 2.24% (+0.02), VIX avg 27.3, oil 79.9 (-7.2).
Top drivers: disinflation / oil fade; hawkish front-end pressure.
Top branch: policy_stays_tight (p=0.51)
Path: The front end remains pinned by policy credibility and restrictive guidance. Tomorrow: 2Y higher, 10Y higher. +1w: curve lower, credit higher. +1m: VIX higher. Transition pressure low.
Leaf scenario: Front-end yields grind higher; curve keeps flattening",policy_constraint,Policy Constraint,front_end_relief,"Policy pressure eases and front-end rates retrace without a major growth shock. Tomorrow: 2Y lower, 10Y lower. +1w: curve higher, credit lower. +1m: VIX lower. Transition pressure low.",not realized,0.0,"Not realized 0/5 tracked directions; misses: 2Y, 10Y, 2s10s, VIX, credit. Current month driven by disinflation / oil fade under contested evidence."
2022-10,2022,10,inflation_shock,0.4882427189477281,0.41629496567155594,macro_confirmed,policy,hawkish front-end pressure,flow amplification / surprise,infla +0.07 | risk -0.28 | polic +1.45 | dispr +1.12 | trans +0.27,"inversion; bear flattening; 2s10s -0.41%, 3m10y -0.12%, 5s30s -0.05%.","Breakeven 2.52% (+0.28), credit 2.28% (-0.01), VIX avg 30.0, oil 86.5 (+2.5).","Inflation remains dominant and front-end repricing extends. Tomorrow: 2Y higher, 10Y higher. +1w: curve lower, credit higher. +1m: VIX higher. Transition pressure low.",inflation_persists,0.6642339268917514,Inflation remains dominant and front-end repricing extends.,Energy impulse re-accelerates; breakevens keep grinding higher,higher,higher,lower,higher,higher,7.6907411866477435,7.080077683189644,5.065570056765556,0.9561113951836369,4.018395202067606,4.51,4.1,-0.41000000000000014,25.88,2.28,Inflation and commodity pressure dominate the rates regime and keep nominal repricing biased upward.,"Inflation pressure, commodity impulse, and nominal repricing dominate.",2022-10-31,"2022-10: Inflation Shock
Month-end: 2022-10-31
Avg regime probability: 0.49
Transition pressure: 0.42 (low)
Expectedness: macro-confirmed [macro_consistent:67%, mixed:29%, likely_flow_amplified:5%]
Curve: inversion; bear flattening; 2s10s -0.41%, 3m10y -0.12%, 5s30s -0.05%.
Market / macro: Breakeven 2.52% (+0.28), credit 2.28% (-0.01), VIX avg 30.0, oil 86.5 (+2.5).
Top drivers: hawkish front-end pressure; flow amplification / surprise.
Top branch: inflation_persists (p=0.66)
Path: Inflation remains dominant and front-end repricing extends. Tomorrow: 2Y higher, 10Y higher. +1w: curve lower, credit higher. +1m: VIX higher. Transition pressure low.
Leaf scenario: Energy impulse re-accelerates; breakevens keep grinding higher",policy_constraint,Policy Constraint,policy_stays_tight,"The front end remains pinned by policy credibility and restrictive guidance. Tomorrow: 2Y higher, 10Y higher. +1w: curve lower, credit higher. +1m: VIX higher. Transition pressure low.",realized,0.8,Realized 4/5 tracked directions; misses: VIX. Current month driven by hawkish front-end pressure under macro-confirmed evidence.
2022-11,2022,11,policy_constraint,0.4439922614958118,0.3076078437416048,macro_confirmed,inflation,inflation / oil impulse,policy relief,infla +1.82 | risk +0.87 | polic -1.53 | dispr -0.94 | trans +0.38,"inversion; bull flattening; 2s10s -0.70%, 3m10y -0.69%, 5s30s -0.02%.","Breakeven 2.34% (-0.17), credit 2.15% (-0.07), VIX avg 23.3, oil 80.5 (-7.9).","Policy pressure eases and front-end rates retrace without a major growth shock. Tomorrow: 2Y lower, 10Y lower. +1w: curve higher, credit lower. +1m: VIX lower. Transition pressure low.",front_end_relief,0.5865313155822361,Policy pressure eases and front-end rates retrace without a major growth shock.,Data moderation lowers the policy premium; vol declines,lower,lower,higher,lower,lower,7.9011075173041485,8.642337646724993,4.352872614722363,0.9789811029841177,4.628984769903655,4.38,3.68,-0.6999999999999997,20.58,2.15,The front end stays pinned by restrictive policy and the market prices a tight policy corridor as the main constraint.,Restrictive policy path and front-end repricing dominate more than broad risk stress.,2022-11-30,"2022-11: Policy Constraint
Month-end: 2022-11-30
Avg regime probability: 0.44
Transition pressure: 0.31 (low)
Expectedness: macro-confirmed [macro_consistent:82%, mixed:9%, likely_flow_amplified:9%]
Curve: inversion; bull flattening; 2s10s -0.70%, 3m10y -0.69%, 5s30s -0.02%.
Market / macro: Breakeven 2.34% (-0.17), credit 2.15% (-0.07), VIX avg 23.3, oil 80.5 (-7.9).
Top drivers: inflation / oil impulse; policy relief.
Top branch: front_end_relief (p=0.59)
Path: Policy pressure eases and front-end rates retrace without a major growth shock. Tomorrow: 2Y lower, 10Y lower. +1w: curve higher, credit lower. +1m: VIX lower. Transition pressure low.
Leaf scenario: Data moderation lowers the policy premium; vol declines",inflation_shock,Inflation Shock,inflation_persists,"Inflation remains dominant and front-end repricing extends. Tomorrow: 2Y higher, 10Y higher. +1w: curve lower, credit higher. +1m: VIX higher. Transition pressure low.",not realized,0.2,"Not realized 1/5 tracked directions; misses: 2Y, 10Y, VIX, credit. Current month driven by inflation / oil impulse under macro-confirmed evidence."
2022-12,2022,12,inflation_shock,0.39420878564831385,0.2714140123785677,macro_confirmed,policy,hawkish front-end pressure,flow amplification / surprise,infla +0.69 | risk -0.24 | polic +1.07 | dispr +0.80 | trans +0.26,"inversion; bear steepening; 2s10s -0.53%, 3m10y -0.54%, 5s30s -0.02%.","Breakeven 2.30% (-0.06), credit 1.99% (-0.10), VIX avg 21.7, oil 80.2 (-0.9).","Inflation remains dominant and front-end repricing extends. Tomorrow: 2Y higher, 10Y higher. +1w: curve lower, credit higher. +1m: VIX higher. Transition pressure low.",inflation_persists,0.7036844836183062,Inflation remains dominant and front-end repricing extends.,Energy impulse re-accelerates; breakevens keep grinding higher,higher,higher,lower,higher,higher,6.567153112270189,6.67289292586057,5.278257288158661,1.2238973608926524,2.158703314492288,4.41,3.88,-0.5300000000000002,21.67,1.99,Inflation and commodity pressure dominate the rates regime and keep nominal repricing biased upward.,"Inflation pressure, commodity impulse, and nominal repricing dominate.",2022-12-30,"2022-12: Inflation Shock
Month-end: 2022-12-30
Avg regime probability: 0.39
Transition pressure: 0.27 (low)
Expectedness: macro-confirmed [macro_consistent:64%, mixed:27%, likely_flow_amplified:9%]
Curve: inversion; bear steepening; 2s10s -0.53%, 3m10y -0.54%, 5s30s -0.02%.
Market / macro: Breakeven 2.30% (-0.06), credit 1.99% (-0.10), VIX avg 21.7, oil 80.2 (-0.9).
Top drivers: hawkish front-end pressure; flow amplification / surprise.
Top branch: inflation_persists (p=0.70)
Path: Inflation remains dominant and front-end repricing extends. Tomorrow: 2Y higher, 10Y higher. +1w: curve lower, credit higher. +1m: VIX higher. Transition pressure low.
Leaf scenario: Energy impulse re-accelerates; breakevens keep grinding higher",policy_constraint,Policy Constraint,front_end_relief,"Policy pressure eases and front-end rates retrace without a major growth shock. Tomorrow: 2Y lower, 10Y lower. +1w: curve higher, credit lower. +1m: VIX lower. Transition pressure low.",partially realized,0.4,"Partially realized 2/5 tracked directions; misses: 2Y, 10Y, VIX. Current month driven by hawkish front-end pressure under macro-confirmed evidence."
2023-01,2023,1,mixed_transition,0.638261330672262,0.3293845317796865,contested,inflation,disinflation / oil fade,policy relief,infla -0.78 | risk +0.23 | polic -0.59 | dispr -0.17 | trans +0.39,"inversion; bull flattening; 2s10s -0.69%, 3m10y -1.18%, 5s30s +0.02%.","Breakeven 2.24% (-0.06), credit 1.90% (-0.09), VIX avg 20.2, oil 79.0 (-1.2).","A recent move mean-reverts as the initial catalyst loses traction. Tomorrow: 2Y lower, 10Y lower. +1w: curve higher, credit lower. +1m: VIX lower. Transition pressure low.",reversal,0.3629395214488222,A recent move mean-reverts as the initial catalyst loses traction.,Positioning unwinds; cross-asset confirmation fades,lower,lower,higher,lower,lower,7.638553527992058,7.2199376728611675,3.8392707640904784,0.8955584849690164,3.070423423568808,4.21,3.52,-0.69,19.4,1.9,No single macro force dominates; the regime is contested and transition pressure is high.,"Signals disagree, transition pressure is elevated, and narrative coherence is weak.",2023-01-31,"2023-01: Mixed Transition
Month-end: 2023-01-31
Avg regime probability: 0.64
Transition pressure: 0.33 (low)
Expectedness: contested [macro_consistent:55%, mixed:41%, likely_flow_amplified:5%]
Curve: inversion; bull flattening; 2s10s -0.69%, 3m10y -1.18%, 5s30s +0.02%.
Market / macro: Breakeven 2.24% (-0.06), credit 1.90% (-0.09), VIX avg 20.2, oil 79.0 (-1.2).
Top drivers: disinflation / oil fade; policy relief.
Top branch: reversal (p=0.36)
Path: A recent move mean-reverts as the initial catalyst loses traction. Tomorrow: 2Y lower, 10Y lower. +1w: curve higher, credit lower. +1m: VIX lower. Transition pressure low.
Leaf scenario: Positioning unwinds; cross-asset confirmation fades",inflation_shock,Inflation Shock,inflation_persists,"Inflation remains dominant and front-end repricing extends. Tomorrow: 2Y higher, 10Y higher. +1w: curve lower, credit higher. +1m: VIX higher. Transition pressure low.",not realized,0.2,"Not realized 1/5 tracked directions; misses: 2Y, 10Y, VIX, credit. Current month driven by disinflation / oil fade under contested evidence."
2023-02,2023,2,policy_constraint,0.4896621938953133,0.2750523589961279,macro_confirmed,inflation,inflation / oil impulse,hawkish front-end pressure,infla +1.36 | risk +0.33 | polic +0.65 | dispr +0.45 | trans +0.31,"inversion; bear flattening; 2s10s -0.89%, 3m10y -0.96%, 5s30s -0.25%.","Breakeven 2.43% (+0.18), credit 1.90% (-0.01), VIX avg 20.1, oil 76.9 (+0.5).","The front end remains pinned by policy credibility and restrictive guidance. Tomorrow: 2Y higher, 10Y higher. +1w: curve lower, credit higher. +1m: VIX higher. Transition pressure low.",policy_stays_tight,0.5825657123418074,The front end remains pinned by policy credibility and restrictive guidance.,Front-end yields grind higher; curve keeps flattening,higher,higher,lower,higher,higher,6.730527468185543,6.3166446789415085,3.5777087639996688,1.002559225183231,2.8106938645110358,4.81,3.92,-0.8899999999999997,20.7,1.9,The front end stays pinned by restrictive policy and the market prices a tight policy corridor as the main constraint.,Restrictive policy path and front-end repricing dominate more than broad risk stress.,2023-02-28,"2023-02: Policy Constraint
Month-end: 2023-02-28
Avg regime probability: 0.49
Transition pressure: 0.28 (low)
Expectedness: macro-confirmed [macro_consistent:75%, mixed:10%, likely_flow_amplified:15%]
Curve: inversion; bear flattening; 2s10s -0.89%, 3m10y -0.96%, 5s30s -0.25%.
Market / macro: Breakeven 2.43% (+0.18), credit 1.90% (-0.01), VIX avg 20.1, oil 76.9 (+0.5).
Top drivers: inflation / oil impulse; hawkish front-end pressure.
Top branch: policy_stays_tight (p=0.58)
Path: The front end remains pinned by policy credibility and restrictive guidance. Tomorrow: 2Y higher, 10Y higher. +1w: curve lower, credit higher. +1m: VIX higher. Transition pressure low.
Leaf scenario: Front-end yields grind higher; curve keeps flattening",mixed_transition,Mixed Transition,reversal,"A recent move mean-reverts as the initial catalyst loses traction. Tomorrow: 2Y lower, 10Y lower. +1w: curve higher, credit lower. +1m: VIX lower. Transition pressure low.",not realized,0.0,"Not realized 0/5 tracked directions; misses: 2Y, 10Y, 2s10s, VIX, credit. Current month driven by inflation / oil impulse under macro-confirmed evidence."
2023-03,2023,3,mixed_transition,0.7681675904602615,0.6233359727436045,contested,transition,regime rotation pressure,policy relief,infla -0.21 | risk -0.14 | polic -0.24 | dispr -0.17 | trans +0.36,"inversion; bull steepening; 2s10s -0.58%, 3m10y -1.37%, 5s30s +0.07%.","Breakeven 2.32% (-0.12), credit 2.11% (+0.27), VIX avg 21.6, oil 75.7 (-1.9).","The system stabilizes and daily moves fade into a tighter range. Tomorrow: 2Y lower, 10Y lower. +1w: curve higher, credit lower. +1m: VIX lower. Transition pressure low.",containment,0.35575085799568384,The system stabilizes and daily moves fade into a tighter range.,Market internals calm; scenario dispersion compresses,lower,lower,higher,lower,lower,20.961870145576224,9.851268953794737,12.776834506246038,1.7997262986354345,6.613622305514585,4.06,3.48,-0.5799999999999996,18.7,2.11,No single macro force dominates; the regime is contested and transition pressure is high.,"Signals disagree, transition pressure is elevated, and narrative coherence is weak.",2023-03-31,"2023-03: Mixed Transition
Month-end: 2023-03-31
Avg regime probability: 0.77
Transition pressure: 0.62 (low)
Expectedness: contested [macro_consistent:43%, mixed:39%, likely_flow_amplified:17%]
Curve: inversion; bull steepening; 2s10s -0.58%, 3m10y -1.37%, 5s30s +0.07%.
Market / macro: Breakeven 2.32% (-0.12), credit 2.11% (+0.27), VIX avg 21.6, oil 75.7 (-1.9).
Top drivers: regime rotation pressure; policy relief.
Top branch: containment (p=0.36)
Path: The system stabilizes and daily moves fade into a tighter range. Tomorrow: 2Y lower, 10Y lower. +1w: curve higher, credit lower. +1m: VIX lower. Transition pressure low.
Leaf scenario: Market internals calm; scenario dispersion compresses",policy_constraint,Policy Constraint,policy_stays_tight,"The front end remains pinned by policy credibility and restrictive guidance. Tomorrow: 2Y higher, 10Y higher. +1w: curve lower, credit higher. +1m: VIX higher. Transition pressure low.",not realized,0.2,"Not realized 1/5 tracked directions; misses: 2Y, 10Y, 2s10s, VIX. Current month driven by regime rotation pressure under contested evidence."
2023-04,2023,4,policy_constraint,0.3804365396958417,0.38005102866769186,macro_confirmed,inflation,disinflation / oil fade,regime rotation pressure,infla -1.38 | risk -0.38 | polic +0.15 | dispr -0.08 | trans +0.52,"inversion; bull flattening; 2s10s -0.60%, 3m10y -1.66%, 5s30s +0.16%.","Breakeven 2.18% (-0.11), credit 2.08% (-0.03), VIX avg 17.8, oil 76.8 (-3.6).","Policy pressure eases and front-end rates retrace without a major growth shock. Tomorrow: 2Y lower, 10Y lower. +1w: curve higher, credit lower. +1m: VIX lower. Transition pressure low.",front_end_relief,0.38245932394060017,Policy pressure eases and front-end rates retrace without a major growth shock.,Data moderation lowers the policy premium; vol declines,lower,lower,higher,lower,lower,9.964436762808031,6.112282715974449,4.887739763939983,0.7743539242491124,2.574393132371202,4.04,3.44,-0.6000000000000001,15.78,2.08,The front end stays pinned by restrictive policy and the market prices a tight policy corridor as the main constraint.,Restrictive policy path and front-end repricing dominate more than broad risk stress.,2023-04-28,"2023-04: Policy Constraint
Month-end: 2023-04-28
Avg regime probability: 0.38
Transition pressure: 0.38 (low)
Expectedness: macro-confirmed [macro_consistent:80%, mixed:15%, likely_flow_amplified:5%]
Curve: inversion; bull flattening; 2s10s -0.60%, 3m10y -1.66%, 5s30s +0.16%.
Market / macro: Breakeven 2.18% (-0.11), credit 2.08% (-0.03), VIX avg 17.8, oil 76.8 (-3.6).
Top drivers: disinflation / oil fade; regime rotation pressure.
Top branch: front_end_relief (p=0.38)
Path: Policy pressure eases and front-end rates retrace without a major growth shock. Tomorrow: 2Y lower, 10Y lower. +1w: curve higher, credit lower. +1m: VIX lower. Transition pressure low.
Leaf scenario: Data moderation lowers the policy premium; vol declines",mixed_transition,Mixed Transition,containment,"The system stabilizes and daily moves fade into a tighter range. Tomorrow: 2Y lower, 10Y lower. +1w: curve higher, credit lower. +1m: VIX lower. Transition pressure low.",partially realized,0.6,"Partially realized 3/5 tracked directions; misses: 2Y, 2s10s. Current month driven by disinflation / oil fade under macro-confirmed evidence."
2023-05,2023,5,policy_constraint,0.43886043415392373,0.3119818741524533,macro_confirmed,policy,policy relief,disinflation / oil fade,infla -0.84 | risk +0.45 | polic -0.85 | dispr -0.43 | trans +0.25,"inversion; bear flattening; 2s10s -0.76%, 3m10y -1.88%, 5s30s +0.11%.","Breakeven 2.18% (-0.05), credit 2.16% (+0.10), VIX avg 17.6, oil 68.1 (-7.5).","Policy pressure eases and front-end rates retrace without a major growth shock. Tomorrow: 2Y lower, 10Y lower. +1w: curve higher, credit lower. +1m: VIX lower. Transition pressure low.",front_end_relief,0.5144441431063408,Policy pressure eases and front-end rates retrace without a major growth shock.,Data moderation lowers the policy premium; vol declines,lower,lower,higher,lower,lower,8.309482535031892,5.692978130996108,4.699734035027951,1.0664192421369745,3.4727510708370635,4.4,3.64,-0.7600000000000002,17.94,2.16,The front end stays pinned by restrictive policy and the market prices a tight policy corridor as the main constraint.,Restrictive policy path and front-end repricing dominate more than broad risk stress.,2023-05-31,"2023-05: Policy Constraint
Month-end: 2023-05-31
Avg regime probability: 0.44
Transition pressure: 0.31 (low)
Expectedness: macro-confirmed [macro_consistent:78%, mixed:22%, likely_flow_amplified:0%]
Curve: inversion; bear flattening; 2s10s -0.76%, 3m10y -1.88%, 5s30s +0.11%.
Market / macro: Breakeven 2.18% (-0.05), credit 2.16% (+0.10), VIX avg 17.6, oil 68.1 (-7.5).
Top drivers: policy relief; disinflation / oil fade.
Top branch: front_end_relief (p=0.51)
Path: Policy pressure eases and front-end rates retrace without a major growth shock. Tomorrow: 2Y lower, 10Y lower. +1w: curve higher, credit lower. +1m: VIX lower. Transition pressure low.
Leaf scenario: Data moderation lowers the policy premium; vol declines",policy_constraint,Policy Constraint,front_end_relief,"Policy pressure eases and front-end rates retrace without a major growth shock. Tomorrow: 2Y lower, 10Y lower. +1w: curve higher, credit lower. +1m: VIX lower. Transition pressure low.",not realized,0.0,"Not realized 0/5 tracked directions; misses: 2Y, 10Y, 2s10s, VIX, credit. Current month driven by policy relief under macro-confirmed evidence."
2023-06,2023,6,policy_constraint,0.5390001925810936,0.3115824583534553,macro_confirmed,risk,risk relief,inflation / oil impulse,infla +0.44 | risk -0.57 | polic +0.36 | dispr -0.43 | trans +0.35,"deep inversion; bear flattening; 2s10s -1.06%, 3m10y -1.62%, 5s30s -0.28%.","Breakeven 2.22% (+0.06), credit 1.88% (-0.27), VIX avg 14.0, oil 70.7 (+0.6).","The front end remains pinned by policy credibility and restrictive guidance. Tomorrow: 2Y higher, 10Y higher. +1w: curve lower, credit higher. +1m: VIX higher. Transition pressure low.",policy_stays_tight,0.49593832177628894,The front end remains pinned by policy credibility and restrictive guidance.,Front-end yields grind higher; curve keeps flattening,higher,higher,lower,higher,higher,7.009101226262896,6.232174580353146,3.0963688410782066,0.5674458123909276,3.96579121992069,4.87,3.81,-1.06,13.59,1.88,The front end stays pinned by restrictive policy and the market prices a tight policy corridor as the main constraint.,Restrictive policy path and front-end repricing dominate more than broad risk stress.,2023-06-30,"2023-06: Policy Constraint
Month-end: 2023-06-30
Avg regime probability: 0.54
Transition pressure: 0.31 (low)
Expectedness: macro-confirmed [macro_consistent:68%, mixed:23%, likely_flow_amplified:9%]
Curve: deep inversion; bear flattening; 2s10s -1.06%, 3m10y -1.62%, 5s30s -0.28%.
Market / macro: Breakeven 2.22% (+0.06), credit 1.88% (-0.27), VIX avg 14.0, oil 70.7 (+0.6).
Top drivers: risk relief; inflation / oil impulse.
Top branch: policy_stays_tight (p=0.50)
Path: The front end remains pinned by policy credibility and restrictive guidance. Tomorrow: 2Y higher, 10Y higher. +1w: curve lower, credit higher. +1m: VIX higher. Transition pressure low.
Leaf scenario: Front-end yields grind higher; curve keeps flattening",policy_constraint,Policy Constraint,front_end_relief,"Policy pressure eases and front-end rates retrace without a major growth shock. Tomorrow: 2Y lower, 10Y lower. +1w: curve higher, credit lower. +1m: VIX lower. Transition pressure low.",partially realized,0.4,"Partially realized 2/5 tracked directions; misses: 2Y, 10Y, 2s10s. Current month driven by risk relief under macro-confirmed evidence."
2023-07,2023,7,inflation_shock,0.47204467651320275,0.30599103246579074,macro_confirmed,risk,risk relief,regime rotation pressure,infla -0.06 | risk -0.30 | polic +0.13 | dispr -0.08 | trans +0.29,"inversion; bear steepening; 2s10s -0.91%, 3m10y -1.58%, 5s30s -0.16%.","Breakeven 2.37% (+0.12), credit 1.77% (-0.08), VIX avg 13.9, oil 81.8 (+12.1).","Inflation remains dominant and front-end repricing extends. Tomorrow: 2Y higher, 10Y higher. +1w: curve lower, credit higher. +1m: VIX higher. Transition pressure low.",inflation_persists,0.46498360074759365,Inflation remains dominant and front-end repricing extends.,Energy impulse re-accelerates; breakevens keep grinding higher,higher,higher,lower,higher,higher,6.900000000000007,6.924413332550278,4.222262426709179,0.6263393648813718,2.7459060435491933,4.88,3.97,-0.9099999999999997,13.63,1.77,Inflation and commodity pressure dominate the rates regime and keep nominal repricing biased upward.,"Inflation pressure, commodity impulse, and nominal repricing dominate.",2023-07-31,"2023-07: Inflation Shock
Month-end: 2023-07-31
Avg regime probability: 0.47
Transition pressure: 0.31 (low)
Expectedness: macro-confirmed [macro_consistent:81%, mixed:14%, likely_flow_amplified:5%]
Curve: inversion; bear steepening; 2s10s -0.91%, 3m10y -1.58%, 5s30s -0.16%.
Market / macro: Breakeven 2.37% (+0.12), credit 1.77% (-0.08), VIX avg 13.9, oil 81.8 (+12.1).
Top drivers: risk relief; regime rotation pressure.
Top branch: inflation_persists (p=0.46)
Path: Inflation remains dominant and front-end repricing extends. Tomorrow: 2Y higher, 10Y higher. +1w: curve lower, credit higher. +1m: VIX higher. Transition pressure low.
Leaf scenario: Energy impulse re-accelerates; breakevens keep grinding higher",policy_constraint,Policy Constraint,policy_stays_tight,"The front end remains pinned by policy credibility and restrictive guidance. Tomorrow: 2Y higher, 10Y higher. +1w: curve lower, credit higher. +1m: VIX higher. Transition pressure low.",not realized,0.2,"Not realized 1/5 tracked directions; misses: 2Y, 2s10s, VIX, credit. Current month driven by risk relief under macro-confirmed evidence."
2023-08,2023,8,growth_scare,0.37954009729191357,0.28294564320393445,macro_confirmed,policy,policy relief,flow unwind,infla -0.18 | risk -0.03 | polic -0.81 | dispr -0.71 | trans +0.17,"inversion; mixed repricing; 2s10s -0.76%, 3m10y -1.47%, 5s30s -0.03%.","Breakeven 2.24% (-0.13), credit 1.83% (+0.06), VIX avg 15.9, oil 83.5 (+2.2).","Risk-off pressure broadens and rates price a deeper slowdown. Tomorrow: 2Y lower, 10Y lower. +1w: curve higher, credit higher. +1m: VIX higher. Transition pressure low.",recession_signal_strengthens,0.4996897577793677,Risk-off pressure broadens and rates price a deeper slowdown.,Credit widening intensifies; VIX stays bid,lower,lower,higher,higher,higher,5.69978069753565,6.734055241828657,4.290687590584983,0.8470706877232856,3.1380726569026383,4.85,4.09,-0.7599999999999998,13.57,1.83,Growth and risk-off concerns dominate the month and push markets toward slower activity and defensive pricing.,"Growth slowdown, risk-off pressure, and wider spreads dominate.",2023-08-31,"2023-08: Growth Scare
Month-end: 2023-08-31
Avg regime probability: 0.38
Transition pressure: 0.28 (low)
Expectedness: macro-confirmed [macro_consistent:70%, mixed:26%, likely_flow_amplified:4%]
Curve: inversion; mixed repricing; 2s10s -0.76%, 3m10y -1.47%, 5s30s -0.03%.
Market / macro: Breakeven 2.24% (-0.13), credit 1.83% (+0.06), VIX avg 15.9, oil 83.5 (+2.2).
Top drivers: policy relief; flow unwind.
Top branch: recession_signal_strengthens (p=0.50)
Path: Risk-off pressure broadens and rates price a deeper slowdown. Tomorrow: 2Y lower, 10Y lower. +1w: curve higher, credit higher. +1m: VIX higher. Transition pressure low.
Leaf scenario: Credit widening intensifies; VIX stays bid",inflation_shock,Inflation Shock,inflation_persists,"Inflation remains dominant and front-end repricing extends. Tomorrow: 2Y higher, 10Y higher. +1w: curve lower, credit higher. +1m: VIX higher. Transition pressure low.",partially realized,0.4,"Partially realized 2/5 tracked directions; misses: 2Y, 2s10s, VIX. Current month driven by policy relief under macro-confirmed evidence."
2023-09,2023,9,inflation_shock,0.45388537155403935,0.22203123954331938,macro_confirmed,inflation,disinflation / oil fade,flow unwind,infla -0.77 | risk -0.24 | polic -0.21 | dispr -0.33 | trans +0.12,"inversion; bear steepening; 2s10s -0.44%, 3m10y -0.96%, 5s30s +0.13%.","Breakeven 2.35% (+0.09), credit 1.78% (-0.04), VIX avg 15.2, oil 90.8 (+5.2).","Inflation momentum cools and rates retrace toward a cleaner equilibrium. Tomorrow: 2Y lower, 10Y lower. +1w: curve higher, credit lower. +1m: VIX lower. Transition pressure low.",containment_normalization,0.45057445927350365,Inflation momentum cools and rates retrace toward a cleaner equilibrium.,Commodity impulse fades; policy credibility improves,lower,lower,higher,lower,lower,3.957271787481865,4.831925082200681,5.08797602195607,0.8600132266424746,2.959729717389751,5.03,4.59,-0.4400000000000004,17.52,1.78,Inflation and commodity pressure dominate the rates regime and keep nominal repricing biased upward.,"Inflation pressure, commodity impulse, and nominal repricing dominate.",2023-09-29,"2023-09: Inflation Shock
Month-end: 2023-09-29
Avg regime probability: 0.45
Transition pressure: 0.22 (low)
Expectedness: macro-confirmed [macro_consistent:71%, mixed:29%, likely_flow_amplified:0%]
Curve: inversion; bear steepening; 2s10s -0.44%, 3m10y -0.96%, 5s30s +0.13%.
Market / macro: Breakeven 2.35% (+0.09), credit 1.78% (-0.04), VIX avg 15.2, oil 90.8 (+5.2).
Top drivers: disinflation / oil fade; flow unwind.
Top branch: containment_normalization (p=0.45)
Path: Inflation momentum cools and rates retrace toward a cleaner equilibrium. Tomorrow: 2Y lower, 10Y lower. +1w: curve higher, credit lower. +1m: VIX lower. Transition pressure low.
Leaf scenario: Commodity impulse fades; policy credibility improves",growth_scare,Growth Scare,recession_signal_strengthens,"Risk-off pressure broadens and rates price a deeper slowdown. Tomorrow: 2Y lower, 10Y lower. +1w: curve higher, credit higher. +1m: VIX higher. Transition pressure low.",partially realized,0.4,"Partially realized 2/5 tracked directions; misses: 2Y, 10Y, credit. Current month driven by disinflation / oil fade under macro-confirmed evidence."
2023-10,2023,10,mixed_transition,0.6490596193505849,0.3285824922189055,macro_confirmed,policy,hawkish front-end pressure,risk relief,infla -0.47 | risk -0.72 | polic +0.86 | dispr +0.56 | trans +0.21,"flat / mildly positive; bear steepening; 2s10s -0.19%, 3m10y -0.71%, 5s30s +0.22%.","Breakeven 2.42% (+0.07), credit 1.85% (+0.07), VIX avg 18.9, oil 81.6 (-7.2).","Existing moves extend as positioning and narrative momentum reinforce one another. Tomorrow: 2Y higher, 10Y higher. +1w: curve lower, credit higher. +1m: VIX higher. Transition pressure low.",amplification,0.4578447856859015,Existing moves extend as positioning and narrative momentum reinforce one another.,Move broadens across rates and risk; flow pressure stays elevated,higher,higher,lower,higher,higher,5.73061951275777,7.578093427769288,4.887484015319142,1.2912575265995547,2.5352514668174386,5.07,4.88,-0.1900000000000004,18.14,1.85,No single macro force dominates; the regime is contested and transition pressure is high.,"Signals disagree, transition pressure is elevated, and narrative coherence is weak.",2023-10-31,"2023-10: Mixed Transition
Month-end: 2023-10-31
Avg regime probability: 0.65
Transition pressure: 0.33 (low)
Expectedness: macro-confirmed [macro_consistent:59%, mixed:23%, likely_flow_amplified:18%]
Curve: flat / mildly positive; bear steepening; 2s10s -0.19%, 3m10y -0.71%, 5s30s +0.22%.
Market / macro: Breakeven 2.42% (+0.07), credit 1.85% (+0.07), VIX avg 18.9, oil 81.6 (-7.2).
Top drivers: hawkish front-end pressure; risk relief.
Top branch: amplification (p=0.46)
Path: Existing moves extend as positioning and narrative momentum reinforce one another. Tomorrow: 2Y higher, 10Y higher. +1w: curve lower, credit higher. +1m: VIX higher. Transition pressure low.
Leaf scenario: Move broadens across rates and risk; flow pressure stays elevated",inflation_shock,Inflation Shock,containment_normalization,"Inflation momentum cools and rates retrace toward a cleaner equilibrium. Tomorrow: 2Y lower, 10Y lower. +1w: curve higher, credit lower. +1m: VIX lower. Transition pressure low.",not realized,0.2,"Not realized 1/5 tracked directions; misses: 2Y, 10Y, VIX, credit. Current month driven by hawkish front-end pressure under macro-confirmed evidence."
2023-11,2023,11,policy_constraint,0.38533194533338916,0.27817937824816413,macro_confirmed,policy,hawkish front-end pressure,risk relief,infla +0.17 | risk -0.77 | polic +1.06 | dispr +0.61 | trans +0.30,"inversion; bull flattening; 2s10s -0.36%, 3m10y -1.08%, 5s30s +0.23%.","Breakeven 2.23% (-0.18), credit 1.67% (-0.24), VIX avg 14.0, oil 75.7 (-5.4).","The front end remains pinned by policy credibility and restrictive guidance. Tomorrow: 2Y higher, 10Y higher. +1w: curve lower, credit higher. +1m: VIX higher. Transition pressure low.",policy_stays_tight,0.6556868044380525,The front end remains pinned by policy credibility and restrictive guidance.,Front-end yields grind higher; curve keeps flattening,higher,higher,lower,higher,higher,8.484544772702899,7.959271323431551,4.072775466435624,0.4442082844792518,2.5937424698685896,4.73,4.37,-0.3600000000000003,12.92,1.67,The front end stays pinned by restrictive policy and the market prices a tight policy corridor as the main constraint.,Restrictive policy path and front-end repricing dominate more than broad risk stress.,2023-11-30,"2023-11: Policy Constraint
Month-end: 2023-11-30
Avg regime probability: 0.39
Transition pressure: 0.28 (low)
Expectedness: macro-confirmed [macro_consistent:59%, mixed:32%, likely_flow_amplified:9%]
Curve: inversion; bull flattening; 2s10s -0.36%, 3m10y -1.08%, 5s30s +0.23%.
Market / macro: Breakeven 2.23% (-0.18), credit 1.67% (-0.24), VIX avg 14.0, oil 75.7 (-5.4).
Top drivers: hawkish front-end pressure; risk relief.
Top branch: policy_stays_tight (p=0.66)
Path: The front end remains pinned by policy credibility and restrictive guidance. Tomorrow: 2Y higher, 10Y higher. +1w: curve lower, credit higher. +1m: VIX higher. Transition pressure low.
Leaf scenario: Front-end yields grind higher; curve keeps flattening",mixed_transition,Mixed Transition,amplification,"Existing moves extend as positioning and narrative momentum reinforce one another. Tomorrow: 2Y higher, 10Y higher. +1w: curve lower, credit higher. +1m: VIX higher. Transition pressure low.",not realized,0.2,"Not realized 1/5 tracked directions; misses: 2Y, 10Y, VIX, credit. Current month driven by hawkish front-end pressure under macro-confirmed evidence."
2023-12,2023,12,growth_scare,0.4655761695452148,0.24899435857752594,macro_confirmed,policy,policy relief,flow unwind,infla -0.01 | risk -0.18 | polic -0.99 | dispr -0.46 | trans +0.15,"inversion; bull steepening; 2s10s -0.35%, 3m10y -1.52%, 5s30s +0.19%.","Breakeven 2.16% (-0.06), credit 1.61% (-0.10), VIX avg 12.7, oil 71.9 (-1.8).","Risk-off pressure broadens and rates price a deeper slowdown. Tomorrow: 2Y lower, 10Y lower. +1w: curve higher, credit higher. +1m: VIX higher. Transition pressure low.",recession_signal_strengthens,0.47226449027732537,Risk-off pressure broadens and rates price a deeper slowdown.,Credit widening intensifies; VIX stays bid,lower,lower,higher,higher,higher,7.964138371474972,6.442825467137861,4.883390215823426,0.41181185024231676,2.085665361461418,4.23,3.88,-0.35000000000000053,12.45,1.61,Growth and risk-off concerns dominate the month and push markets toward slower activity and defensive pricing.,"Growth slowdown, risk-off pressure, and wider spreads dominate.",2023-12-29,"2023-12: Growth Scare
Month-end: 2023-12-29
Avg regime probability: 0.47
Transition pressure: 0.25 (low)
Expectedness: macro-confirmed [macro_consistent:76%, mixed:14%, likely_flow_amplified:10%]
Curve: inversion; bull steepening; 2s10s -0.35%, 3m10y -1.52%, 5s30s +0.19%.
Market / macro: Breakeven 2.16% (-0.06), credit 1.61% (-0.10), VIX avg 12.7, oil 71.9 (-1.8).
Top drivers: policy relief; flow unwind.
Top branch: recession_signal_strengthens (p=0.47)
Path: Risk-off pressure broadens and rates price a deeper slowdown. Tomorrow: 2Y lower, 10Y lower. +1w: curve higher, credit higher. +1m: VIX higher. Transition pressure low.
Leaf scenario: Credit widening intensifies; VIX stays bid",policy_constraint,Policy Constraint,policy_stays_tight,"The front end remains pinned by policy credibility and restrictive guidance. Tomorrow: 2Y higher, 10Y higher. +1w: curve lower, credit higher. +1m: VIX higher. Transition pressure low.",not realized,0.0,"Not realized 0/5 tracked directions; misses: 2Y, 10Y, 2s10s, VIX, credit. Current month driven by policy relief under macro-confirmed evidence."
2024-01,2024,1,inflation_shock,0.37956251090568643,0.2898917715699057,macro_confirmed,policy,policy relief,flow unwind,infla -0.19 | risk +0.94 | polic -1.32 | dispr -1.02 | trans +0.25,"inversion; bear steepening; 2s10s -0.28%, 3m10y -1.43%, 5s30s +0.31%.","Breakeven 2.26% (+0.10), credit 1.61% (+0.00), VIX avg 13.3, oil 76.3 (+4.4).","Inflation momentum cools and rates retrace toward a cleaner equilibrium. Tomorrow: 2Y lower, 10Y lower. +1w: curve higher, credit lower. +1m: VIX lower. Transition pressure low.",containment_normalization,0.43817288269767124,Inflation momentum cools and rates retrace toward a cleaner equilibrium.,Commodity impulse fades; policy credibility improves,lower,lower,higher,lower,lower,6.396092557178961,4.82078831727758,4.838388161361186,0.5377218146960375,2.0463381929681095,4.27,3.99,-0.27999999999999936,14.35,1.61,Inflation and commodity pressure dominate the rates regime and keep nominal repricing biased upward.,"Inflation pressure, commodity impulse, and nominal repricing dominate.",2024-01-31,"2024-01: Inflation Shock
Month-end: 2024-01-31
Avg regime probability: 0.38
Transition pressure: 0.29 (low)
Expectedness: macro-confirmed [macro_consistent:65%, mixed:22%, likely_flow_amplified:13%]
Curve: inversion; bear steepening; 2s10s -0.28%, 3m10y -1.43%, 5s30s +0.31%.
Market / macro: Breakeven 2.26% (+0.10), credit 1.61% (+0.00), VIX avg 13.3, oil 76.3 (+4.4).
Top drivers: policy relief; flow unwind.
Top branch: containment_normalization (p=0.44)
Path: Inflation momentum cools and rates retrace toward a cleaner equilibrium. Tomorrow: 2Y lower, 10Y lower. +1w: curve higher, credit lower. +1m: VIX lower. Transition pressure low.
Leaf scenario: Commodity impulse fades; policy credibility improves",growth_scare,Growth Scare,recession_signal_strengthens,"Risk-off pressure broadens and rates price a deeper slowdown. Tomorrow: 2Y lower, 10Y lower. +1w: curve higher, credit higher. +1m: VIX higher. Transition pressure low.",partially realized,0.4,"Partially realized 2/5 tracked directions; misses: 2Y, 10Y, credit. Current month driven by policy relief under macro-confirmed evidence."
2024-02,2024,2,policy_constraint,0.44450180307567677,0.3569392536393396,macro_confirmed,risk,risk relief,hawkish front-end pressure,infla -0.02 | risk -0.24 | polic +0.18 | dispr -0.04 | trans +0.10,"inversion; bear flattening; 2s10s -0.39%, 3m10y -1.20%, 5s30s +0.12%.","Breakeven 2.33% (+0.14), credit 1.55% (-0.08), VIX avg 14.0, oil 79.2 (+4.9).","The front end remains pinned by policy credibility and restrictive guidance. Tomorrow: 2Y higher, 10Y higher. +1w: curve lower, credit higher. +1m: VIX higher. Transition pressure low.",policy_stays_tight,0.45526639106494854,The front end remains pinned by policy credibility and restrictive guidance.,Front-end yields grind higher; curve keeps flattening,higher,higher,lower,higher,higher,6.77200118133481,6.549045732013173,2.5119713374161,0.7056373006013783,2.517935662402835,4.64,4.25,-0.3899999999999997,13.4,1.55,The front end stays pinned by restrictive policy and the market prices a tight policy corridor as the main constraint.,Restrictive policy path and front-end repricing dominate more than broad risk stress.,2024-02-29,"2024-02: Policy Constraint
Month-end: 2024-02-29
Avg regime probability: 0.44
Transition pressure: 0.36 (low)
Expectedness: macro-confirmed [macro_consistent:81%, mixed:10%, likely_flow_amplified:10%]
Curve: inversion; bear flattening; 2s10s -0.39%, 3m10y -1.20%, 5s30s +0.12%.
Market / macro: Breakeven 2.33% (+0.14), credit 1.55% (-0.08), VIX avg 14.0, oil 79.2 (+4.9).
Top drivers: risk relief; hawkish front-end pressure.
Top branch: policy_stays_tight (p=0.46)
Path: The front end remains pinned by policy credibility and restrictive guidance. Tomorrow: 2Y higher, 10Y higher. +1w: curve lower, credit higher. +1m: VIX higher. Transition pressure low.
Leaf scenario: Front-end yields grind higher; curve keeps flattening",inflation_shock,Inflation Shock,containment_normalization,"Inflation momentum cools and rates retrace toward a cleaner equilibrium. Tomorrow: 2Y lower, 10Y lower. +1w: curve higher, credit lower. +1m: VIX lower. Transition pressure low.",partially realized,0.4,"Partially realized 2/5 tracked directions; misses: 2Y, 10Y, 2s10s. Current month driven by risk relief under macro-confirmed evidence."
2024-03,2024,3,inflation_shock,0.3565101065154036,0.1332655022662602,macro_confirmed,transition,regime rotation pressure,risk relief,infla +0.00 | risk -0.02 | polic +0.00 | dispr -0.00 | trans +0.04,"inversion; bull flattening; 2s10s -0.39%, 3m10y -1.26%, 5s30s +0.13%.","Breakeven 2.32% (+0.00), credit 1.50% (-0.07), VIX avg 13.8, oil 84.0 (+3.1).","Inflation remains dominant and front-end repricing extends. Tomorrow: 2Y higher, 10Y higher. +1w: curve lower, credit higher. +1m: VIX higher. Transition pressure low.",inflation_persists,0.45093717956359913,Inflation remains dominant and front-end repricing extends.,Energy impulse re-accelerates; breakevens keep grinding higher,higher,higher,lower,higher,higher,4.69973403502794,4.080134801694666,3.280243893371337,0.49690542359688566,2.329699551444351,4.59,4.2,-0.3899999999999997,13.01,1.5,Inflation and commodity pressure dominate the rates regime and keep nominal repricing biased upward.,"Inflation pressure, commodity impulse, and nominal repricing dominate.",2024-03-29,"2024-03: Inflation Shock
Month-end: 2024-03-29
Avg regime probability: 0.36
Transition pressure: 0.13 (low)
Expectedness: macro-confirmed [macro_consistent:71%, mixed:29%, likely_flow_amplified:0%]
Curve: inversion; bull flattening; 2s10s -0.39%, 3m10y -1.26%, 5s30s +0.13%.
Market / macro: Breakeven 2.32% (+0.00), credit 1.50% (-0.07), VIX avg 13.8, oil 84.0 (+3.1).
Top drivers: regime rotation pressure; risk relief.
Top branch: inflation_persists (p=0.45)
Path: Inflation remains dominant and front-end repricing extends. Tomorrow: 2Y higher, 10Y higher. +1w: curve lower, credit higher. +1m: VIX higher. Transition pressure low.
Leaf scenario: Energy impulse re-accelerates; breakevens keep grinding higher",policy_constraint,Policy Constraint,policy_stays_tight,"The front end remains pinned by policy credibility and restrictive guidance. Tomorrow: 2Y higher, 10Y higher. +1w: curve lower, credit higher. +1m: VIX higher. Transition pressure low.",not realized,0.0,"Not realized 0/5 tracked directions; misses: 2Y, 10Y, 2s10s, VIX, credit. Current month driven by regime rotation pressure under macro-confirmed evidence."
2024-04,2024,4,mixed_transition,0.6291539653558628,0.30507286209824264,macro_confirmed,disproportion,flow amplification / surprise,hawkish front-end pressure,infla -0.07 | risk +0.29 | polic +0.98 | dispr +0.98 | trans +0.20,"inversion; bear steepening; 2s10s -0.35%, 3m10y -0.77%, 5s30s +0.07%.","Breakeven 2.41% (+0.06), credit 1.44% (-0.05), VIX avg 16.1, oil 83.5 (-1.1).","Existing moves extend as positioning and narrative momentum reinforce one another. Tomorrow: 2Y higher, 10Y higher. +1w: curve lower, credit higher. +1m: VIX higher. Transition pressure low.",amplification,0.6486221001954905,Existing moves extend as positioning and narrative momentum reinforce one another.,Move broadens across rates and risk; flow pressure stays elevated,higher,higher,lower,higher,higher,6.863672486358878,6.5519081190138735,3.7346351896805103,1.083520189013569,1.904599695474093,5.04,4.69,-0.34999999999999964,15.65,1.44,No single macro force dominates; the regime is contested and transition pressure is high.,"Signals disagree, transition pressure is elevated, and narrative coherence is weak.",2024-04-30,"2024-04: Mixed Transition
Month-end: 2024-04-30
Avg regime probability: 0.63
Transition pressure: 0.31 (low)
Expectedness: macro-confirmed [macro_consistent:68%, mixed:18%, likely_flow_amplified:14%]
Curve: inversion; bear steepening; 2s10s -0.35%, 3m10y -0.77%, 5s30s +0.07%.
Market / macro: Breakeven 2.41% (+0.06), credit 1.44% (-0.05), VIX avg 16.1, oil 83.5 (-1.1).
Top drivers: flow amplification / surprise; hawkish front-end pressure.
Top branch: amplification (p=0.65)
Path: Existing moves extend as positioning and narrative momentum reinforce one another. Tomorrow: 2Y higher, 10Y higher. +1w: curve lower, credit higher. +1m: VIX higher. Transition pressure low.
Leaf scenario: Move broadens across rates and risk; flow pressure stays elevated",inflation_shock,Inflation Shock,inflation_persists,"Inflation remains dominant and front-end repricing extends. Tomorrow: 2Y higher, 10Y higher. +1w: curve lower, credit higher. +1m: VIX higher. Transition pressure low.",partially realized,0.6,"Partially realized 3/5 tracked directions; misses: 2s10s, credit. Current month driven by flow amplification / surprise under macro-confirmed evidence."
2024-05,2024,5,growth_scare,0.35780166929568985,0.14841690571748417,contested,disproportion,flow unwind,risk relief,infla -0.27 | risk -0.75 | polic -0.29 | dispr -0.94 | trans +0.14,"inversion; bull flattening; 2s10s -0.38%, 3m10y -0.95%, 5s30s +0.13%.","Breakeven 2.35% (-0.03), credit 1.46% (+0.03), VIX avg 13.1, oil 78.0 (-2.7).","Growth fears stop worsening and markets move toward a calmer range. Tomorrow: 2Y higher, 10Y higher. +1w: curve flat, credit lower. +1m: VIX lower. Transition pressure low.",stabilization,0.516091699836787,Growth fears stop worsening and markets move toward a calmer range.,Volatility cools; credit stops widening,higher,higher,flat,lower,lower,3.7202150475476463,4.200892762259,2.5937424698685922,0.6518763302958622,1.2757350822173086,4.89,4.51,-0.3799999999999999,12.92,1.46,Growth and risk-off concerns dominate the month and push markets toward slower activity and defensive pricing.,"Growth slowdown, risk-off pressure, and wider spreads dominate.",2024-05-31,"2024-05: Growth Scare
Month-end: 2024-05-31
Avg regime probability: 0.36
Transition pressure: 0.15 (low)
Expectedness: contested [macro_consistent:57%, mixed:43%, likely_flow_amplified:0%]
Curve: inversion; bull flattening; 2s10s -0.38%, 3m10y -0.95%, 5s30s +0.13%.
Market / macro: Breakeven 2.35% (-0.03), credit 1.46% (+0.03), VIX avg 13.1, oil 78.0 (-2.7).
Top drivers: flow unwind; risk relief.
Top branch: stabilization (p=0.52)
Path: Growth fears stop worsening and markets move toward a calmer range. Tomorrow: 2Y higher, 10Y higher. +1w: curve flat, credit lower. +1m: VIX lower. Transition pressure low.
Leaf scenario: Volatility cools; credit stops widening",mixed_transition,Mixed Transition,amplification,"Existing moves extend as positioning and narrative momentum reinforce one another. Tomorrow: 2Y higher, 10Y higher. +1w: curve lower, credit higher. +1m: VIX higher. Transition pressure low.",partially realized,0.4,"Partially realized 2/5 tracked directions; misses: 2Y, 10Y, VIX. Current month driven by flow unwind under contested evidence."
2024-06,2024,6,growth_scare,0.42557648409158966,0.22389979951466468,contested,policy,policy relief,inflation / oil impulse,infla +0.33 | risk +0.09 | polic -0.40 | dispr +0.10 | trans +0.12,"inversion; bull steepening; 2s10s -0.35%, 3m10y -1.12%, 5s30s +0.18%.","Breakeven 2.28% (-0.05), credit 1.55% (+0.08), VIX avg 12.7, oil 82.8 (+7.6).","Risk-off pressure broadens and rates price a deeper slowdown. Tomorrow: 2Y lower, 10Y lower. +1w: curve higher, credit higher. +1m: VIX higher. Transition pressure low.",recession_signal_strengthens,0.46619981260288473,Risk-off pressure broadens and rates price a deeper slowdown.,Credit widening intensifies; VIX stays bid,lower,lower,higher,higher,higher,5.5036351623268045,6.54121548337921,2.4753787588973224,0.4045787933147261,1.9098429254784295,4.71,4.36,-0.34999999999999964,12.44,1.55,Growth and risk-off concerns dominate the month and push markets toward slower activity and defensive pricing.,"Growth slowdown, risk-off pressure, and wider spreads dominate.",2024-06-28,"2024-06: Growth Scare
Month-end: 2024-06-28
Avg regime probability: 0.43
Transition pressure: 0.22 (low)
Expectedness: contested [macro_consistent:55%, mixed:40%, likely_flow_amplified:5%]
Curve: inversion; bull steepening; 2s10s -0.35%, 3m10y -1.12%, 5s30s +0.18%.
Market / macro: Breakeven 2.28% (-0.05), credit 1.55% (+0.08), VIX avg 12.7, oil 82.8 (+7.6).
Top drivers: policy relief; inflation / oil impulse.
Top branch: recession_signal_strengthens (p=0.47)
Path: Risk-off pressure broadens and rates price a deeper slowdown. Tomorrow: 2Y lower, 10Y lower. +1w: curve higher, credit higher. +1m: VIX higher. Transition pressure low.
Leaf scenario: Credit widening intensifies; VIX stays bid",growth_scare,Growth Scare,stabilization,"Growth fears stop worsening and markets move toward a calmer range. Tomorrow: 2Y higher, 10Y higher. +1w: curve flat, credit lower. +1m: VIX lower. Transition pressure low.",not realized,0.2,"Not realized 1/5 tracked directions; misses: 2Y, 10Y, 2s10s, credit. Current month driven by policy relief under contested evidence."
2024-07,2024,7,growth_scare,0.5668444873479458,0.18074106945796367,macro_confirmed,disproportion,flow unwind,policy relief,infla +0.14 | risk -0.10 | polic -0.76 | dispr -0.91 | trans +0.22,"flat / mildly positive; bull steepening; 2s10s -0.20%, 3m10y -1.32%, 5s30s +0.38%.","Breakeven 2.24% (-0.08), credit 1.68% (+0.13), VIX avg 14.4, oil 79.4 (-5.3).","Risk-off pressure broadens and rates price a deeper slowdown. Tomorrow: 2Y lower, 10Y lower. +1w: curve higher, credit higher. +1m: VIX higher. Transition pressure low.",recession_signal_strengthens,0.443427628597239,Risk-off pressure broadens and rates price a deeper slowdown.,Credit widening intensifies; VIX stays bid,lower,lower,higher,higher,higher,4.592385001282015,3.9783790669065273,3.5759614091877503,1.122444987516092,2.0217566619155685,4.29,4.09,-0.20000000000000018,16.36,1.68,Growth and risk-off concerns dominate the month and push markets toward slower activity and defensive pricing.,"Growth slowdown, risk-off pressure, and wider spreads dominate.",2024-07-31,"2024-07: Growth Scare
Month-end: 2024-07-31
Avg regime probability: 0.57
Transition pressure: 0.18 (low)
Expectedness: macro-confirmed [macro_consistent:65%, mixed:22%, likely_flow_amplified:13%]
Curve: flat / mildly positive; bull steepening; 2s10s -0.20%, 3m10y -1.32%, 5s30s +0.38%.
Market / macro: Breakeven 2.24% (-0.08), credit 1.68% (+0.13), VIX avg 14.4, oil 79.4 (-5.3).
Top drivers: flow unwind; policy relief.
Top branch: recession_signal_strengthens (p=0.44)
Path: Risk-off pressure broadens and rates price a deeper slowdown. Tomorrow: 2Y lower, 10Y lower. +1w: curve higher, credit higher. +1m: VIX higher. Transition pressure low.
Leaf scenario: Credit widening intensifies; VIX stays bid",growth_scare,Growth Scare,recession_signal_strengthens,"Risk-off pressure broadens and rates price a deeper slowdown. Tomorrow: 2Y lower, 10Y lower. +1w: curve higher, credit higher. +1m: VIX higher. Transition pressure low.",realized,1.0,Realized 5/5 tracked directions; misses: none. Current month driven by flow unwind under macro-confirmed evidence.
2024-08,2024,8,growth_scare,0.5021926092694023,0.3723271603053387,macro_confirmed,disproportion,flow amplification / surprise,hawkish front-end pressure,infla -0.40 | risk -0.31 | polic +0.51 | dispr +0.66 | trans +0.30,"flat / mildly positive; bull steepening; 2s10s +0.00%, 3m10y -1.30%, 5s30s +0.49%.","Breakeven 2.15% (-0.05), credit 1.69% (-0.02), VIX avg 19.3, oil 74.5 (-3.2).","Risk-off pressure broadens and rates price a deeper slowdown. Tomorrow: 2Y lower, 10Y lower. +1w: curve higher, credit higher. +1m: VIX higher. Transition pressure low.",recession_signal_strengthens,0.4532549894717024,Risk-off pressure broadens and rates price a deeper slowdown.,Credit widening intensifies; VIX stays bid,lower,lower,higher,higher,higher,6.018928476066154,4.914010581999189,3.527038417709689,4.454593668338337,2.8543825952384196,3.91,3.91,0.0,15.0,1.69,Growth and risk-off concerns dominate the month and push markets toward slower activity and defensive pricing.,"Growth slowdown, risk-off pressure, and wider spreads dominate.",2024-08-30,"2024-08: Growth Scare
Month-end: 2024-08-30
Avg regime probability: 0.50
Transition pressure: 0.37 (low)
Expectedness: macro-confirmed [macro_consistent:59%, mixed:32%, likely_flow_amplified:9%]
Curve: flat / mildly positive; bull steepening; 2s10s +0.00%, 3m10y -1.30%, 5s30s +0.49%.
Market / macro: Breakeven 2.15% (-0.05), credit 1.69% (-0.02), VIX avg 19.3, oil 74.5 (-3.2).
Top drivers: flow amplification / surprise; hawkish front-end pressure.
Top branch: recession_signal_strengthens (p=0.45)
Path: Risk-off pressure broadens and rates price a deeper slowdown. Tomorrow: 2Y lower, 10Y lower. +1w: curve higher, credit higher. +1m: VIX higher. Transition pressure low.
Leaf scenario: Credit widening intensifies; VIX stays bid",growth_scare,Growth Scare,recession_signal_strengthens,"Risk-off pressure broadens and rates price a deeper slowdown. Tomorrow: 2Y lower, 10Y lower. +1w: curve higher, credit higher. +1m: VIX higher. Transition pressure low.",realized,0.8,Realized 4/5 tracked directions; misses: VIX. Current month driven by flow amplification / surprise under macro-confirmed evidence.
2024-09,2024,9,growth_scare,0.40873518981856144,0.21531624380590367,macro_confirmed,policy,hawkish front-end pressure,flow amplification / surprise,infla +0.53 | risk -0.55 | polic +1.84 | dispr +1.41 | trans +0.23,"flat / mildly positive; bull steepening; 2s10s +0.15%, 3m10y -0.92%, 5s30s +0.56%.","Breakeven 2.18% (+0.03), credit 1.63% (-0.06), VIX avg 17.7, oil 68.8 (-5.8).","The market rotates out of the scare and back toward inflation resilience. Tomorrow: 2Y higher, 10Y higher. +1w: curve lower, credit lower. +1m: VIX lower. Transition pressure low.",inflation_rebound,0.4251783450872826,The market rotates out of the scare and back toward inflation resilience.,Oil stabilizes; breakevens rebound faster than nominal yields,higher,higher,lower,lower,lower,5.760859310901462,3.7483329627982678,4.181805830021295,1.6426986942224067,1.519868415357068,3.66,3.81,0.1499999999999999,16.73,1.63,Growth and risk-off concerns dominate the month and push markets toward slower activity and defensive pricing.,"Growth slowdown, risk-off pressure, and wider spreads dominate.",2024-09-30,"2024-09: Growth Scare
Month-end: 2024-09-30
Avg regime probability: 0.41
Transition pressure: 0.22 (low)
Expectedness: macro-confirmed [macro_consistent:62%, mixed:24%, likely_flow_amplified:14%]
Curve: flat / mildly positive; bull steepening; 2s10s +0.15%, 3m10y -0.92%, 5s30s +0.56%.
Market / macro: Breakeven 2.18% (+0.03), credit 1.63% (-0.06), VIX avg 17.7, oil 68.8 (-5.8).
Top drivers: hawkish front-end pressure; flow amplification / surprise.
Top branch: inflation_rebound (p=0.43)
Path: The market rotates out of the scare and back toward inflation resilience. Tomorrow: 2Y higher, 10Y higher. +1w: curve lower, credit lower. +1m: VIX lower. Transition pressure low.
Leaf scenario: Oil stabilizes; breakevens rebound faster than nominal yields",growth_scare,Growth Scare,recession_signal_strengthens,"Risk-off pressure broadens and rates price a deeper slowdown. Tomorrow: 2Y lower, 10Y lower. +1w: curve higher, credit higher. +1m: VIX higher. Transition pressure low.",realized,0.8,Realized 4/5 tracked directions; misses: credit. Current month driven by hawkish front-end pressure under macro-confirmed evidence.
2024-10,2024,10,mixed_transition,0.5927751294265167,0.26549456975933394,macro_confirmed,risk,risk-off / credit stress,flow amplification / surprise,infla -0.10 | risk +1.21 | polic +0.31 | dispr +0.65 | trans +0.23,"flat / mildly positive; bear flattening; 2s10s +0.12%, 3m10y -0.36%, 5s30s +0.32%.","Breakeven 2.33% (+0.14), credit 1.46% (-0.19), VIX avg 20.0, oil 69.6 (-0.8).","Existing moves extend as positioning and narrative momentum reinforce one another. Tomorrow: 2Y higher, 10Y higher. +1w: curve lower, credit higher. +1m: VIX higher. Transition pressure low.",amplification,0.5860314497765611,Existing moves extend as positioning and narrative momentum reinforce one another.,Move broadens across rates and risk; flow pressure stays elevated,higher,higher,lower,higher,higher,5.413871073455661,4.281062952118323,3.244610916581536,1.2503930382083865,1.9131126469709008,4.16,4.28,0.1200000000000001,23.16,1.46,No single macro force dominates; the regime is contested and transition pressure is high.,"Signals disagree, transition pressure is elevated, and narrative coherence is weak.",2024-10-31,"2024-10: Mixed Transition
Month-end: 2024-10-31
Avg regime probability: 0.59
Transition pressure: 0.27 (low)
Expectedness: macro-confirmed [macro_consistent:87%, mixed:9%, likely_flow_amplified:4%]
Curve: flat / mildly positive; bear flattening; 2s10s +0.12%, 3m10y -0.36%, 5s30s +0.32%.
Market / macro: Breakeven 2.33% (+0.14), credit 1.46% (-0.19), VIX avg 20.0, oil 69.6 (-0.8).
Top drivers: risk-off / credit stress; flow amplification / surprise.
Top branch: amplification (p=0.59)
Path: Existing moves extend as positioning and narrative momentum reinforce one another. Tomorrow: 2Y higher, 10Y higher. +1w: curve lower, credit higher. +1m: VIX higher. Transition pressure low.
Leaf scenario: Move broadens across rates and risk; flow pressure stays elevated",growth_scare,Growth Scare,inflation_rebound,"The market rotates out of the scare and back toward inflation resilience. Tomorrow: 2Y higher, 10Y higher. +1w: curve lower, credit lower. +1m: VIX lower. Transition pressure low.",realized,0.8,Realized 4/5 tracked directions; misses: VIX. Current month driven by risk-off / credit stress under macro-confirmed evidence.
2024-11,2024,11,policy_constraint,0.40420884184915995,0.311154210207096,macro_confirmed,disproportion,flow unwind,policy relief,infla -0.08 | risk -0.07 | polic -0.67 | dispr -0.97 | trans +0.44,"flat / mildly positive; bull flattening; 2s10s +0.05%, 3m10y -0.40%, 5s30s +0.31%.","Breakeven 2.26% (-0.07), credit 1.44% (-0.02), VIX avg 16.0, oil 68.3 (-1.5).","Policy pressure eases and front-end rates retrace without a major growth shock. Tomorrow: 2Y lower, 10Y lower. +1w: curve higher, credit lower. +1m: VIX lower. Transition pressure low.",front_end_relief,0.5468071854652288,Policy pressure eases and front-end rates retrace without a major growth shock.,Data moderation lowers the policy premium; vol declines,lower,lower,higher,lower,lower,5.704384278780667,6.681878478392147,4.409931972264453,1.1593328900708373,2.447447650104083,4.13,4.18,0.04999999999999982,13.51,1.44,The front end stays pinned by restrictive policy and the market prices a tight policy corridor as the main constraint.,Restrictive policy path and front-end repricing dominate more than broad risk stress.,2024-11-29,"2024-11: Policy Constraint
Month-end: 2024-11-29
Avg regime probability: 0.40
Transition pressure: 0.31 (low)
Expectedness: macro-confirmed [macro_consistent:62%, mixed:24%, likely_flow_amplified:14%]
Curve: flat / mildly positive; bull flattening; 2s10s +0.05%, 3m10y -0.40%, 5s30s +0.31%.
Market / macro: Breakeven 2.26% (-0.07), credit 1.44% (-0.02), VIX avg 16.0, oil 68.3 (-1.5).
Top drivers: flow unwind; policy relief.
Top branch: front_end_relief (p=0.55)
Path: Policy pressure eases and front-end rates retrace without a major growth shock. Tomorrow: 2Y lower, 10Y lower. +1w: curve higher, credit lower. +1m: VIX lower. Transition pressure low.
Leaf scenario: Data moderation lowers the policy premium; vol declines",mixed_transition,Mixed Transition,amplification,"Existing moves extend as positioning and narrative momentum reinforce one another. Tomorrow: 2Y higher, 10Y higher. +1w: curve lower, credit higher. +1m: VIX higher. Transition pressure low.",not realized,0.2,"Not realized 1/5 tracked directions; misses: 2Y, 10Y, VIX, credit. Current month driven by flow unwind under macro-confirmed evidence."
2024-12,2024,12,inflation_shock,0.3929036679947649,0.2386253195804466,macro_confirmed,inflation,inflation / oil impulse,risk relief,infla +0.60 | risk -0.19 | polic -0.04 | dispr -0.13 | trans +0.09,"flat / mildly positive; bear steepening; 2s10s +0.33%, 3m10y +0.21%, 5s30s +0.40%.","Breakeven 2.34% (+0.08), credit 1.42% (+0.01), VIX avg 15.8, oil 72.4 (+4.1).","Inflation remains dominant and front-end repricing extends. Tomorrow: 2Y higher, 10Y higher. +1w: curve lower, credit higher. +1m: VIX higher. Transition pressure low.",inflation_persists,0.5493525747197456,Inflation remains dominant and front-end repricing extends.,Energy impulse re-accelerates; breakevens keep grinding higher,higher,higher,lower,higher,higher,3.733630940518889,4.515251930955803,3.1348843678834655,3.1656924597945393,1.8411952639521956,4.25,4.58,0.33000000000000007,17.35,1.42,Inflation and commodity pressure dominate the rates regime and keep nominal repricing biased upward.,"Inflation pressure, commodity impulse, and nominal repricing dominate.",2024-12-31,"2024-12: Inflation Shock
Month-end: 2024-12-31
Avg regime probability: 0.39
Transition pressure: 0.24 (low)
Expectedness: macro-confirmed [macro_consistent:73%, mixed:23%, likely_flow_amplified:5%]
Curve: flat / mildly positive; bear steepening; 2s10s +0.33%, 3m10y +0.21%, 5s30s +0.40%.
Market / macro: Breakeven 2.34% (+0.08), credit 1.42% (+0.01), VIX avg 15.8, oil 72.4 (+4.1).
Top drivers: inflation / oil impulse; risk relief.
Top branch: inflation_persists (p=0.55)
Path: Inflation remains dominant and front-end repricing extends. Tomorrow: 2Y higher, 10Y higher. +1w: curve lower, credit higher. +1m: VIX higher. Transition pressure low.
Leaf scenario: Energy impulse re-accelerates; breakevens keep grinding higher",policy_constraint,Policy Constraint,front_end_relief,"Policy pressure eases and front-end rates retrace without a major growth shock. Tomorrow: 2Y lower, 10Y lower. +1w: curve higher, credit lower. +1m: VIX lower. Transition pressure low.",partially realized,0.4,"Partially realized 2/5 tracked directions; misses: 2Y, 10Y, VIX. Current month driven by inflation / oil impulse under macro-confirmed evidence."
2025-01,2025,1,inflation_shock,0.3597578831909313,0.2245931691233948,macro_confirmed,inflation,inflation / oil impulse,flow amplification / surprise,infla +0.68 | risk +0.23 | polic +0.34 | dispr +0.65 | trans +0.13,"flat / mildly positive; bull steepening; 2s10s +0.36%, 3m10y +0.27%, 5s30s +0.47%.","Breakeven 2.42% (+0.08), credit 1.45% (+0.03), VIX avg 16.8, oil 72.8 (+0.4).","Inflation remains dominant and front-end repricing extends. Tomorrow: 2Y higher, 10Y higher. +1w: curve lower, credit higher. +1m: VIX higher. Transition pressure low.",inflation_persists,0.5921007991341642,Inflation remains dominant and front-end repricing extends.,Energy impulse re-accelerates; breakevens keep grinding higher,higher,higher,lower,higher,higher,4.7864391775097355,4.9386232899463005,2.675817632051946,1.14475106464244,1.596088969951238,4.22,4.58,0.3600000000000003,16.43,1.45,Inflation and commodity pressure dominate the rates regime and keep nominal repricing biased upward.,"Inflation pressure, commodity impulse, and nominal repricing dominate.",2025-01-31,"2025-01: Inflation Shock
Month-end: 2025-01-31
Avg regime probability: 0.36
Transition pressure: 0.22 (low)
Expectedness: macro-confirmed [macro_consistent:78%, mixed:13%, likely_flow_amplified:9%]
Curve: flat / mildly positive; bull steepening; 2s10s +0.36%, 3m10y +0.27%, 5s30s +0.47%.
Market / macro: Breakeven 2.42% (+0.08), credit 1.45% (+0.03), VIX avg 16.8, oil 72.8 (+0.4).
Top drivers: inflation / oil impulse; flow amplification / surprise.
Top branch: inflation_persists (p=0.59)
Path: Inflation remains dominant and front-end repricing extends. Tomorrow: 2Y higher, 10Y higher. +1w: curve lower, credit higher. +1m: VIX higher. Transition pressure low.
Leaf scenario: Energy impulse re-accelerates; breakevens keep grinding higher",inflation_shock,Inflation Shock,inflation_persists,"Inflation remains dominant and front-end repricing extends. Tomorrow: 2Y higher, 10Y higher. +1w: curve lower, credit higher. +1m: VIX higher. Transition pressure low.",not realized,0.2,"Not realized 1/5 tracked directions; misses: 2Y, 10Y, 2s10s, VIX. Current month driven by inflation / oil impulse under macro-confirmed evidence."
2025-02,2025,2,growth_scare,0.5037931430158303,0.1337290967206474,contested,policy,policy relief,flow unwind,infla +0.11 | risk +0.21 | polic -1.28 | dispr -1.12 | trans +0.18,"flat / mildly positive; bull flattening; 2s10s +0.25%, 3m10y -0.08%, 5s30s +0.48%.","Breakeven 2.38% (-0.07), credit 1.57% (+0.11), VIX avg 17.0, oil 70.0 (-3.5).","Risk-off pressure broadens and rates price a deeper slowdown. Tomorrow: 2Y lower, 10Y lower. +1w: curve higher, credit higher. +1m: VIX higher. Transition pressure low.",recession_signal_strengthens,0.5267665211167413,Risk-off pressure broadens and rates price a deeper slowdown.,Credit widening intensifies; VIX stays bid,lower,lower,higher,higher,higher,4.725198408532712,5.367494760127865,3.4709508783617204,1.1207988222691885,1.5620499351813322,3.99,4.24,0.25,19.63,1.57,Growth and risk-off concerns dominate the month and push markets toward slower activity and defensive pricing.,"Growth slowdown, risk-off pressure, and wider spreads dominate.",2025-02-28,"2025-02: Growth Scare
Month-end: 2025-02-28
Avg regime probability: 0.50
Transition pressure: 0.13 (low)
Expectedness: contested [macro_consistent:50%, mixed:45%, likely_flow_amplified:5%]
Curve: flat / mildly positive; bull flattening; 2s10s +0.25%, 3m10y -0.08%, 5s30s +0.48%.
Market / macro: Breakeven 2.38% (-0.07), credit 1.57% (+0.11), VIX avg 17.0, oil 70.0 (-3.5).
Top drivers: policy relief; flow unwind.
Top branch: recession_signal_strengthens (p=0.53)
Path: Risk-off pressure broadens and rates price a deeper slowdown. Tomorrow: 2Y lower, 10Y lower. +1w: curve higher, credit higher. +1m: VIX higher. Transition pressure low.
Leaf scenario: Credit widening intensifies; VIX stays bid",inflation_shock,Inflation Shock,inflation_persists,"Inflation remains dominant and front-end repricing extends. Tomorrow: 2Y higher, 10Y higher. +1w: curve lower, credit higher. +1m: VIX higher. Transition pressure low.",partially realized,0.6,"Partially realized 3/5 tracked directions; misses: 2Y, 10Y. Current month driven by policy relief under contested evidence."
2025-03,2025,3,growth_scare,0.47570762355957247,0.23916956847485146,macro_confirmed,risk,risk-off / credit stress,inflation / oil impulse,infla +0.40 | risk +0.61 | polic +0.36 | dispr +0.36 | trans +0.15,"flat / mildly positive; bull steepening; 2s10s +0.34%, 3m10y -0.09%, 5s30s +0.63%.","Breakeven 2.38% (+0.02), credit 1.76% (+0.15), VIX avg 21.8, oil 71.9 (+3.2).","Risk-off pressure broadens and rates price a deeper slowdown. Tomorrow: 2Y lower, 10Y lower. +1w: curve higher, credit higher. +1m: VIX higher. Transition pressure low.",recession_signal_strengthens,0.5124701328007794,Risk-off pressure broadens and rates price a deeper slowdown.,Credit widening intensifies; VIX stays bid,lower,lower,higher,higher,higher,5.507040947732274,5.2275711377273595,3.0182776545573016,1.8878651964586877,2.96437177155633,3.89,4.23,0.3400000000000003,22.28,1.76,Growth and risk-off concerns dominate the month and push markets toward slower activity and defensive pricing.,"Growth slowdown, risk-off pressure, and wider spreads dominate.",2025-03-31,"2025-03: Growth Scare
Month-end: 2025-03-31
Avg regime probability: 0.48
Transition pressure: 0.24 (low)
Expectedness: macro-confirmed [macro_consistent:62%, mixed:33%, likely_flow_amplified:5%]
Curve: flat / mildly positive; bull steepening; 2s10s +0.34%, 3m10y -0.09%, 5s30s +0.63%.
Market / macro: Breakeven 2.38% (+0.02), credit 1.76% (+0.15), VIX avg 21.8, oil 71.9 (+3.2).
Top drivers: risk-off / credit stress; inflation / oil impulse.
Top branch: recession_signal_strengthens (p=0.51)
Path: Risk-off pressure broadens and rates price a deeper slowdown. Tomorrow: 2Y lower, 10Y lower. +1w: curve higher, credit higher. +1m: VIX higher. Transition pressure low.
Leaf scenario: Credit widening intensifies; VIX stays bid",growth_scare,Growth Scare,recession_signal_strengthens,"Risk-off pressure broadens and rates price a deeper slowdown. Tomorrow: 2Y lower, 10Y lower. +1w: curve higher, credit higher. +1m: VIX higher. Transition pressure low.",realized,0.8,Realized 4/5 tracked directions; misses: 10Y. Current month driven by risk-off / credit stress under macro-confirmed evidence.
2025-04,2025,4,growth_scare,0.6173080493224093,0.3999265825563475,macro_confirmed,risk,risk-off / credit stress,policy relief,infla -0.27 | risk +1.28 | polic -0.89 | dispr +0.07 | trans +0.26,"moderately steep; bull steepening; 2s10s +0.57%, 3m10y -0.14%, 5s30s +0.94%.","Breakeven 2.23% (-0.10), credit 1.96% (+0.23), VIX avg 31.9, oil 59.5 (-12.1).","Risk-off pressure broadens and rates price a deeper slowdown. Tomorrow: 2Y lower, 10Y lower. +1w: curve higher, credit higher. +1m: VIX higher. Transition pressure low.",recession_signal_strengthens,0.7550576279644245,Risk-off pressure broadens and rates price a deeper slowdown.,Credit widening intensifies; VIX stays bid,lower,lower,higher,higher,higher,8.236959390454716,7.30256804144954,6.560487786742698,6.512677233672801,5.27517772212463,3.6,4.17,0.5699999999999998,24.7,1.96,Growth and risk-off concerns dominate the month and push markets toward slower activity and defensive pricing.,"Growth slowdown, risk-off pressure, and wider spreads dominate.",2025-04-30,"2025-04: Growth Scare
Month-end: 2025-04-30
Avg regime probability: 0.62
Transition pressure: 0.40 (low)
Expectedness: macro-confirmed [macro_consistent:64%, mixed:23%, likely_flow_amplified:14%]
Curve: moderately steep; bull steepening; 2s10s +0.57%, 3m10y -0.14%, 5s30s +0.94%.
Market / macro: Breakeven 2.23% (-0.10), credit 1.96% (+0.23), VIX avg 31.9, oil 59.5 (-12.1).
Top drivers: risk-off / credit stress; policy relief.
Top branch: recession_signal_strengthens (p=0.76)
Path: Risk-off pressure broadens and rates price a deeper slowdown. Tomorrow: 2Y lower, 10Y lower. +1w: curve higher, credit higher. +1m: VIX higher. Transition pressure low.
Leaf scenario: Credit widening intensifies; VIX stays bid",growth_scare,Growth Scare,recession_signal_strengthens,"Risk-off pressure broadens and rates price a deeper slowdown. Tomorrow: 2Y lower, 10Y lower. +1w: curve higher, credit higher. +1m: VIX higher. Transition pressure low.",realized,1.0,Realized 5/5 tracked directions; misses: none. Current month driven by risk-off / credit stress under macro-confirmed evidence.
2025-05,2025,5,mixed_transition,0.5978357050524099,0.26981113392520445,macro_confirmed,policy,policy relief,flow unwind,infla +0.33 | risk +0.19 | polic -0.46 | dispr -0.34 | trans +0.19,"moderately steep; bear flattening; 2s10s +0.52%, 3m10y +0.05%, 5s30s +0.96%.","Breakeven 2.34% (+0.09), credit 1.84% (-0.11), VIX avg 20.5, oil 61.5 (+0.9).","A recent move mean-reverts as the initial catalyst loses traction. Tomorrow: 2Y lower, 10Y lower. +1w: curve higher, credit lower. +1m: VIX lower. Transition pressure low.",reversal,0.35709862204831905,A recent move mean-reverts as the initial catalyst loses traction.,Positioning unwinds; cross-asset confirmation fades,lower,lower,higher,lower,lower,4.98096376216491,5.388877434123,2.7184554438136437,1.3555274803558945,2.8827070610799135,3.89,4.41,0.52,18.57,1.84,No single macro force dominates; the regime is contested and transition pressure is high.,"Signals disagree, transition pressure is elevated, and narrative coherence is weak.",2025-05-30,"2025-05: Mixed Transition
Month-end: 2025-05-30
Avg regime probability: 0.60
Transition pressure: 0.27 (low)
Expectedness: macro-confirmed [macro_consistent:68%, mixed:27%, likely_flow_amplified:5%]
Curve: moderately steep; bear flattening; 2s10s +0.52%, 3m10y +0.05%, 5s30s +0.96%.
Market / macro: Breakeven 2.34% (+0.09), credit 1.84% (-0.11), VIX avg 20.5, oil 61.5 (+0.9).
Top drivers: policy relief; flow unwind.
Top branch: reversal (p=0.36)
Path: A recent move mean-reverts as the initial catalyst loses traction. Tomorrow: 2Y lower, 10Y lower. +1w: curve higher, credit lower. +1m: VIX lower. Transition pressure low.
Leaf scenario: Positioning unwinds; cross-asset confirmation fades",growth_scare,Growth Scare,recession_signal_strengthens,"Risk-off pressure broadens and rates price a deeper slowdown. Tomorrow: 2Y lower, 10Y lower. +1w: curve higher, credit higher. +1m: VIX higher. Transition pressure low.",not realized,0.0,"Not realized 0/5 tracked directions; misses: 2Y, 10Y, 2s10s, VIX, credit. Current month driven by policy relief under macro-confirmed evidence."
2025-06,2025,6,inflation_shock,0.3537369766889561,0.23927164922183666,macro_confirmed,disproportion,flow unwind,risk relief,infla -0.04 | risk -0.43 | polic +0.23 | dispr -0.71 | trans +0.27,"moderately steep; bull flattening; 2s10s +0.52%, 3m10y -0.17%, 5s30s +0.99%.","Breakeven 2.29% (-0.04), credit 1.75% (-0.09), VIX avg 18.4, oil 66.3 (+3.0).","Inflation remains dominant and front-end repricing extends. Tomorrow: 2Y higher, 10Y higher. +1w: curve lower, credit higher. +1m: VIX higher. Transition pressure low.",inflation_persists,0.44371659703523103,Inflation remains dominant and front-end repricing extends.,Energy impulse re-accelerates; breakevens keep grinding higher,higher,higher,lower,higher,higher,5.048762224545734,4.646504062195568,2.366431913239845,1.3679812681466077,1.9868316486305544,3.72,4.24,0.52,16.73,1.75,Inflation and commodity pressure dominate the rates regime and keep nominal repricing biased upward.,"Inflation pressure, commodity impulse, and nominal repricing dominate.",2025-06-30,"2025-06: Inflation Shock
Month-end: 2025-06-30
Avg regime probability: 0.35
Transition pressure: 0.24 (low)
Expectedness: macro-confirmed [macro_consistent:52%, mixed:33%, likely_flow_amplified:14%]
Curve: moderately steep; bull flattening; 2s10s +0.52%, 3m10y -0.17%, 5s30s +0.99%.
Market / macro: Breakeven 2.29% (-0.04), credit 1.75% (-0.09), VIX avg 18.4, oil 66.3 (+3.0).
Top drivers: flow unwind; risk relief.
Top branch: inflation_persists (p=0.44)
Path: Inflation remains dominant and front-end repricing extends. Tomorrow: 2Y higher, 10Y higher. +1w: curve lower, credit higher. +1m: VIX higher. Transition pressure low.
Leaf scenario: Energy impulse re-accelerates; breakevens keep grinding higher",mixed_transition,Mixed Transition,reversal,"A recent move mean-reverts as the initial catalyst loses traction. Tomorrow: 2Y lower, 10Y lower. +1w: curve higher, credit lower. +1m: VIX lower. Transition pressure low.",realized,0.8,Realized 4/5 tracked directions; misses: 2s10s. Current month driven by flow unwind under macro-confirmed evidence.
2025-07,2025,7,policy_constraint,0.39159554326487267,0.1288687813743348,macro_confirmed,inflation,disinflation / oil fade,risk-off / credit stress,infla -0.60 | risk +0.24 | polic +0.09 | dispr -0.02 | trans +0.11,"flat / mildly positive; bear flattening; 2s10s +0.43%, 3m10y -0.04%, 5s30s +0.93%.","Breakeven 2.39% (+0.10), credit 1.67% (-0.05), VIX avg 16.4, oil 70.4 (+3.7).","The front end remains pinned by policy credibility and restrictive guidance. Tomorrow: 2Y higher, 10Y higher. +1w: curve lower, credit higher. +1m: VIX higher. Transition pressure low.",policy_stays_tight,0.3694241089650469,The front end remains pinned by policy credibility and restrictive guidance.,Front-end yields grind higher; curve keeps flattening,higher,higher,lower,higher,higher,3.6207733980463432,4.504442251822091,2.3579652245103233,0.6648014741259228,2.0000000000000018,3.94,4.37,0.43000000000000016,16.72,1.67,The front end stays pinned by restrictive policy and the market prices a tight policy corridor as the main constraint.,Restrictive policy path and front-end repricing dominate more than broad risk stress.,2025-07-31,"2025-07: Policy Constraint
Month-end: 2025-07-31
Avg regime probability: 0.39
Transition pressure: 0.13 (low)
Expectedness: macro-confirmed [macro_consistent:65%, mixed:30%, likely_flow_amplified:4%]
Curve: flat / mildly positive; bear flattening; 2s10s +0.43%, 3m10y -0.04%, 5s30s +0.93%.
Market / macro: Breakeven 2.39% (+0.10), credit 1.67% (-0.05), VIX avg 16.4, oil 70.4 (+3.7).
Top drivers: disinflation / oil fade; risk-off / credit stress.
Top branch: policy_stays_tight (p=0.37)
Path: The front end remains pinned by policy credibility and restrictive guidance. Tomorrow: 2Y higher, 10Y higher. +1w: curve lower, credit higher. +1m: VIX higher. Transition pressure low.
Leaf scenario: Front-end yields grind higher; curve keeps flattening",inflation_shock,Inflation Shock,inflation_persists,"Inflation remains dominant and front-end repricing extends. Tomorrow: 2Y higher, 10Y higher. +1w: curve lower, credit higher. +1m: VIX higher. Transition pressure low.",partially realized,0.6,"Partially realized 3/5 tracked directions; misses: VIX, credit. Current month driven by disinflation / oil fade under macro-confirmed evidence."
2025-08,2025,8,growth_scare,0.4967677030201994,0.3283606012234541,macro_confirmed,risk,risk-off / credit stress,policy relief,infla -0.07 | risk +1.14 | polic -0.73 | dispr +0.16 | trans +0.46,"moderately steep; bull steepening; 2s10s +0.64%, 3m10y +0.00%, 5s30s +1.24%.","Breakeven 2.41% (+0.08), credit 1.80% (+0.05), VIX avg 15.8, oil 64.4 (-4.0).","Risk-off pressure broadens and rates price a deeper slowdown. Tomorrow: 2Y lower, 10Y lower. +1w: curve higher, credit higher. +1m: VIX higher. Transition pressure low.",recession_signal_strengthens,0.7304335578912912,Risk-off pressure broadens and rates price a deeper slowdown.,Credit widening intensifies; VIX stays bid,lower,lower,higher,higher,higher,4.873397172404483,3.065941943351181,3.456877203488726,1.0562618046677632,2.255548713727994,3.59,4.23,0.6400000000000006,15.36,1.8,Growth and risk-off concerns dominate the month and push markets toward slower activity and defensive pricing.,"Growth slowdown, risk-off pressure, and wider spreads dominate.",2025-08-29,"2025-08: Growth Scare
Month-end: 2025-08-29
Avg regime probability: 0.50
Transition pressure: 0.33 (low)
Expectedness: macro-confirmed [macro_consistent:76%, mixed:14%, likely_flow_amplified:10%]
Curve: moderately steep; bull steepening; 2s10s +0.64%, 3m10y +0.00%, 5s30s +1.24%.
Market / macro: Breakeven 2.41% (+0.08), credit 1.80% (+0.05), VIX avg 15.8, oil 64.4 (-4.0).
Top drivers: risk-off / credit stress; policy relief.
Top branch: recession_signal_strengthens (p=0.73)
Path: Risk-off pressure broadens and rates price a deeper slowdown. Tomorrow: 2Y lower, 10Y lower. +1w: curve higher, credit higher. +1m: VIX higher. Transition pressure low.
Leaf scenario: Credit widening intensifies; VIX stays bid",policy_constraint,Policy Constraint,policy_stays_tight,"The front end remains pinned by policy credibility and restrictive guidance. Tomorrow: 2Y higher, 10Y higher. +1w: curve lower, credit higher. +1m: VIX higher. Transition pressure low.",not realized,0.2,"Not realized 1/5 tracked directions; misses: 2Y, 10Y, 2s10s, VIX. Current month driven by risk-off / credit stress under macro-confirmed evidence."
2025-09,2025,9,policy_constraint,0.3820456425677629,0.1524862449039476,macro_confirmed,policy,policy relief,risk-off / credit stress,infla +0.05 | risk +0.48 | polic -0.73 | dispr -0.29 | trans +0.12,"moderately steep; mixed repricing; 2s10s +0.56%, 3m10y +0.14%, 5s30s +0.99%.","Breakeven 2.36% (-0.05), credit 1.67% (-0.13), VIX avg 15.8, oil 63.2 (-1.2).","Policy pressure eases and front-end rates retrace without a major growth shock. Tomorrow: 2Y lower, 10Y lower. +1w: curve higher, credit lower. +1m: VIX lower. Transition pressure low.",front_end_relief,0.4501700707162419,Policy pressure eases and front-end rates retrace without a major growth shock.,Data moderation lowers the policy premium; vol declines,lower,lower,higher,lower,lower,4.087786687193943,3.7868192457523038,2.8653097563788776,0.6368004004395726,1.734935157289749,3.6,4.16,0.56,16.28,1.67,The front end stays pinned by restrictive policy and the market prices a tight policy corridor as the main constraint.,Restrictive policy path and front-end repricing dominate more than broad risk stress.,2025-09-30,"2025-09: Policy Constraint
Month-end: 2025-09-30
Avg regime probability: 0.38
Transition pressure: 0.15 (low)
Expectedness: macro-confirmed [macro_consistent:73%, mixed:14%, likely_flow_amplified:14%]
Curve: moderately steep; mixed repricing; 2s10s +0.56%, 3m10y +0.14%, 5s30s +0.99%.
Market / macro: Breakeven 2.36% (-0.05), credit 1.67% (-0.13), VIX avg 15.8, oil 63.2 (-1.2).
Top drivers: policy relief; risk-off / credit stress.
Top branch: front_end_relief (p=0.45)
Path: Policy pressure eases and front-end rates retrace without a major growth shock. Tomorrow: 2Y lower, 10Y lower. +1w: curve higher, credit lower. +1m: VIX lower. Transition pressure low.
Leaf scenario: Data moderation lowers the policy premium; vol declines",growth_scare,Growth Scare,recession_signal_strengthens,"Risk-off pressure broadens and rates price a deeper slowdown. Tomorrow: 2Y lower, 10Y lower. +1w: curve higher, credit higher. +1m: VIX higher. Transition pressure low.",partially realized,0.4,"Partially realized 2/5 tracked directions; misses: 2Y, 2s10s, credit. Current month driven by policy relief under macro-confirmed evidence."
2025-10,2025,10,growth_scare,0.3639742230208623,0.20331829094110118,macro_confirmed,risk,risk-off / credit stress,flow amplification / surprise,infla +0.22 | risk +0.91 | polic -0.21 | dispr +0.55 | trans +0.11,"moderately steep; bull flattening; 2s10s +0.51%, 3m10y +0.22%, 5s30s +0.96%.","Breakeven 2.30% (-0.05), credit 1.69% (+0.00), VIX avg 18.1, oil 61.8 (-0.8).","Risk-off pressure broadens and rates price a deeper slowdown. Tomorrow: 2Y lower, 10Y lower. +1w: curve higher, credit higher. +1m: VIX higher. Transition pressure low.",recession_signal_strengthens,0.6149298185124222,Risk-off pressure broadens and rates price a deeper slowdown.,Credit widening intensifies; VIX stays bid,lower,lower,higher,higher,higher,4.288356328478307,3.8587562763149306,1.630950643030008,2.150415018083718,2.3722352328552905,3.6,4.11,0.5100000000000002,17.44,1.69,Growth and risk-off concerns dominate the month and push markets toward slower activity and defensive pricing.,"Growth slowdown, risk-off pressure, and wider spreads dominate.",2025-10-31,"2025-10: Growth Scare
Month-end: 2025-10-31
Avg regime probability: 0.36
Transition pressure: 0.20 (low)
Expectedness: macro-confirmed [macro_consistent:65%, mixed:30%, likely_flow_amplified:4%]
Curve: moderately steep; bull flattening; 2s10s +0.51%, 3m10y +0.22%, 5s30s +0.96%.
Market / macro: Breakeven 2.30% (-0.05), credit 1.69% (+0.00), VIX avg 18.1, oil 61.8 (-0.8).
Top drivers: risk-off / credit stress; flow amplification / surprise.
Top branch: recession_signal_strengthens (p=0.61)
Path: Risk-off pressure broadens and rates price a deeper slowdown. Tomorrow: 2Y lower, 10Y lower. +1w: curve higher, credit higher. +1m: VIX higher. Transition pressure low.
Leaf scenario: Credit widening intensifies; VIX stays bid",policy_constraint,Policy Constraint,front_end_relief,"Policy pressure eases and front-end rates retrace without a major growth shock. Tomorrow: 2Y lower, 10Y lower. +1w: curve higher, credit lower. +1m: VIX lower. Transition pressure low.",not realized,0.2,"Not realized 1/5 tracked directions; misses: 2Y, 2s10s, VIX, credit. Current month driven by risk-off / credit stress under macro-confirmed evidence."
2025-11,2025,11,growth_scare,0.42371977747264145,0.19827724083455212,macro_confirmed,disproportion,flow amplification / surprise,risk relief,infla -0.03 | risk -0.36 | polic +0.26 | dispr +0.59 | trans +0.25,"moderately steep; bull steepening; 2s10s +0.55%, 3m10y +0.14%, 5s30s +1.08%.","Breakeven 2.23% (-0.08), credit 1.78% (+0.07), VIX avg 19.8, oil 58.6 (-3.2).","Risk-off pressure broadens and rates price a deeper slowdown. Tomorrow: 2Y lower, 10Y lower. +1w: curve higher, credit higher. +1m: VIX higher. Transition pressure low.",recession_signal_strengthens,0.41335618250743034,Risk-off pressure broadens and rates price a deeper slowdown.,Credit widening intensifies; VIX stays bid,lower,lower,higher,higher,higher,2.903015673398957,3.057368149242082,1.5033296378372971,1.7276790066444634,1.4991664350564964,3.47,4.02,0.5499999999999994,16.35,1.78,Growth and risk-off concerns dominate the month and push markets toward slower activity and defensive pricing.,"Growth slowdown, risk-off pressure, and wider spreads dominate.",2025-11-28,"2025-11: Growth Scare
Month-end: 2025-11-28
Avg regime probability: 0.42
Transition pressure: 0.20 (low)
Expectedness: macro-confirmed [macro_consistent:70%, mixed:25%, likely_flow_amplified:5%]
Curve: moderately steep; bull steepening; 2s10s +0.55%, 3m10y +0.14%, 5s30s +1.08%.
Market / macro: Breakeven 2.23% (-0.08), credit 1.78% (+0.07), VIX avg 19.8, oil 58.6 (-3.2).
Top drivers: flow amplification / surprise; risk relief.
Top branch: recession_signal_strengthens (p=0.41)
Path: Risk-off pressure broadens and rates price a deeper slowdown. Tomorrow: 2Y lower, 10Y lower. +1w: curve higher, credit higher. +1m: VIX higher. Transition pressure low.
Leaf scenario: Credit widening intensifies; VIX stays bid",growth_scare,Growth Scare,recession_signal_strengthens,"Risk-off pressure broadens and rates price a deeper slowdown. Tomorrow: 2Y lower, 10Y lower. +1w: curve higher, credit higher. +1m: VIX higher. Transition pressure low.",realized,0.8,Realized 4/5 tracked directions; misses: VIX. Current month driven by flow amplification / surprise under macro-confirmed evidence.
2025-12,2025,12,inflation_shock,0.3899944983083099,0.13709443460292184,macro_confirmed,transition,regime rotation pressure,risk relief,infla +0.11 | risk -0.16 | polic +0.08 | dispr -0.03 | trans +0.17,"moderately steep; bear steepening; 2s10s +0.71%, 3m10y +0.51%, 5s30s +1.11%.","Breakeven 2.25% (+0.01), credit 1.72% (-0.06), VIX avg 15.5, oil 57.3 (-2.2).","Inflation remains dominant and front-end repricing extends. Tomorrow: 2Y higher, 10Y higher. +1w: curve lower, credit higher. +1m: VIX higher. Transition pressure low.",inflation_persists,0.4816710797327272,Inflation remains dominant and front-end repricing extends.,Energy impulse re-accelerates; breakevens keep grinding higher,higher,higher,lower,higher,higher,2.808914381037626,2.8879058156387307,2.2158519806160446,0.8005827564967909,1.6992645467966443,3.47,4.18,0.7099999999999995,14.95,1.72,Inflation and commodity pressure dominate the rates regime and keep nominal repricing biased upward.,"Inflation pressure, commodity impulse, and nominal repricing dominate.",2025-12-31,"2025-12: Inflation Shock
Month-end: 2025-12-31
Avg regime probability: 0.39
Transition pressure: 0.14 (low)
Expectedness: macro-confirmed [macro_consistent:65%, mixed:30%, likely_flow_amplified:4%]
Curve: moderately steep; bear steepening; 2s10s +0.71%, 3m10y +0.51%, 5s30s +1.11%.
Market / macro: Breakeven 2.25% (+0.01), credit 1.72% (-0.06), VIX avg 15.5, oil 57.3 (-2.2).
Top drivers: regime rotation pressure; risk relief.
Top branch: inflation_persists (p=0.48)
Path: Inflation remains dominant and front-end repricing extends. Tomorrow: 2Y higher, 10Y higher. +1w: curve lower, credit higher. +1m: VIX higher. Transition pressure low.
Leaf scenario: Energy impulse re-accelerates; breakevens keep grinding higher",growth_scare,Growth Scare,recession_signal_strengthens,"Risk-off pressure broadens and rates price a deeper slowdown. Tomorrow: 2Y lower, 10Y lower. +1w: curve higher, credit higher. +1m: VIX higher. Transition pressure low.",not realized,0.2,"Not realized 1/5 tracked directions; misses: 2Y, 10Y, VIX, credit. Current month driven by regime rotation pressure under macro-confirmed evidence."
2026-01,2026,1,inflation_shock,0.41002517827594837,0.15872060286552306,contested,disproportion,flow unwind,policy relief,infla +0.15 | risk +0.06 | polic -0.39 | dispr -0.74 | trans +0.14,"moderately steep; bear steepening; 2s10s +0.74%, 3m10y +0.59%, 5s30s +1.08%.","Breakeven 2.36% (+0.11), credit 1.62% (-0.10), VIX avg 16.1, oil 64.5 (+7.2).","Inflation remains dominant and front-end repricing extends. Tomorrow: 2Y higher, 10Y higher. +1w: curve lower, credit higher. +1m: VIX higher. Transition pressure low.",inflation_persists,0.3740824242680444,Inflation remains dominant and front-end repricing extends.,Energy impulse re-accelerates; breakevens keep grinding higher,higher,higher,lower,higher,higher,2.405722344743887,2.903015673398951,2.826658805020521,1.1548561598744669,1.5620499351813293,3.52,4.26,0.7399999999999998,17.44,1.62,Inflation and commodity pressure dominate the rates regime and keep nominal repricing biased upward.,"Inflation pressure, commodity impulse, and nominal repricing dominate.",2026-01-30,"2026-01: Inflation Shock
Month-end: 2026-01-30
Avg regime probability: 0.41
Transition pressure: 0.16 (low)
Expectedness: contested [macro_consistent:50%, mixed:36%, likely_flow_amplified:14%]
Curve: moderately steep; bear steepening; 2s10s +0.74%, 3m10y +0.59%, 5s30s +1.08%.
Market / macro: Breakeven 2.36% (+0.11), credit 1.62% (-0.10), VIX avg 16.1, oil 64.5 (+7.2).
Top drivers: flow unwind; policy relief.
Top branch: inflation_persists (p=0.37)
Path: Inflation remains dominant and front-end repricing extends. Tomorrow: 2Y higher, 10Y higher. +1w: curve lower, credit higher. +1m: VIX higher. Transition pressure low.
Leaf scenario: Energy impulse re-accelerates; breakevens keep grinding higher",inflation_shock,Inflation Shock,inflation_persists,"Inflation remains dominant and front-end repricing extends. Tomorrow: 2Y higher, 10Y higher. +1w: curve lower, credit higher. +1m: VIX higher. Transition pressure low.",partially realized,0.6,"Partially realized 3/5 tracked directions; misses: 2s10s, credit. Current month driven by flow unwind under contested evidence."
2026-02,2026,2,growth_scare,0.5002456222923161,0.16389110553950187,macro_confirmed,risk,risk-off / credit stress,policy relief,infla -0.31 | risk +1.15 | polic -0.42 | dispr +0.16 | trans +0.21,"moderately steep; bull flattening; 2s10s +0.59%, 3m10y +0.30%, 5s30s +1.13%.","Breakeven 2.25% (-0.10), credit 1.80% (+0.19), VIX avg 19.2, oil 67.0 (+5.4).","Risk-off pressure broadens and rates price a deeper slowdown. Tomorrow: 2Y lower, 10Y lower. +1w: curve higher, credit higher. +1m: VIX higher. Transition pressure low.",recession_signal_strengthens,0.7284374762273671,Risk-off pressure broadens and rates price a deeper slowdown.,Credit widening intensifies; VIX stays bid,lower,lower,higher,higher,higher,4.12431812546025,3.5982634700644036,1.86748493969831,1.645830793246985,2.071231517720799,3.38,3.97,0.5900000000000003,19.86,1.8,Growth and risk-off concerns dominate the month and push markets toward slower activity and defensive pricing.,"Growth slowdown, risk-off pressure, and wider spreads dominate.",2026-02-27,"2026-02: Growth Scare
Month-end: 2026-02-27
Avg regime probability: 0.50
Transition pressure: 0.16 (low)
Expectedness: macro-confirmed [macro_consistent:75%, mixed:10%, likely_flow_amplified:15%]
Curve: moderately steep; bull flattening; 2s10s +0.59%, 3m10y +0.30%, 5s30s +1.13%.
Market / macro: Breakeven 2.25% (-0.10), credit 1.80% (+0.19), VIX avg 19.2, oil 67.0 (+5.4).
Top drivers: risk-off / credit stress; policy relief.
Top branch: recession_signal_strengthens (p=0.73)
Path: Risk-off pressure broadens and rates price a deeper slowdown. Tomorrow: 2Y lower, 10Y lower. +1w: curve higher, credit higher. +1m: VIX higher. Transition pressure low.
Leaf scenario: Credit widening intensifies; VIX stays bid",inflation_shock,Inflation Shock,inflation_persists,"Inflation remains dominant and front-end repricing extends. Tomorrow: 2Y higher, 10Y higher. +1w: curve lower, credit higher. +1m: VIX higher. Transition pressure low.",partially realized,0.6,"Partially realized 3/5 tracked directions; misses: 2Y, 10Y. Current month driven by risk-off / credit stress under macro-confirmed evidence."
2026-03,2026,3,mixed_transition,0.6620678174267772,0.32198197154410313,contested,risk,risk relief,flow unwind,infla -0.30 | risk -1.22 | polic -0.20 | dispr -0.61 | trans +0.26,"moderately steep; bear flattening; 2s10s +0.51%, 3m10y +0.60%, 5s30s +0.96%.","Breakeven 2.30% (+0.01), credit 1.79% (+0.01), VIX avg 25.6, oil 102.9 (+31.7).","The system stabilizes and daily moves fade into a tighter range. Tomorrow: 2Y lower, 10Y lower. +1w: curve higher, credit lower. +1m: VIX lower. Transition pressure low.",containment,0.47553391459652705,The system stabilizes and daily moves fade into a tighter range.,Market internals calm; scenario dispersion compresses,lower,lower,higher,lower,lower,6.0199667773169585,5.635601121442143,3.5721142198983697,2.759527858167045,2.8013389655662904,3.79,4.3,0.5099999999999998,25.25,1.79,No single macro force dominates; the regime is contested and transition pressure is high.,"Signals disagree, transition pressure is elevated, and narrative coherence is weak.",2026-03-31,"2026-03: Mixed Transition
Month-end: 2026-03-31
Avg regime probability: 0.66
Transition pressure: 0.32 (low)
Expectedness: contested [macro_consistent:32%, mixed:45%, likely_flow_amplified:23%]
Curve: moderately steep; bear flattening; 2s10s +0.51%, 3m10y +0.60%, 5s30s +0.96%.
Market / macro: Breakeven 2.30% (+0.01), credit 1.79% (+0.01), VIX avg 25.6, oil 102.9 (+31.7).
Top drivers: risk relief; flow unwind.
Top branch: containment (p=0.48)
Path: The system stabilizes and daily moves fade into a tighter range. Tomorrow: 2Y lower, 10Y lower. +1w: curve higher, credit lower. +1m: VIX lower. Transition pressure low.
Leaf scenario: Market internals calm; scenario dispersion compresses",growth_scare,Growth Scare,recession_signal_strengthens,"Risk-off pressure broadens and rates price a deeper slowdown. Tomorrow: 2Y lower, 10Y lower. +1w: curve higher, credit higher. +1m: VIX higher. Transition pressure low.",not realized,0.2,"Not realized 1/5 tracked directions; misses: 2Y, 10Y, 2s10s, credit. Current month driven by risk relief under contested evidence."
2026-04,2026,4,inflation_shock,0.45053195723763667,0.3200485731250621,macro_confirmed,inflation,disinflation / oil fade,flow amplification / surprise,infla -0.52 | risk -0.02 | polic +0.00 | dispr +0.19 | trans +0.07,"moderately steep; mixed repricing; 2s10s +0.54%, 3m10y +0.62%, 5s30s +1.02%.","Breakeven 2.36% (+0.05), credit 1.71% (-0.04), VIX avg 21.0, oil 100.7 (-1.2).","Inflation remains dominant and front-end repricing extends. Tomorrow: 2Y higher, 10Y higher. +1w: curve lower, credit higher. +1m: VIX higher. Transition pressure low.",inflation_persists,0.3772688873756528,Inflation remains dominant and front-end repricing extends.,Energy impulse re-accelerates; breakevens keep grinding higher,higher,higher,lower,higher,higher,4.642197755374065,4.245880356298331,2.7977669667075755,1.941815130232536,2.4576411454889038,3.78,4.32,0.5400000000000005,17.94,1.71,Inflation and commodity pressure dominate the rates regime and keep nominal repricing biased upward.,"Inflation pressure, commodity impulse, and nominal repricing dominate.",2026-04-17,"2026-04: Inflation Shock
Month-end: 2026-04-17
Avg regime probability: 0.45
Transition pressure: 0.32 (low)
Expectedness: macro-confirmed [macro_consistent:100%, mixed:0%, likely_flow_amplified:0%]
Curve: moderately steep; mixed repricing; 2s10s +0.54%, 3m10y +0.62%, 5s30s +1.02%.
Market / macro: Breakeven 2.36% (+0.05), credit 1.71% (-0.04), VIX avg 21.0, oil 100.7 (-1.2).
Top drivers: disinflation / oil fade; flow amplification / surprise.
Top branch: inflation_persists (p=0.38)
Path: Inflation remains dominant and front-end repricing extends. Tomorrow: 2Y higher, 10Y higher. +1w: curve lower, credit higher. +1m: VIX higher. Transition pressure low.
Leaf scenario: Energy impulse re-accelerates; breakevens keep grinding higher",mixed_transition,Mixed Transition,containment,"The system stabilizes and daily moves fade into a tighter range. Tomorrow: 2Y lower, 10Y lower. +1w: curve higher, credit lower. +1m: VIX lower. Transition pressure low.",partially realized,0.6,"Partially realized 3/5 tracked directions; misses: 2Y, 10Y. Current month driven by disinflation / oil fade under macro-confirmed evidence."
