month,year,month_num,regime,avg_prob,transition_pressure,expectedness,top_driver,top_driver_text,secondary_driver_text,curve_summary,market_summary,path_summary,branch_name,branch_probability,month_end,tooltip
2007-01,2007,1,growth_scare,0.41688292793101317,0.1445343317814332,flow_amplified,disproportion,flow unwind,policy relief,"flat / mildly positive; initial month / no prior comparison; 2s10s -0.11%, 3m10y -0.29%, 5s30s +0.11%.","Breakeven 2.43% (+0.00), credit 1.57% (+0.00), VIX avg 10.4, oil 58.2 (+0.0).",Scenario engine warming up. Template path: Base path: recession signal strengthens unless stabilization or inflation rebound interrupts it. Transition pressure low.,warmup_path,0.0,2007-01-31,"2007-01: Growth Scare
Month-end: 2007-01-31
Avg regime probability: 0.42
Transition pressure: 0.14 (low)
Expectedness: flow-amplified [macro_consistent:0%, mixed:0%, likely_flow_amplified:100%]
Curve: flat / mildly positive; initial month / no prior comparison; 2s10s -0.11%, 3m10y -0.29%, 5s30s +0.11%.
Market / macro: Breakeven 2.43% (+0.00), credit 1.57% (+0.00), VIX avg 10.4, oil 58.2 (+0.0).
Top drivers: flow unwind; policy relief.
Top branch: warmup_path (history < 25 trading days)
Path: Scenario engine warming up. Template path: Base path: recession signal strengthens unless stabilization or inflation rebound interrupts it. Transition pressure low.
Leaf scenario: monthly path template only during warm-up."
2007-02,2007,2,growth_scare,0.5488155030777565,0.1725793831190785,contested,risk,risk relief,flow amplification / surprise,"flat / mildly positive; bull steepening; 2s10s -0.09%, 3m10y -0.60%, 5s30s +0.16%.","Breakeven 2.36% (-0.06), credit 1.60% (+0.04), VIX avg 11.1, oil 61.8 (+4.4).",Scenario engine warming up. Template path: Base path: recession signal strengthens unless stabilization or inflation rebound interrupts it. Transition pressure low.,warmup_path,0.0,2007-02-28,"2007-02: Growth Scare
Month-end: 2007-02-28
Avg regime probability: 0.55
Transition pressure: 0.17 (low)
Expectedness: contested [macro_consistent:45%, mixed:35%, likely_flow_amplified:20%]
Curve: flat / mildly positive; bull steepening; 2s10s -0.09%, 3m10y -0.60%, 5s30s +0.16%.
Market / macro: Breakeven 2.36% (-0.06), credit 1.60% (+0.04), VIX avg 11.1, oil 61.8 (+4.4).
Top drivers: risk relief; flow amplification / surprise.
Top branch: warmup_path (history < 25 trading days)
Path: Scenario engine warming up. Template path: Base path: recession signal strengthens unless stabilization or inflation rebound interrupts it. Transition pressure low.
Leaf scenario: monthly path template only during warm-up."
2007-03,2007,3,growth_scare,0.39727703245088275,0.27931627903322176,macro_confirmed,inflation,disinflation / oil fade,flow amplification / surprise,"flat / mildly positive; mixed repricing; 2s10s +0.07%, 3m10y -0.39%, 5s30s +0.30%.","Breakeven 2.44% (+0.07), credit 1.75% (+0.13), VIX avg 15.2, oil 65.9 (+4.0).","Risk-off pressure broadens and rates price a deeper slowdown. Tomorrow: 2Y lower, 10Y lower. +1w: curve higher, credit higher. +1m: VIX higher. Transition pressure low.",recession_signal_strengthens,0.49113809975056255,2007-03-30,"2007-03: Growth Scare
Month-end: 2007-03-30
Avg regime probability: 0.40
Transition pressure: 0.28 (low)
Expectedness: macro-confirmed [macro_consistent:82%, mixed:9%, likely_flow_amplified:9%]
Curve: flat / mildly positive; mixed repricing; 2s10s +0.07%, 3m10y -0.39%, 5s30s +0.30%.
Market / macro: Breakeven 2.44% (+0.07), credit 1.75% (+0.13), VIX avg 15.2, oil 65.9 (+4.0).
Top drivers: disinflation / oil fade; flow amplification / surprise.
Top branch: recession_signal_strengthens (p=0.49)
Path: Risk-off pressure broadens and rates price a deeper slowdown. Tomorrow: 2Y lower, 10Y lower. +1w: curve higher, credit higher. +1m: VIX higher. Transition pressure low.
Leaf scenario: Credit widening intensifies; VIX stays bid"
2007-04,2007,4,mixed_transition,0.5589961885907404,0.1305935086245707,macro_confirmed,risk,risk-off / credit stress,policy relief,"flat / mildly positive; mixed repricing; 2s10s +0.03%, 3m10y -0.28%, 5s30s +0.30%.","Breakeven 2.43% (-0.01), credit 1.68% (-0.06), VIX avg 12.9, oil 65.8 (-0.2).","A recent move mean-reverts as the initial catalyst loses traction. Tomorrow: 2Y lower, 10Y lower. +1w: curve higher, credit lower. +1m: VIX lower. Transition pressure low.",reversal,0.39661442371812733,2007-04-30,"2007-04: Mixed Transition
Month-end: 2007-04-30
Avg regime probability: 0.56
Transition pressure: 0.13 (low)
Expectedness: macro-confirmed [macro_consistent:67%, mixed:29%, likely_flow_amplified:5%]
Curve: flat / mildly positive; mixed repricing; 2s10s +0.03%, 3m10y -0.28%, 5s30s +0.30%.
Market / macro: Breakeven 2.43% (-0.01), credit 1.68% (-0.06), VIX avg 12.9, oil 65.8 (-0.2).
Top drivers: risk-off / credit stress; policy relief.
Top branch: reversal (p=0.40)
Path: A recent move mean-reverts as the initial catalyst loses traction. Tomorrow: 2Y lower, 10Y lower. +1w: curve higher, credit lower. +1m: VIX lower. Transition pressure low.
Leaf scenario: Positioning unwinds; cross-asset confirmation fades"
2007-05,2007,5,policy_constraint,0.44933186638652406,0.1260846390050259,macro_confirmed,disproportion,flow amplification / surprise,hawkish front-end pressure,"flat / mildly positive; bear flattening; 2s10s -0.02%, 3m10y +0.17%, 5s30s +0.15%.","Breakeven 2.36% (-0.09), credit 1.60% (-0.07), VIX avg 13.3, oil 64.0 (-0.4).","The front end remains pinned by policy credibility and restrictive guidance. Tomorrow: 2Y higher, 10Y higher. +1w: curve lower, credit higher. +1m: VIX higher. Transition pressure low.",policy_stays_tight,0.5450849763066156,2007-05-31,"2007-05: Policy Constraint
Month-end: 2007-05-31
Avg regime probability: 0.45
Transition pressure: 0.13 (low)
Expectedness: macro-confirmed [macro_consistent:61%, mixed:35%, likely_flow_amplified:4%]
Curve: flat / mildly positive; bear flattening; 2s10s -0.02%, 3m10y +0.17%, 5s30s +0.15%.
Market / macro: Breakeven 2.36% (-0.09), credit 1.60% (-0.07), VIX avg 13.3, oil 64.0 (-0.4).
Top drivers: flow amplification / surprise; hawkish front-end pressure.
Top branch: policy_stays_tight (p=0.55)
Path: The front end remains pinned by policy credibility and restrictive guidance. Tomorrow: 2Y higher, 10Y higher. +1w: curve lower, credit higher. +1m: VIX higher. Transition pressure low.
Leaf scenario: Front-end yields grind higher; curve keeps flattening"
2007-06,2007,6,mixed_transition,0.6042219928084348,0.1549199794526708,flow_amplified,disproportion,flow unwind,policy relief,"flat / mildly positive; mixed repricing; 2s10s +0.16%, 3m10y +0.21%, 5s30s +0.20%.","Breakeven 2.38% (+0.00), credit 1.59% (-0.01), VIX avg 14.9, oil 70.5 (+5.4).","A recent move mean-reverts as the initial catalyst loses traction. Tomorrow: 2Y lower, 10Y lower. +1w: curve higher, credit lower. +1m: VIX lower. Transition pressure low.",reversal,0.5144434830912904,2007-06-29,"2007-06: Mixed Transition
Month-end: 2007-06-29
Avg regime probability: 0.60
Transition pressure: 0.15 (low)
Expectedness: flow-amplified [macro_consistent:29%, mixed:29%, likely_flow_amplified:43%]
Curve: flat / mildly positive; mixed repricing; 2s10s +0.16%, 3m10y +0.21%, 5s30s +0.20%.
Market / macro: Breakeven 2.38% (+0.00), credit 1.59% (-0.01), VIX avg 14.9, oil 70.5 (+5.4).
Top drivers: flow unwind; policy relief.
Top branch: reversal (p=0.51)
Path: A recent move mean-reverts as the initial catalyst loses traction. Tomorrow: 2Y lower, 10Y lower. +1w: curve higher, credit lower. +1m: VIX lower. Transition pressure low.
Leaf scenario: Positioning unwinds; cross-asset confirmation fades"
2007-07,2007,7,growth_scare,0.6079045914597109,0.19820838634796606,macro_confirmed,disproportion,flow unwind,regime rotation pressure,"flat / mildly positive; bull steepening; 2s10s +0.22%, 3m10y -0.18%, 5s30s +0.32%.","Breakeven 2.34% (-0.05), credit 1.85% (+0.25), VIX avg 17.2, oil 78.2 (+7.1).","Risk-off pressure broadens and rates price a deeper slowdown. Tomorrow: 2Y lower, 10Y lower. +1w: curve higher, credit higher. +1m: VIX higher. Transition pressure low.",recession_signal_strengthens,0.5158056119107398,2007-07-31,"2007-07: Growth Scare
Month-end: 2007-07-31
Avg regime probability: 0.61
Transition pressure: 0.20 (low)
Expectedness: macro-confirmed [macro_consistent:64%, mixed:32%, likely_flow_amplified:5%]
Curve: flat / mildly positive; bull steepening; 2s10s +0.22%, 3m10y -0.18%, 5s30s +0.32%.
Market / macro: Breakeven 2.34% (-0.05), credit 1.85% (+0.25), VIX avg 17.2, oil 78.2 (+7.1).
Top drivers: flow unwind; regime rotation pressure.
Top branch: recession_signal_strengthens (p=0.52)
Path: Risk-off pressure broadens and rates price a deeper slowdown. Tomorrow: 2Y lower, 10Y lower. +1w: curve higher, credit higher. +1m: VIX higher. Transition pressure low.
Leaf scenario: Credit widening intensifies; VIX stays bid"
2007-08,2007,8,growth_scare,0.5744422666671612,0.2656196148063992,macro_confirmed,policy,hawkish front-end pressure,risk relief,"flat / mildly positive; bull steepening; 2s10s +0.39%, 3m10y +0.53%, 5s30s +0.58%.","Breakeven 2.20% (-0.12), credit 2.05% (+0.19), VIX avg 25.0, oil 74.0 (-2.5).","Growth fears stop worsening and markets move toward a calmer range. Tomorrow: 2Y higher, 10Y higher. +1w: curve flat, credit lower. +1m: VIX lower. Transition pressure low.",stabilization,0.3845116536711057,2007-08-31,"2007-08: Growth Scare
Month-end: 2007-08-31
Avg regime probability: 0.57
Transition pressure: 0.27 (low)
Expectedness: macro-confirmed [macro_consistent:70%, mixed:22%, likely_flow_amplified:9%]
Curve: flat / mildly positive; bull steepening; 2s10s +0.39%, 3m10y +0.53%, 5s30s +0.58%.
Market / macro: Breakeven 2.20% (-0.12), credit 2.05% (+0.19), VIX avg 25.0, oil 74.0 (-2.5).
Top drivers: hawkish front-end pressure; risk relief.
Top branch: stabilization (p=0.38)
Path: Growth fears stop worsening and markets move toward a calmer range. Tomorrow: 2Y higher, 10Y higher. +1w: curve flat, credit lower. +1m: VIX lower. Transition pressure low.
Leaf scenario: Volatility cools; credit stops widening"
2007-09,2007,9,inflation_shock,0.46546955573446797,0.25925366781278925,macro_confirmed,policy,hawkish front-end pressure,regime rotation pressure,"moderately steep; mixed repricing; 2s10s +0.62%, 3m10y +0.77%, 5s30s +0.60%.","Breakeven 2.32% (+0.12), credit 2.00% (-0.05), VIX avg 22.3, oil 81.6 (+7.7).","Inflation remains dominant and front-end repricing extends. Tomorrow: 2Y higher, 10Y higher. +1w: curve lower, credit higher. +1m: VIX higher. Transition pressure low.",inflation_persists,0.46194606001151256,2007-09-28,"2007-09: Inflation Shock
Month-end: 2007-09-28
Avg regime probability: 0.47
Transition pressure: 0.26 (low)
Expectedness: macro-confirmed [macro_consistent:80%, mixed:15%, likely_flow_amplified:5%]
Curve: moderately steep; mixed repricing; 2s10s +0.62%, 3m10y +0.77%, 5s30s +0.60%.
Market / macro: Breakeven 2.32% (+0.12), credit 2.00% (-0.05), VIX avg 22.3, oil 81.6 (+7.7).
Top drivers: hawkish front-end pressure; regime rotation pressure.
Top branch: inflation_persists (p=0.46)
Path: Inflation remains dominant and front-end repricing extends. Tomorrow: 2Y higher, 10Y higher. +1w: curve lower, credit higher. +1m: VIX higher. Transition pressure low.
Leaf scenario: Energy impulse re-accelerates; breakevens keep grinding higher"
2007-10,2007,10,mixed_transition,0.6141053391598936,0.27911770095575883,macro_confirmed,policy,hawkish front-end pressure,flow amplification / surprise,"moderately steep; bull flattening; 2s10s +0.54%, 3m10y +0.54%, 5s30s +0.58%.","Breakeven 2.34% (+0.04), credit 1.99% (+0.00), VIX avg 19.1, oil 94.2 (+13.8).","Existing moves extend as positioning and narrative momentum reinforce one another. Tomorrow: 2Y higher, 10Y higher. +1w: curve lower, credit higher. +1m: VIX higher. Transition pressure low.",amplification,0.7844758039344184,2007-10-31,"2007-10: Mixed Transition
Month-end: 2007-10-31
Avg regime probability: 0.61
Transition pressure: 0.28 (low)
Expectedness: macro-confirmed [macro_consistent:65%, mixed:26%, likely_flow_amplified:9%]
Curve: moderately steep; bull flattening; 2s10s +0.54%, 3m10y +0.54%, 5s30s +0.58%.
Market / macro: Breakeven 2.34% (+0.04), credit 1.99% (+0.00), VIX avg 19.1, oil 94.2 (+13.8).
Top drivers: hawkish front-end pressure; flow amplification / surprise.
Top branch: amplification (p=0.78)
Path: Existing moves extend as positioning and narrative momentum reinforce one another. Tomorrow: 2Y higher, 10Y higher. +1w: curve lower, credit higher. +1m: VIX higher. Transition pressure low.
Leaf scenario: Move broadens across rates and risk; flow pressure stays elevated"
2007-11,2007,11,growth_scare,0.8245554888609538,0.3982431715322491,macro_confirmed,policy,policy relief,regime rotation pressure,"moderately steep; bull steepening; 2s10s +0.93%, 3m10y +0.82%, 5s30s +0.99%.","Breakeven 2.34% (-0.02), credit 2.47% (+0.46), VIX avg 25.6, oil 88.6 (-4.9).","Risk-off pressure broadens and rates price a deeper slowdown. Tomorrow: 2Y lower, 10Y lower. +1w: curve higher, credit higher. +1m: VIX higher. Transition pressure low.",recession_signal_strengthens,0.4728081483396772,2007-11-30,"2007-11: Growth Scare
Month-end: 2007-11-30
Avg regime probability: 0.82
Transition pressure: 0.40 (low)
Expectedness: macro-confirmed [macro_consistent:64%, mixed:32%, likely_flow_amplified:5%]
Curve: moderately steep; bull steepening; 2s10s +0.93%, 3m10y +0.82%, 5s30s +0.99%.
Market / macro: Breakeven 2.34% (-0.02), credit 2.47% (+0.46), VIX avg 25.6, oil 88.6 (-4.9).
Top drivers: policy relief; regime rotation pressure.
Top branch: recession_signal_strengthens (p=0.47)
Path: Risk-off pressure broadens and rates price a deeper slowdown. Tomorrow: 2Y lower, 10Y lower. +1w: curve higher, credit higher. +1m: VIX higher. Transition pressure low.
Leaf scenario: Credit widening intensifies; VIX stays bid"
2007-12,2007,12,mixed_transition,0.6189476168269024,0.3046150859573815,macro_confirmed,policy,policy relief,risk-off / credit stress,"moderately steep; bear steepening; 2s10s +0.99%, 3m10y +0.68%, 5s30s +1.00%.","Breakeven 2.31% (-0.01), credit 2.52% (+0.00), VIX avg 21.5, oil 96.0 (+6.7).","A recent move mean-reverts as the initial catalyst loses traction. Tomorrow: 2Y lower, 10Y lower. +1w: curve higher, credit lower. +1m: VIX lower. Transition pressure low.",reversal,0.3718472883413956,2007-12-31,"2007-12: Mixed Transition
Month-end: 2007-12-31
Avg regime probability: 0.62
Transition pressure: 0.30 (low)
Expectedness: macro-confirmed [macro_consistent:67%, mixed:33%, likely_flow_amplified:0%]
Curve: moderately steep; bear steepening; 2s10s +0.99%, 3m10y +0.68%, 5s30s +1.00%.
Market / macro: Breakeven 2.31% (-0.01), credit 2.52% (+0.00), VIX avg 21.5, oil 96.0 (+6.7).
Top drivers: policy relief; risk-off / credit stress.
Top branch: reversal (p=0.37)
Path: A recent move mean-reverts as the initial catalyst loses traction. Tomorrow: 2Y lower, 10Y lower. +1w: curve higher, credit lower. +1m: VIX lower. Transition pressure low.
Leaf scenario: Positioning unwinds; cross-asset confirmation fades"
2008-01,2008,1,growth_scare,0.7706945480591595,0.32586197309594855,macro_confirmed,policy,policy relief,flow unwind,"steep; bull steepening; 2s10s +1.50%, 3m10y +1.71%, 5s30s +1.53%.","Breakeven 2.34% (+0.03), credit 2.96% (+0.44), VIX avg 25.7, oil 91.7 (-4.3).","Risk-off pressure broadens and rates price a deeper slowdown. Tomorrow: 2Y lower, 10Y lower. +1w: curve higher, credit higher. +1m: VIX higher. Transition pressure low.",recession_signal_strengthens,0.49313049875171966,2008-01-31,"2008-01: Growth Scare
Month-end: 2008-01-31
Avg regime probability: 0.77
Transition pressure: 0.33 (low)
Expectedness: macro-confirmed [macro_consistent:74%, mixed:17%, likely_flow_amplified:9%]
Curve: steep; bull steepening; 2s10s +1.50%, 3m10y +1.71%, 5s30s +1.53%.
Market / macro: Breakeven 2.34% (+0.03), credit 2.96% (+0.44), VIX avg 25.7, oil 91.7 (-4.3).
Top drivers: policy relief; flow unwind.
Top branch: recession_signal_strengthens (p=0.49)
Path: Risk-off pressure broadens and rates price a deeper slowdown. Tomorrow: 2Y lower, 10Y lower. +1w: curve higher, credit higher. +1m: VIX higher. Transition pressure low.
Leaf scenario: Credit widening intensifies; VIX stays bid"
2008-02,2008,2,growth_scare,0.5880275805121181,0.31226749521382685,macro_confirmed,policy,policy relief,risk-off / credit stress,"steep; bull steepening; 2s10s +1.88%, 3m10y +1.68%, 5s30s +1.91%.","Breakeven 2.43% (+0.12), credit 3.22% (+0.24), VIX avg 25.4, oil 101.8 (+12.8).","Risk-off pressure broadens and rates price a deeper slowdown. Tomorrow: 2Y lower, 10Y lower. +1w: curve higher, credit higher. +1m: VIX higher. Transition pressure low.",recession_signal_strengthens,0.757377897237896,2008-02-29,"2008-02: Growth Scare
Month-end: 2008-02-29
Avg regime probability: 0.59
Transition pressure: 0.31 (low)
Expectedness: macro-confirmed [macro_consistent:76%, mixed:24%, likely_flow_amplified:0%]
Curve: steep; bull steepening; 2s10s +1.88%, 3m10y +1.68%, 5s30s +1.91%.
Market / macro: Breakeven 2.43% (+0.12), credit 3.22% (+0.24), VIX avg 25.4, oil 101.8 (+12.8).
Top drivers: policy relief; risk-off / credit stress.
Top branch: recession_signal_strengthens (p=0.76)
Path: Risk-off pressure broadens and rates price a deeper slowdown. Tomorrow: 2Y lower, 10Y lower. +1w: curve higher, credit higher. +1m: VIX higher. Transition pressure low.
Leaf scenario: Credit widening intensifies; VIX stays bid"
2008-03,2008,3,growth_scare,0.4500139582019612,0.5012933348837427,macro_confirmed,policy,policy relief,flow unwind,"steep; bull flattening; 2s10s +1.83%, 3m10y +2.07%, 5s30s +1.84%.","Breakeven 2.34% (-0.12), credit 3.45% (+0.23), VIX avg 27.1, oil 101.5 (-0.9).","Risk-off pressure broadens and rates price a deeper slowdown. Tomorrow: 2Y lower, 10Y lower. +1w: curve higher, credit higher. +1m: VIX higher. Transition pressure low.",recession_signal_strengthens,0.46444633818645636,2008-03-31,"2008-03: Growth Scare
Month-end: 2008-03-31
Avg regime probability: 0.45
Transition pressure: 0.50 (low)
Expectedness: macro-confirmed [macro_consistent:81%, mixed:14%, likely_flow_amplified:5%]
Curve: steep; bull flattening; 2s10s +1.83%, 3m10y +2.07%, 5s30s +1.84%.
Market / macro: Breakeven 2.34% (-0.12), credit 3.45% (+0.23), VIX avg 27.1, oil 101.5 (-0.9).
Top drivers: policy relief; flow unwind.
Top branch: recession_signal_strengthens (p=0.46)
Path: Risk-off pressure broadens and rates price a deeper slowdown. Tomorrow: 2Y lower, 10Y lower. +1w: curve higher, credit higher. +1m: VIX higher. Transition pressure low.
Leaf scenario: Credit widening intensifies; VIX stays bid"
2008-04,2008,4,policy_constraint,0.6057267463412239,0.2738252946799784,macro_confirmed,disproportion,flow unwind,policy relief,"moderately steep; bear flattening; 2s10s +1.48%, 3m10y +2.34%, 5s30s +1.46%.","Breakeven 2.27% (-0.08), credit 3.10% (-0.33), VIX avg 21.6, oil 113.7 (+12.8).","Policy pressure eases and front-end rates retrace without a major growth shock. Tomorrow: 2Y lower, 10Y lower. +1w: curve higher, credit lower. +1m: VIX lower. Transition pressure low.",front_end_relief,0.5152252999708357,2008-04-30,"2008-04: Policy Constraint
Month-end: 2008-04-30
Avg regime probability: 0.61
Transition pressure: 0.27 (low)
Expectedness: macro-confirmed [macro_consistent:73%, mixed:27%, likely_flow_amplified:0%]
Curve: moderately steep; bear flattening; 2s10s +1.48%, 3m10y +2.34%, 5s30s +1.46%.
Market / macro: Breakeven 2.27% (-0.08), credit 3.10% (-0.33), VIX avg 21.6, oil 113.7 (+12.8).
Top drivers: flow unwind; policy relief.
Top branch: front_end_relief (p=0.52)
Path: Policy pressure eases and front-end rates retrace without a major growth shock. Tomorrow: 2Y lower, 10Y lower. +1w: curve higher, credit lower. +1m: VIX lower. Transition pressure low.
Leaf scenario: Data moderation lowers the policy premium; vol declines"
2008-05,2008,5,inflation_shock,0.4452647484912388,0.22837670958027656,macro_confirmed,disproportion,flow unwind,risk relief,"moderately steep; bear flattening; 2s10s +1.40%, 3m10y +2.17%, 5s30s +1.31%.","Breakeven 2.48% (+0.22), credit 3.00% (-0.04), VIX avg 18.4, oil 127.3 (+14.8).","Inflation remains dominant and front-end repricing extends. Tomorrow: 2Y higher, 10Y higher. +1w: curve lower, credit higher. +1m: VIX higher. Transition pressure low.",inflation_persists,0.509569144855647,2008-05-30,"2008-05: Inflation Shock
Month-end: 2008-05-30
Avg regime probability: 0.45
Transition pressure: 0.23 (low)
Expectedness: macro-confirmed [macro_consistent:64%, mixed:27%, likely_flow_amplified:9%]
Curve: moderately steep; bear flattening; 2s10s +1.40%, 3m10y +2.17%, 5s30s +1.31%.
Market / macro: Breakeven 2.48% (+0.22), credit 3.00% (-0.04), VIX avg 18.4, oil 127.3 (+14.8).
Top drivers: flow unwind; risk relief.
Top branch: inflation_persists (p=0.51)
Path: Inflation remains dominant and front-end repricing extends. Tomorrow: 2Y higher, 10Y higher. +1w: curve lower, credit higher. +1m: VIX higher. Transition pressure low.
Leaf scenario: Energy impulse re-accelerates; breakevens keep grinding higher"
2008-06,2008,6,growth_scare,0.3985642564756647,0.34519848512709694,macro_confirmed,policy,policy relief,risk-off / credit stress,"moderately steep; bull flattening; 2s10s +1.36%, 3m10y +2.09%, 5s30s +1.19%.","Breakeven 2.51% (+0.04), credit 3.05% (+0.00), VIX avg 22.1, oil 140.0 (+12.2).","Risk-off pressure broadens and rates price a deeper slowdown. Tomorrow: 2Y lower, 10Y lower. +1w: curve higher, credit higher. +1m: VIX higher. Transition pressure low.",recession_signal_strengthens,0.5305185480640777,2008-06-30,"2008-06: Growth Scare
Month-end: 2008-06-30
Avg regime probability: 0.40
Transition pressure: 0.35 (low)
Expectedness: macro-confirmed [macro_consistent:81%, mixed:10%, likely_flow_amplified:10%]
Curve: moderately steep; bull flattening; 2s10s +1.36%, 3m10y +2.09%, 5s30s +1.19%.
Market / macro: Breakeven 2.51% (+0.04), credit 3.05% (+0.00), VIX avg 22.1, oil 140.0 (+12.2).
Top drivers: policy relief; risk-off / credit stress.
Top branch: recession_signal_strengthens (p=0.53)
Path: Risk-off pressure broadens and rates price a deeper slowdown. Tomorrow: 2Y lower, 10Y lower. +1w: curve higher, credit higher. +1m: VIX higher. Transition pressure low.
Leaf scenario: Credit widening intensifies; VIX stays bid"
2008-07,2008,7,growth_scare,0.45941715033212593,0.2762599410669351,macro_confirmed,policy,policy relief,risk-off / credit stress,"moderately steep; bull steepening; 2s10s +1.47%, 3m10y +2.31%, 5s30s +1.34%.","Breakeven 2.34% (-0.18), credit 3.22% (+0.16), VIX avg 24.3, oil 124.2 (-16.9).","Risk-off pressure broadens and rates price a deeper slowdown. Tomorrow: 2Y lower, 10Y lower. +1w: curve higher, credit higher. +1m: VIX higher. Transition pressure low.",recession_signal_strengthens,0.7571422055972392,2008-07-31,"2008-07: Growth Scare
Month-end: 2008-07-31
Avg regime probability: 0.46
Transition pressure: 0.28 (low)
Expectedness: macro-confirmed [macro_consistent:70%, mixed:22%, likely_flow_amplified:9%]
Curve: moderately steep; bull steepening; 2s10s +1.47%, 3m10y +2.31%, 5s30s +1.34%.
Market / macro: Breakeven 2.34% (-0.18), credit 3.22% (+0.16), VIX avg 24.3, oil 124.2 (-16.9).
Top drivers: policy relief; risk-off / credit stress.
Top branch: recession_signal_strengthens (p=0.76)
Path: Risk-off pressure broadens and rates price a deeper slowdown. Tomorrow: 2Y lower, 10Y lower. +1w: curve higher, credit higher. +1m: VIX higher. Transition pressure low.
Leaf scenario: Credit widening intensifies; VIX stays bid"
2008-08,2008,8,growth_scare,0.42316548028350454,0.2207620981632348,macro_confirmed,policy,policy relief,risk-off / credit stress,"moderately steep; bull flattening; 2s10s +1.47%, 3m10y +2.11%, 5s30s +1.33%.","Breakeven 2.15% (-0.19), credit 3.29% (+0.08), VIX avg 20.7, oil 115.5 (-9.5).","Risk-off pressure broadens and rates price a deeper slowdown. Tomorrow: 2Y lower, 10Y lower. +1w: curve higher, credit higher. +1m: VIX higher. Transition pressure low.",recession_signal_strengthens,0.6228553164562382,2008-08-29,"2008-08: Growth Scare
Month-end: 2008-08-29
Avg regime probability: 0.42
Transition pressure: 0.22 (low)
Expectedness: macro-confirmed [macro_consistent:67%, mixed:33%, likely_flow_amplified:0%]
Curve: moderately steep; bull flattening; 2s10s +1.47%, 3m10y +2.11%, 5s30s +1.33%.
Market / macro: Breakeven 2.15% (-0.19), credit 3.29% (+0.08), VIX avg 20.7, oil 115.5 (-9.5).
Top drivers: policy relief; risk-off / credit stress.
Top branch: recession_signal_strengthens (p=0.62)
Path: Risk-off pressure broadens and rates price a deeper slowdown. Tomorrow: 2Y lower, 10Y lower. +1w: curve higher, credit higher. +1m: VIX higher. Transition pressure low.
Leaf scenario: Credit widening intensifies; VIX stays bid"
2008-09,2008,9,mixed_transition,0.7765186159594178,0.768391977314799,macro_confirmed,policy,hawkish front-end pressure,flow amplification / surprise,"steep; mixed repricing; 2s10s +1.85%, 3m10y +2.93%, 5s30s +1.33%.","Breakeven 1.60% (-0.55), credit 4.00% (+0.71), VIX avg 29.8, oil 100.7 (-14.8).","Existing moves extend as positioning and narrative momentum reinforce one another. Tomorrow: 2Y higher, 10Y higher. +1w: curve lower, credit higher. +1m: VIX higher. Transition pressure low.",amplification,0.7702707494026982,2008-09-30,"2008-09: Mixed Transition
Month-end: 2008-09-30
Avg regime probability: 0.78
Transition pressure: 0.77 (low)
Expectedness: macro-confirmed [macro_consistent:64%, mixed:27%, likely_flow_amplified:9%]
Curve: steep; mixed repricing; 2s10s +1.85%, 3m10y +2.93%, 5s30s +1.33%.
Market / macro: Breakeven 1.60% (-0.55), credit 4.00% (+0.71), VIX avg 29.8, oil 100.7 (-14.8).
Top drivers: hawkish front-end pressure; flow amplification / surprise.
Top branch: amplification (p=0.77)
Path: Existing moves extend as positioning and narrative momentum reinforce one another. Tomorrow: 2Y higher, 10Y higher. +1w: curve lower, credit higher. +1m: VIX higher. Transition pressure low.
Leaf scenario: Move broadens across rates and risk; flow pressure stays elevated"
2008-10,2008,10,mixed_transition,0.7481066998794618,0.6585570477658726,macro_confirmed,inflation,disinflation / oil fade,policy relief,"steep; mixed repricing; 2s10s +2.45%, 3m10y +3.55%, 5s30s +1.55%.","Breakeven 0.87% (-0.64), credit 5.53% (+1.43), VIX avg 61.2, oil 68.1 (-30.1).","The system stabilizes and daily moves fade into a tighter range. Tomorrow: 2Y lower, 10Y lower. +1w: curve higher, credit lower. +1m: VIX lower. Transition pressure low.",containment,0.3807272313598807,2008-10-31,"2008-10: Mixed Transition
Month-end: 2008-10-31
Avg regime probability: 0.75
Transition pressure: 0.66 (low)
Expectedness: macro-confirmed [macro_consistent:74%, mixed:13%, likely_flow_amplified:13%]
Curve: steep; mixed repricing; 2s10s +2.45%, 3m10y +3.55%, 5s30s +1.55%.
Market / macro: Breakeven 0.87% (-0.64), credit 5.53% (+1.43), VIX avg 61.2, oil 68.1 (-30.1).
Top drivers: disinflation / oil fade; policy relief.
Top branch: containment (p=0.38)
Path: The system stabilizes and daily moves fade into a tighter range. Tomorrow: 2Y lower, 10Y lower. +1w: curve higher, credit lower. +1m: VIX lower. Transition pressure low.
Leaf scenario: Market internals calm; scenario dispersion compresses"
2008-11,2008,11,growth_scare,0.7941160552017784,0.4714973098157057,macro_confirmed,policy,policy relief,flow unwind,"steep; bull flattening; 2s10s +1.93%, 3m10y +2.92%, 5s30s +1.52%.","Breakeven 0.33% (-0.54), credit 6.10% (+0.57), VIX avg 62.3, oil 55.2 (-8.7).","Risk-off pressure broadens and rates price a deeper slowdown. Tomorrow: 2Y lower, 10Y lower. +1w: curve higher, credit higher. +1m: VIX higher. Transition pressure low.",recession_signal_strengthens,0.5982940383518562,2008-11-28,"2008-11: Growth Scare
Month-end: 2008-11-28
Avg regime probability: 0.79
Transition pressure: 0.47 (low)
Expectedness: macro-confirmed [macro_consistent:45%, mixed:25%, likely_flow_amplified:30%]
Curve: steep; bull flattening; 2s10s +1.93%, 3m10y +2.92%, 5s30s +1.52%.
Market / macro: Breakeven 0.33% (-0.54), credit 6.10% (+0.57), VIX avg 62.3, oil 55.2 (-8.7).
Top drivers: policy relief; flow unwind.
Top branch: recession_signal_strengthens (p=0.60)
Path: Risk-off pressure broadens and rates price a deeper slowdown. Tomorrow: 2Y lower, 10Y lower. +1w: curve higher, credit higher. +1m: VIX higher. Transition pressure low.
Leaf scenario: Credit widening intensifies; VIX stays bid"
2008-12,2008,12,policy_constraint,0.48993646080678166,0.41366006035025493,macro_confirmed,inflation,inflation / oil impulse,policy relief,"moderately steep; bull flattening; 2s10s +1.49%, 3m10y +2.14%, 5s30s +1.14%.","Breakeven 0.11% (-0.23), credit 5.82% (-0.30), VIX avg 52.0, oil 44.6 (-4.7).","Policy pressure eases and front-end rates retrace without a major growth shock. Tomorrow: 2Y lower, 10Y lower. +1w: curve higher, credit lower. +1m: VIX lower. Transition pressure low.",front_end_relief,0.569899139029433,2008-12-31,"2008-12: Policy Constraint
Month-end: 2008-12-31
Avg regime probability: 0.49
Transition pressure: 0.41 (low)
Expectedness: macro-confirmed [macro_consistent:70%, mixed:26%, likely_flow_amplified:4%]
Curve: moderately steep; bull flattening; 2s10s +1.49%, 3m10y +2.14%, 5s30s +1.14%.
Market / macro: Breakeven 0.11% (-0.23), credit 5.82% (-0.30), VIX avg 52.0, oil 44.6 (-4.7).
Top drivers: inflation / oil impulse; policy relief.
Top branch: front_end_relief (p=0.57)
Path: Policy pressure eases and front-end rates retrace without a major growth shock. Tomorrow: 2Y lower, 10Y lower. +1w: curve higher, credit lower. +1m: VIX lower. Transition pressure low.
Leaf scenario: Data moderation lowers the policy premium; vol declines"
2009-01,2009,1,inflation_shock,0.8117712778849246,0.4624070683907894,macro_confirmed,inflation,inflation / oil impulse,flow unwind,"steep; bear steepening; 2s10s +1.93%, 3m10y +2.63%, 5s30s +1.73%.","Breakeven 1.14% (+1.03), credit 5.38% (-0.44), VIX avg 44.5, oil 41.7 (-2.9).","Inflation remains dominant and front-end repricing extends. Tomorrow: 2Y higher, 10Y higher. +1w: curve lower, credit higher. +1m: VIX higher. Transition pressure low.",inflation_persists,0.6495052463901777,2009-01-30,"2009-01: Inflation Shock
Month-end: 2009-01-30
Avg regime probability: 0.81
Transition pressure: 0.46 (low)
Expectedness: macro-confirmed [macro_consistent:68%, mixed:14%, likely_flow_amplified:18%]
Curve: steep; bear steepening; 2s10s +1.93%, 3m10y +2.63%, 5s30s +1.73%.
Market / macro: Breakeven 1.14% (+1.03), credit 5.38% (-0.44), VIX avg 44.5, oil 41.7 (-2.9).
Top drivers: inflation / oil impulse; flow unwind.
Top branch: inflation_persists (p=0.65)
Path: Inflation remains dominant and front-end repricing extends. Tomorrow: 2Y higher, 10Y higher. +1w: curve lower, credit higher. +1m: VIX higher. Transition pressure low.
Leaf scenario: Energy impulse re-accelerates; breakevens keep grinding higher"
2009-02,2009,2,mixed_transition,0.6770655619058042,0.38403940703762607,contested,policy,policy relief,flow unwind,"steep; bear steepening; 2s10s +2.02%, 3m10y +2.76%, 5s30s +1.72%.","Breakeven 0.96% (-0.11), credit 5.22% (-0.11), VIX avg 45.4, oil 44.1 (+2.8).","A recent move mean-reverts as the initial catalyst loses traction. Tomorrow: 2Y lower, 10Y lower. +1w: curve higher, credit lower. +1m: VIX lower. Transition pressure low.",reversal,0.494499700860167,2009-02-27,"2009-02: Mixed Transition
Month-end: 2009-02-27
Avg regime probability: 0.68
Transition pressure: 0.38 (low)
Expectedness: contested [macro_consistent:45%, mixed:35%, likely_flow_amplified:20%]
Curve: steep; bear steepening; 2s10s +2.02%, 3m10y +2.76%, 5s30s +1.72%.
Market / macro: Breakeven 0.96% (-0.11), credit 5.22% (-0.11), VIX avg 45.4, oil 44.1 (+2.8).
Top drivers: policy relief; flow unwind.
Top branch: reversal (p=0.49)
Path: A recent move mean-reverts as the initial catalyst loses traction. Tomorrow: 2Y lower, 10Y lower. +1w: curve higher, credit lower. +1m: VIX lower. Transition pressure low.
Leaf scenario: Positioning unwinds; cross-asset confirmation fades"
2009-03,2009,3,growth_scare,0.5374815666158833,0.400117797455585,macro_confirmed,inflation,disinflation / oil fade,flow unwind,"steep; bull flattening; 2s10s +1.90%, 3m10y +2.50%, 5s30s +1.89%.","Breakeven 1.28% (+0.37), credit 5.74% (+0.45), VIX avg 44.8, oil 49.6 (+9.6).","Risk-off pressure broadens and rates price a deeper slowdown. Tomorrow: 2Y lower, 10Y lower. +1w: curve higher, credit higher. +1m: VIX higher. Transition pressure low.",recession_signal_strengthens,0.4943649548152522,2009-03-31,"2009-03: Growth Scare
Month-end: 2009-03-31
Avg regime probability: 0.54
Transition pressure: 0.40 (low)
Expectedness: macro-confirmed [macro_consistent:73%, mixed:23%, likely_flow_amplified:5%]
Curve: steep; bull flattening; 2s10s +1.90%, 3m10y +2.50%, 5s30s +1.89%.
Market / macro: Breakeven 1.28% (+0.37), credit 5.74% (+0.45), VIX avg 44.8, oil 49.6 (+9.6).
Top drivers: disinflation / oil fade; flow unwind.
Top branch: recession_signal_strengthens (p=0.49)
Path: Risk-off pressure broadens and rates price a deeper slowdown. Tomorrow: 2Y lower, 10Y lower. +1w: curve higher, credit higher. +1m: VIX higher. Transition pressure low.
Leaf scenario: Credit widening intensifies; VIX stays bid"
2009-04,2009,4,inflation_shock,0.6330734182719268,0.3772873358847065,macro_confirmed,disproportion,flow unwind,risk relief,"steep; bear steepening; 2s10s +2.25%, 3m10y +3.02%, 5s30s +2.03%.","Breakeven 1.47% (+0.16), credit 5.08% (-0.62), VIX avg 38.0, oil 50.4 (+1.9).","Inflation momentum cools and rates retrace toward a cleaner equilibrium. Tomorrow: 2Y lower, 10Y lower. +1w: curve higher, credit lower. +1m: VIX lower. Transition pressure low.",containment_normalization,0.7995135776213221,2009-04-30,"2009-04: Inflation Shock
Month-end: 2009-04-30
Avg regime probability: 0.63
Transition pressure: 0.38 (low)
Expectedness: macro-confirmed [macro_consistent:59%, mixed:23%, likely_flow_amplified:18%]
Curve: steep; bear steepening; 2s10s +2.25%, 3m10y +3.02%, 5s30s +2.03%.
Market / macro: Breakeven 1.47% (+0.16), credit 5.08% (-0.62), VIX avg 38.0, oil 50.4 (+1.9).
Top drivers: flow unwind; risk relief.
Top branch: containment_normalization (p=0.80)
Path: Inflation momentum cools and rates retrace toward a cleaner equilibrium. Tomorrow: 2Y lower, 10Y lower. +1w: curve higher, credit lower. +1m: VIX lower. Transition pressure low.
Leaf scenario: Commodity impulse fades; policy credibility improves"
2009-05,2009,5,inflation_shock,0.7342951736868477,0.32648150353461747,macro_confirmed,disproportion,flow unwind,risk relief,"steep; bear steepening; 2s10s +2.55%, 3m10y +3.33%, 5s30s +2.00%.","Breakeven 1.80% (+0.39), credit 4.29% (-0.72), VIX avg 32.0, oil 66.3 (+14.1).","Inflation momentum cools and rates retrace toward a cleaner equilibrium. Tomorrow: 2Y lower, 10Y lower. +1w: curve higher, credit lower. +1m: VIX lower. Transition pressure low.",containment_normalization,0.47714503338307906,2009-05-29,"2009-05: Inflation Shock
Month-end: 2009-05-29
Avg regime probability: 0.73
Transition pressure: 0.33 (low)
Expectedness: macro-confirmed [macro_consistent:48%, mixed:29%, likely_flow_amplified:24%]
Curve: steep; bear steepening; 2s10s +2.55%, 3m10y +3.33%, 5s30s +2.00%.
Market / macro: Breakeven 1.80% (+0.39), credit 4.29% (-0.72), VIX avg 32.0, oil 66.3 (+14.1).
Top drivers: flow unwind; risk relief.
Top branch: containment_normalization (p=0.48)
Path: Inflation momentum cools and rates retrace toward a cleaner equilibrium. Tomorrow: 2Y lower, 10Y lower. +1w: curve higher, credit lower. +1m: VIX lower. Transition pressure low.
Leaf scenario: Commodity impulse fades; policy credibility improves"
2009-06,2009,6,mixed_transition,0.6671722610928399,0.4425308173598417,macro_confirmed,inflation,inflation / oil impulse,risk relief,"steep; bear flattening; 2s10s +2.42%, 3m10y +3.34%, 5s30s +1.78%.","Breakeven 1.75% (-0.16), credit 3.64% (-0.62), VIX avg 29.1, oil 69.8 (+1.2).","The system stabilizes and daily moves fade into a tighter range. Tomorrow: 2Y lower, 10Y lower. +1w: curve higher, credit lower. +1m: VIX lower. Transition pressure low.",containment,0.349742854340128,2009-06-30,"2009-06: Mixed Transition
Month-end: 2009-06-30
Avg regime probability: 0.67
Transition pressure: 0.44 (low)
Expectedness: macro-confirmed [macro_consistent:73%, mixed:18%, likely_flow_amplified:9%]
Curve: steep; bear flattening; 2s10s +2.42%, 3m10y +3.34%, 5s30s +1.78%.
Market / macro: Breakeven 1.75% (-0.16), credit 3.64% (-0.62), VIX avg 29.1, oil 69.8 (+1.2).
Top drivers: inflation / oil impulse; risk relief.
Top branch: containment (p=0.35)
Path: The system stabilizes and daily moves fade into a tighter range. Tomorrow: 2Y lower, 10Y lower. +1w: curve higher, credit lower. +1m: VIX lower. Transition pressure low.
Leaf scenario: Market internals calm; scenario dispersion compresses"
2009-07,2009,7,inflation_shock,0.46379103353345363,0.36333974820427406,contested,inflation,disinflation / oil fade,flow unwind,"steep; mixed repricing; 2s10s +2.39%, 3m10y +3.34%, 5s30s +1.78%.","Breakeven 1.81% (+0.09), credit 3.11% (-0.54), VIX avg 26.2, oil 69.3 (-0.1).","Inflation momentum cools and rates retrace toward a cleaner equilibrium. Tomorrow: 2Y lower, 10Y lower. +1w: curve higher, credit lower. +1m: VIX lower. Transition pressure low.",containment_normalization,0.5580793157280786,2009-07-31,"2009-07: Inflation Shock
Month-end: 2009-07-31
Avg regime probability: 0.46
Transition pressure: 0.36 (low)
Expectedness: contested [macro_consistent:52%, mixed:43%, likely_flow_amplified:4%]
Curve: steep; mixed repricing; 2s10s +2.39%, 3m10y +3.34%, 5s30s +1.78%.
Market / macro: Breakeven 1.81% (+0.09), credit 3.11% (-0.54), VIX avg 26.2, oil 69.3 (-0.1).
Top drivers: disinflation / oil fade; flow unwind.
Top branch: containment_normalization (p=0.56)
Path: Inflation momentum cools and rates retrace toward a cleaner equilibrium. Tomorrow: 2Y lower, 10Y lower. +1w: curve higher, credit lower. +1m: VIX lower. Transition pressure low.
Leaf scenario: Commodity impulse fades; policy credibility improves"
2009-08,2009,8,mixed_transition,0.6056627308095323,0.2710888452772522,macro_confirmed,inflation,disinflation / oil fade,risk-off / credit stress,"steep; bull steepening; 2s10s +2.43%, 3m10y +3.25%, 5s30s +1.79%.","Breakeven 1.64% (-0.24), credit 2.98% (-0.06), VIX avg 25.3, oil 70.0 (-1.6).","Existing moves extend as positioning and narrative momentum reinforce one another. Tomorrow: 2Y higher, 10Y higher. +1w: curve lower, credit higher. +1m: VIX higher. Transition pressure low.",amplification,0.4105477843153512,2009-08-31,"2009-08: Mixed Transition
Month-end: 2009-08-31
Avg regime probability: 0.61
Transition pressure: 0.27 (low)
Expectedness: macro-confirmed [macro_consistent:76%, mixed:24%, likely_flow_amplified:0%]
Curve: steep; bull steepening; 2s10s +2.43%, 3m10y +3.25%, 5s30s +1.79%.
Market / macro: Breakeven 1.64% (-0.24), credit 2.98% (-0.06), VIX avg 25.3, oil 70.0 (-1.6).
Top drivers: disinflation / oil fade; risk-off / credit stress.
Top branch: amplification (p=0.41)
Path: Existing moves extend as positioning and narrative momentum reinforce one another. Tomorrow: 2Y higher, 10Y higher. +1w: curve lower, credit higher. +1m: VIX higher. Transition pressure low.
Leaf scenario: Move broadens across rates and risk; flow pressure stays elevated"
2009-09,2009,9,inflation_shock,0.3901643620305658,0.23747983382042334,contested,policy,policy relief,inflation / oil impulse,"steep; bull flattening; 2s10s +2.36%, 3m10y +3.17%, 5s30s +1.72%.","Breakeven 1.75% (+0.11), credit 2.86% (-0.15), VIX avg 24.9, oil 70.5 (+2.3).","Inflation remains dominant and front-end repricing extends. Tomorrow: 2Y higher, 10Y higher. +1w: curve lower, credit higher. +1m: VIX higher. Transition pressure low.",inflation_persists,0.38160863252566624,2009-09-30,"2009-09: Inflation Shock
Month-end: 2009-09-30
Avg regime probability: 0.39
Transition pressure: 0.24 (low)
Expectedness: contested [macro_consistent:59%, mixed:36%, likely_flow_amplified:5%]
Curve: steep; bull flattening; 2s10s +2.36%, 3m10y +3.17%, 5s30s +1.72%.
Market / macro: Breakeven 1.75% (+0.11), credit 2.86% (-0.15), VIX avg 24.9, oil 70.5 (+2.3).
Top drivers: policy relief; inflation / oil impulse.
Top branch: inflation_persists (p=0.38)
Path: Inflation remains dominant and front-end repricing extends. Tomorrow: 2Y higher, 10Y higher. +1w: curve lower, credit higher. +1m: VIX higher. Transition pressure low.
Leaf scenario: Energy impulse re-accelerates; breakevens keep grinding higher"
2009-10,2009,10,inflation_shock,0.43360957699737973,0.2506635700809417,contested,risk,risk-off / credit stress,disinflation / oil fade,"steep; mixed repricing; 2s10s +2.51%, 3m10y +3.36%, 5s30s +1.92%.","Breakeven 2.00% (+0.29), credit 2.86% (-0.04), VIX avg 24.3, oil 77.0 (+6.4).","Inflation remains sticky, but growth damage starts to dominate market pricing. Tomorrow: 2Y lower, 10Y lower. +1w: curve higher, credit higher. +1m: VIX higher. Transition pressure low.",growth_deterioration,0.5854532574263537,2009-10-30,"2009-10: Inflation Shock
Month-end: 2009-10-30
Avg regime probability: 0.43
Transition pressure: 0.25 (low)
Expectedness: contested [macro_consistent:45%, mixed:41%, likely_flow_amplified:14%]
Curve: steep; mixed repricing; 2s10s +2.51%, 3m10y +3.36%, 5s30s +1.92%.
Market / macro: Breakeven 2.00% (+0.29), credit 2.86% (-0.04), VIX avg 24.3, oil 77.0 (+6.4).
Top drivers: risk-off / credit stress; disinflation / oil fade.
Top branch: growth_deterioration (p=0.59)
Path: Inflation remains sticky, but growth damage starts to dominate market pricing. Tomorrow: 2Y lower, 10Y lower. +1w: curve higher, credit higher. +1m: VIX higher. Transition pressure low.
Leaf scenario: Credit cracks widen; curve bull-steepens on growth fears"
2009-11,2009,11,growth_scare,0.4038627165864466,0.2149898765027809,macro_confirmed,disproportion,flow unwind,inflation / oil impulse,"steep; bull steepening; 2s10s +2.54%, 3m10y +3.15%, 5s30s +2.19%.","Breakeven 2.08% (+0.04), credit 2.99% (+0.14), VIX avg 23.6, oil 77.2 (-0.9).","Growth fears stop worsening and markets move toward a calmer range. Tomorrow: 2Y higher, 10Y higher. +1w: curve flat, credit lower. +1m: VIX lower. Transition pressure low.",stabilization,0.39911469793855897,2009-11-30,"2009-11: Growth Scare
Month-end: 2009-11-30
Avg regime probability: 0.40
Transition pressure: 0.21 (low)
Expectedness: macro-confirmed [macro_consistent:67%, mixed:29%, likely_flow_amplified:5%]
Curve: steep; bull steepening; 2s10s +2.54%, 3m10y +3.15%, 5s30s +2.19%.
Market / macro: Breakeven 2.08% (+0.04), credit 2.99% (+0.14), VIX avg 23.6, oil 77.2 (-0.9).
Top drivers: flow unwind; inflation / oil impulse.
Top branch: stabilization (p=0.40)
Path: Growth fears stop worsening and markets move toward a calmer range. Tomorrow: 2Y higher, 10Y higher. +1w: curve flat, credit lower. +1m: VIX lower. Transition pressure low.
Leaf scenario: Volatility cools; credit stops widening"
2009-12,2009,12,inflation_shock,0.5649418446648798,0.1604077565033586,macro_confirmed,disproportion,flow amplification / surprise,hawkish front-end pressure,"steep; bear steepening; 2s10s +2.71%, 3m10y +3.79%, 5s30s +1.94%.","Breakeven 2.37% (+0.23), credit 2.54% (-0.46), VIX avg 21.2, oil 79.4 (+1.0).","Inflation remains dominant and front-end repricing extends. Tomorrow: 2Y higher, 10Y higher. +1w: curve lower, credit higher. +1m: VIX higher. Transition pressure low.",inflation_persists,0.6097032468001641,2009-12-31,"2009-12: Inflation Shock
Month-end: 2009-12-31
Avg regime probability: 0.56
Transition pressure: 0.16 (low)
Expectedness: macro-confirmed [macro_consistent:57%, mixed:22%, likely_flow_amplified:22%]
Curve: steep; bear steepening; 2s10s +2.71%, 3m10y +3.79%, 5s30s +1.94%.
Market / macro: Breakeven 2.37% (+0.23), credit 2.54% (-0.46), VIX avg 21.2, oil 79.4 (+1.0).
Top drivers: flow amplification / surprise; hawkish front-end pressure.
Top branch: inflation_persists (p=0.61)
Path: Inflation remains dominant and front-end repricing extends. Tomorrow: 2Y higher, 10Y higher. +1w: curve lower, credit higher. +1m: VIX higher. Transition pressure low.
Leaf scenario: Energy impulse re-accelerates; breakevens keep grinding higher"
2010-01,2010,1,growth_scare,0.48592056411831136,0.19523336052292267,macro_confirmed,disproportion,flow unwind,policy relief,"steep; bull steepening; 2s10s +2.81%, 3m10y +3.55%, 5s30s +2.17%.","Breakeven 2.33% (-0.04), credit 2.57% (+0.03), VIX avg 20.6, oil 72.8 (-6.5).","Risk-off pressure broadens and rates price a deeper slowdown. Tomorrow: 2Y lower, 10Y lower. +1w: curve higher, credit higher. +1m: VIX higher. Transition pressure low.",recession_signal_strengthens,0.5218323075489331,2010-01-29,"2010-01: Growth Scare
Month-end: 2010-01-29
Avg regime probability: 0.49
Transition pressure: 0.20 (low)
Expectedness: macro-confirmed [macro_consistent:57%, mixed:24%, likely_flow_amplified:19%]
Curve: steep; bull steepening; 2s10s +2.81%, 3m10y +3.55%, 5s30s +2.17%.
Market / macro: Breakeven 2.33% (-0.04), credit 2.57% (+0.03), VIX avg 20.6, oil 72.8 (-6.5).
Top drivers: flow unwind; policy relief.
Top branch: recession_signal_strengthens (p=0.52)
Path: Risk-off pressure broadens and rates price a deeper slowdown. Tomorrow: 2Y lower, 10Y lower. +1w: curve higher, credit higher. +1m: VIX higher. Transition pressure low.
Leaf scenario: Credit widening intensifies; VIX stays bid"
2010-02,2010,2,policy_constraint,0.3744056561154008,0.21511969702349343,contested,disproportion,flow unwind,risk relief,"steep; bull flattening; 2s10s +2.80%, 3m10y +3.48%, 5s30s +2.25%.","Breakeven 2.13% (-0.26), credit 2.62% (+0.05), VIX avg 22.5, oil 79.7 (+5.3).","The front end remains pinned by policy credibility and restrictive guidance. Tomorrow: 2Y higher, 10Y higher. +1w: curve lower, credit higher. +1m: VIX higher. Transition pressure low.",policy_stays_tight,0.4228691551003568,2010-02-26,"2010-02: Policy Constraint
Month-end: 2010-02-26
Avg regime probability: 0.37
Transition pressure: 0.22 (low)
Expectedness: contested [macro_consistent:55%, mixed:35%, likely_flow_amplified:10%]
Curve: steep; bull flattening; 2s10s +2.80%, 3m10y +3.48%, 5s30s +2.25%.
Market / macro: Breakeven 2.13% (-0.26), credit 2.62% (+0.05), VIX avg 22.5, oil 79.7 (+5.3).
Top drivers: flow unwind; risk relief.
Top branch: policy_stays_tight (p=0.42)
Path: The front end remains pinned by policy credibility and restrictive guidance. Tomorrow: 2Y higher, 10Y higher. +1w: curve lower, credit higher. +1m: VIX higher. Transition pressure low.
Leaf scenario: Front-end yields grind higher; curve keeps flattening"
2010-03,2010,3,inflation_shock,0.4292282844585854,0.12848465574497248,macro_confirmed,disproportion,flow unwind,policy relief,"steep; bear steepening; 2s10s +2.82%, 3m10y +3.68%, 5s30s +2.17%.","Breakeven 2.24% (+0.09), credit 2.47% (-0.18), VIX avg 17.8, oil 83.5 (+4.7).","Inflation momentum cools and rates retrace toward a cleaner equilibrium. Tomorrow: 2Y lower, 10Y lower. +1w: curve higher, credit lower. +1m: VIX lower. Transition pressure low.",containment_normalization,0.40491898990191116,2010-03-31,"2010-03: Inflation Shock
Month-end: 2010-03-31
Avg regime probability: 0.43
Transition pressure: 0.13 (low)
Expectedness: macro-confirmed [macro_consistent:61%, mixed:30%, likely_flow_amplified:9%]
Curve: steep; bear steepening; 2s10s +2.82%, 3m10y +3.68%, 5s30s +2.17%.
Market / macro: Breakeven 2.24% (+0.09), credit 2.47% (-0.18), VIX avg 17.8, oil 83.5 (+4.7).
Top drivers: flow unwind; policy relief.
Top branch: containment_normalization (p=0.40)
Path: Inflation momentum cools and rates retrace toward a cleaner equilibrium. Tomorrow: 2Y lower, 10Y lower. +1w: curve higher, credit lower. +1m: VIX lower. Transition pressure low.
Leaf scenario: Commodity impulse fades; policy credibility improves"
2010-04,2010,4,inflation_shock,0.3691257076466086,0.14252105534951318,macro_confirmed,risk,risk-off / credit stress,flow amplification / surprise,"steep; bull flattening; 2s10s +2.72%, 3m10y +3.53%, 5s30s +2.10%.","Breakeven 2.40% (+0.12), credit 2.38% (-0.06), VIX avg 17.4, oil 86.1 (+1.5).","Inflation remains sticky, but growth damage starts to dominate market pricing. Tomorrow: 2Y lower, 10Y lower. +1w: curve higher, credit higher. +1m: VIX higher. Transition pressure low.",growth_deterioration,0.546549952958861,2010-04-30,"2010-04: Inflation Shock
Month-end: 2010-04-30
Avg regime probability: 0.37
Transition pressure: 0.14 (low)
Expectedness: macro-confirmed [macro_consistent:55%, mixed:32%, likely_flow_amplified:14%]
Curve: steep; bull flattening; 2s10s +2.72%, 3m10y +3.53%, 5s30s +2.10%.
Market / macro: Breakeven 2.40% (+0.12), credit 2.38% (-0.06), VIX avg 17.4, oil 86.1 (+1.5).
Top drivers: risk-off / credit stress; flow amplification / surprise.
Top branch: growth_deterioration (p=0.55)
Path: Inflation remains sticky, but growth damage starts to dominate market pricing. Tomorrow: 2Y lower, 10Y lower. +1w: curve higher, credit higher. +1m: VIX higher. Transition pressure low.
Leaf scenario: Credit cracks widen; curve bull-steepens on growth fears"
2010-05,2010,5,growth_scare,0.7625493878952536,0.4929265089642595,macro_confirmed,transition,regime rotation pressure,flow amplification / surprise,"steep; bull flattening; 2s10s +2.55%, 3m10y +3.15%, 5s30s +2.12%.","Breakeven 1.99% (-0.41), credit 2.89% (+0.52), VIX avg 31.9, oil 74.0 (-12.2).","Risk-off pressure broadens and rates price a deeper slowdown. Tomorrow: 2Y lower, 10Y lower. +1w: curve higher, credit higher. +1m: VIX higher. Transition pressure low.",recession_signal_strengthens,0.4739151064236366,2010-05-31,"2010-05: Growth Scare
Month-end: 2010-05-31
Avg regime probability: 0.76
Transition pressure: 0.49 (low)
Expectedness: macro-confirmed [macro_consistent:67%, mixed:14%, likely_flow_amplified:19%]
Curve: steep; bull flattening; 2s10s +2.55%, 3m10y +3.15%, 5s30s +2.12%.
Market / macro: Breakeven 1.99% (-0.41), credit 2.89% (+0.52), VIX avg 31.9, oil 74.0 (-12.2).
Top drivers: regime rotation pressure; flow amplification / surprise.
Top branch: recession_signal_strengthens (p=0.47)
Path: Risk-off pressure broadens and rates price a deeper slowdown. Tomorrow: 2Y lower, 10Y lower. +1w: curve higher, credit higher. +1m: VIX higher. Transition pressure low.
Leaf scenario: Credit widening intensifies; VIX stays bid"
2010-06,2010,6,growth_scare,0.4894801914755872,0.4556935653358009,macro_confirmed,transition,regime rotation pressure,risk relief,"steep; bull flattening; 2s10s +2.36%, 3m10y +2.79%, 5s30s +2.12%.","Breakeven 1.82% (-0.15), credit 3.08% (+0.16), VIX avg 29.9, oil 75.6 (+2.9).","Growth fears stop worsening and markets move toward a calmer range. Tomorrow: 2Y higher, 10Y higher. +1w: curve flat, credit lower. +1m: VIX lower. Transition pressure low.",stabilization,0.42212859697933136,2010-06-30,"2010-06: Growth Scare
Month-end: 2010-06-30
Avg regime probability: 0.49
Transition pressure: 0.46 (low)
Expectedness: macro-confirmed [macro_consistent:73%, mixed:18%, likely_flow_amplified:9%]
Curve: steep; bull flattening; 2s10s +2.36%, 3m10y +2.79%, 5s30s +2.12%.
Market / macro: Breakeven 1.82% (-0.15), credit 3.08% (+0.16), VIX avg 29.9, oil 75.6 (+2.9).
Top drivers: regime rotation pressure; risk relief.
Top branch: stabilization (p=0.42)
Path: Growth fears stop worsening and markets move toward a calmer range. Tomorrow: 2Y higher, 10Y higher. +1w: curve flat, credit lower. +1m: VIX lower. Transition pressure low.
Leaf scenario: Volatility cools; credit stops widening"
2010-07,2010,7,inflation_shock,0.40933044283224684,0.3155873936159464,macro_confirmed,disproportion,flow unwind,risk relief,"steep; bull steepening; 2s10s +2.39%, 3m10y +2.79%, 5s30s +2.38%.","Breakeven 1.80% (+0.05), credit 2.91% (-0.11), VIX avg 25.8, oil 78.8 (+5.9).","Inflation momentum cools and rates retrace toward a cleaner equilibrium. Tomorrow: 2Y lower, 10Y lower. +1w: curve higher, credit lower. +1m: VIX lower. Transition pressure low.",containment_normalization,0.5922498810018666,2010-07-30,"2010-07: Inflation Shock
Month-end: 2010-07-30
Avg regime probability: 0.41
Transition pressure: 0.32 (low)
Expectedness: macro-confirmed [macro_consistent:59%, mixed:14%, likely_flow_amplified:27%]
Curve: steep; bull steepening; 2s10s +2.39%, 3m10y +2.79%, 5s30s +2.38%.
Market / macro: Breakeven 1.80% (+0.05), credit 2.91% (-0.11), VIX avg 25.8, oil 78.8 (+5.9).
Top drivers: flow unwind; risk relief.
Top branch: containment_normalization (p=0.59)
Path: Inflation momentum cools and rates retrace toward a cleaner equilibrium. Tomorrow: 2Y lower, 10Y lower. +1w: curve higher, credit lower. +1m: VIX lower. Transition pressure low.
Leaf scenario: Commodity impulse fades; policy credibility improves"
2010-08,2010,8,mixed_transition,0.6241460473077037,0.211845849450582,macro_confirmed,inflation,disinflation / oil fade,flow unwind,"steep; bull flattening; 2s10s +2.00%, 3m10y +2.33%, 5s30s +2.19%.","Breakeven 1.52% (-0.34), credit 3.01% (+0.11), VIX avg 24.7, oil 71.9 (-9.3).","A recent move mean-reverts as the initial catalyst loses traction. Tomorrow: 2Y lower, 10Y lower. +1w: curve higher, credit lower. +1m: VIX lower. Transition pressure low.",reversal,0.41690782059609033,2010-08-31,"2010-08: Mixed Transition
Month-end: 2010-08-31
Avg regime probability: 0.62
Transition pressure: 0.21 (low)
Expectedness: macro-confirmed [macro_consistent:50%, mixed:23%, likely_flow_amplified:27%]
Curve: steep; bull flattening; 2s10s +2.00%, 3m10y +2.33%, 5s30s +2.19%.
Market / macro: Breakeven 1.52% (-0.34), credit 3.01% (+0.11), VIX avg 24.7, oil 71.9 (-9.3).
Top drivers: disinflation / oil fade; flow unwind.
Top branch: reversal (p=0.42)
Path: A recent move mean-reverts as the initial catalyst loses traction. Tomorrow: 2Y lower, 10Y lower. +1w: curve higher, credit lower. +1m: VIX lower. Transition pressure low.
Leaf scenario: Positioning unwinds; cross-asset confirmation fades"
2010-09,2010,9,inflation_shock,0.4498639078857074,0.2431033534449705,macro_confirmed,disproportion,flow unwind,policy relief,"steep; mixed repricing; 2s10s +2.11%, 3m10y +2.37%, 5s30s +2.42%.","Breakeven 1.78% (+0.22), credit 3.05% (+0.04), VIX avg 22.5, oil 80.0 (+6.0).","Inflation remains dominant and front-end repricing extends. Tomorrow: 2Y higher, 10Y higher. +1w: curve lower, credit higher. +1m: VIX higher. Transition pressure low.",inflation_persists,0.3959231036405064,2010-09-30,"2010-09: Inflation Shock
Month-end: 2010-09-30
Avg regime probability: 0.45
Transition pressure: 0.24 (low)
Expectedness: macro-confirmed [macro_consistent:55%, mixed:32%, likely_flow_amplified:14%]
Curve: steep; mixed repricing; 2s10s +2.11%, 3m10y +2.37%, 5s30s +2.42%.
Market / macro: Breakeven 1.78% (+0.22), credit 3.05% (+0.04), VIX avg 22.5, oil 80.0 (+6.0).
Top drivers: flow unwind; policy relief.
Top branch: inflation_persists (p=0.40)
Path: Inflation remains dominant and front-end repricing extends. Tomorrow: 2Y higher, 10Y higher. +1w: curve lower, credit higher. +1m: VIX higher. Transition pressure low.
Leaf scenario: Energy impulse re-accelerates; breakevens keep grinding higher"
2010-10,2010,10,inflation_shock,0.46635057909345506,0.15948550935121178,contested,disproportion,flow unwind,regime rotation pressure,"steep; mixed repricing; 2s10s +2.29%, 3m10y +2.51%, 5s30s +2.82%.","Breakeven 2.13% (+0.34), credit 3.15% (+0.08), VIX avg 20.4, oil 81.5 (-0.1).","Inflation momentum cools and rates retrace toward a cleaner equilibrium. Tomorrow: 2Y lower, 10Y lower. +1w: curve higher, credit lower. +1m: VIX lower. Transition pressure low.",containment_normalization,0.4854228563827818,2010-10-29,"2010-10: Inflation Shock
Month-end: 2010-10-29
Avg regime probability: 0.47
Transition pressure: 0.16 (low)
Expectedness: contested [macro_consistent:48%, mixed:38%, likely_flow_amplified:14%]
Curve: steep; mixed repricing; 2s10s +2.29%, 3m10y +2.51%, 5s30s +2.82%.
Market / macro: Breakeven 2.13% (+0.34), credit 3.15% (+0.08), VIX avg 20.4, oil 81.5 (-0.1).
Top drivers: flow unwind; regime rotation pressure.
Top branch: containment_normalization (p=0.49)
Path: Inflation momentum cools and rates retrace toward a cleaner equilibrium. Tomorrow: 2Y lower, 10Y lower. +1w: curve higher, credit lower. +1m: VIX lower. Transition pressure low.
Leaf scenario: Commodity impulse fades; policy credibility improves"
2010-11,2010,11,mixed_transition,0.6737526593925202,0.3535790268357719,contested,policy,policy relief,flow unwind,"steep; bear steepening; 2s10s +2.36%, 3m10y +2.64%, 5s30s +2.65%.","Breakeven 2.07% (-0.10), credit 3.03% (-0.10), VIX avg 20.1, oil 84.1 (+1.2).","A recent move mean-reverts as the initial catalyst loses traction. Tomorrow: 2Y lower, 10Y lower. +1w: curve higher, credit lower. +1m: VIX lower. Transition pressure low.",reversal,0.4784976633116715,2010-11-30,"2010-11: Mixed Transition
Month-end: 2010-11-30
Avg regime probability: 0.67
Transition pressure: 0.35 (low)
Expectedness: contested [macro_consistent:41%, mixed:36%, likely_flow_amplified:23%]
Curve: steep; bear steepening; 2s10s +2.36%, 3m10y +2.64%, 5s30s +2.65%.
Market / macro: Breakeven 2.07% (-0.10), credit 3.03% (-0.10), VIX avg 20.1, oil 84.1 (+1.2).
Top drivers: policy relief; flow unwind.
Top branch: reversal (p=0.48)
Path: A recent move mean-reverts as the initial catalyst loses traction. Tomorrow: 2Y lower, 10Y lower. +1w: curve higher, credit lower. +1m: VIX lower. Transition pressure low.
Leaf scenario: Positioning unwinds; cross-asset confirmation fades"
2010-12,2010,12,inflation_shock,0.5880412192431538,0.3336552538250932,macro_confirmed,disproportion,flow unwind,policy relief,"steep; bear steepening; 2s10s +2.69%, 3m10y +3.18%, 5s30s +2.33%.","Breakeven 2.30% (+0.16), credit 2.68% (-0.33), VIX avg 17.5, oil 91.4 (+4.6).","Inflation momentum cools and rates retrace toward a cleaner equilibrium. Tomorrow: 2Y lower, 10Y lower. +1w: curve higher, credit lower. +1m: VIX lower. Transition pressure low.",containment_normalization,0.4027059137750227,2010-12-31,"2010-12: Inflation Shock
Month-end: 2010-12-31
Avg regime probability: 0.59
Transition pressure: 0.33 (low)
Expectedness: macro-confirmed [macro_consistent:65%, mixed:22%, likely_flow_amplified:13%]
Curve: steep; bear steepening; 2s10s +2.69%, 3m10y +3.18%, 5s30s +2.33%.
Market / macro: Breakeven 2.30% (+0.16), credit 2.68% (-0.33), VIX avg 17.5, oil 91.4 (+4.6).
Top drivers: flow unwind; policy relief.
Top branch: containment_normalization (p=0.40)
Path: Inflation momentum cools and rates retrace toward a cleaner equilibrium. Tomorrow: 2Y lower, 10Y lower. +1w: curve higher, credit lower. +1m: VIX lower. Transition pressure low.
Leaf scenario: Commodity impulse fades; policy credibility improves"
2011-01,2011,1,mixed_transition,0.6064814980103612,0.28842287999197036,macro_confirmed,inflation,inflation / oil impulse,risk relief,"steep; mixed repricing; 2s10s +2.84%, 3m10y +3.27%, 5s30s +2.63%.","Breakeven 2.34% (+0.03), credit 2.68% (+0.00), VIX avg 17.2, oil 91.0 (-0.6).","Existing moves extend as positioning and narrative momentum reinforce one another. Tomorrow: 2Y higher, 10Y higher. +1w: curve lower, credit higher. +1m: VIX higher. Transition pressure low.",amplification,0.45150513958578037,2011-01-31,"2011-01: Mixed Transition
Month-end: 2011-01-31
Avg regime probability: 0.61
Transition pressure: 0.29 (low)
Expectedness: macro-confirmed [macro_consistent:71%, mixed:24%, likely_flow_amplified:5%]
Curve: steep; mixed repricing; 2s10s +2.84%, 3m10y +3.27%, 5s30s +2.63%.
Market / macro: Breakeven 2.34% (+0.03), credit 2.68% (+0.00), VIX avg 17.2, oil 91.0 (-0.6).
Top drivers: inflation / oil impulse; risk relief.
Top branch: amplification (p=0.45)
Path: Existing moves extend as positioning and narrative momentum reinforce one another. Tomorrow: 2Y higher, 10Y higher. +1w: curve lower, credit higher. +1m: VIX higher. Transition pressure low.
Leaf scenario: Move broadens across rates and risk; flow pressure stays elevated"
2011-02,2011,2,mixed_transition,0.6004562536144852,0.21489138888418582,macro_confirmed,disproportion,flow unwind,risk relief,"steep; bear flattening; 2s10s +2.73%, 3m10y +3.27%, 5s30s +2.36%.","Breakeven 2.39% (+0.02), credit 2.57% (-0.09), VIX avg 17.4, oil 97.1 (+7.6).","A recent move mean-reverts as the initial catalyst loses traction. Tomorrow: 2Y lower, 10Y lower. +1w: curve higher, credit lower. +1m: VIX lower. Transition pressure low.",reversal,0.48619584101290947,2011-02-28,"2011-02: Mixed Transition
Month-end: 2011-02-28
Avg regime probability: 0.60
Transition pressure: 0.21 (low)
Expectedness: macro-confirmed [macro_consistent:65%, mixed:25%, likely_flow_amplified:10%]
Curve: steep; bear flattening; 2s10s +2.73%, 3m10y +3.27%, 5s30s +2.36%.
Market / macro: Breakeven 2.39% (+0.02), credit 2.57% (-0.09), VIX avg 17.4, oil 97.1 (+7.6).
Top drivers: flow unwind; risk relief.
Top branch: reversal (p=0.49)
Path: A recent move mean-reverts as the initial catalyst loses traction. Tomorrow: 2Y lower, 10Y lower. +1w: curve higher, credit lower. +1m: VIX lower. Transition pressure low.
Leaf scenario: Positioning unwinds; cross-asset confirmation fades"
2011-03,2011,3,mixed_transition,0.623383810924828,0.32159693402937617,macro_confirmed,inflation,inflation / oil impulse,flow unwind,"steep; bear flattening; 2s10s +2.67%, 3m10y +3.38%, 5s30s +2.27%.","Breakeven 2.48% (+0.07), credit 2.58% (-0.01), VIX avg 20.7, oil 106.2 (+6.6).","The system stabilizes and daily moves fade into a tighter range. Tomorrow: 2Y lower, 10Y lower. +1w: curve higher, credit lower. +1m: VIX lower. Transition pressure low.",containment,0.3564517769922479,2011-03-31,"2011-03: Mixed Transition
Month-end: 2011-03-31
Avg regime probability: 0.62
Transition pressure: 0.32 (low)
Expectedness: macro-confirmed [macro_consistent:74%, mixed:13%, likely_flow_amplified:13%]
Curve: steep; bear flattening; 2s10s +2.67%, 3m10y +3.38%, 5s30s +2.27%.
Market / macro: Breakeven 2.48% (+0.07), credit 2.58% (-0.01), VIX avg 20.7, oil 106.2 (+6.6).
Top drivers: inflation / oil impulse; flow unwind.
Top branch: containment (p=0.36)
Path: The system stabilizes and daily moves fade into a tighter range. Tomorrow: 2Y lower, 10Y lower. +1w: curve higher, credit lower. +1m: VIX lower. Transition pressure low.
Leaf scenario: Market internals calm; scenario dispersion compresses"
2011-04,2011,4,inflation_shock,0.38651226572555253,0.21752049410729607,macro_confirmed,disproportion,flow unwind,inflation / oil impulse,"steep; bull steepening; 2s10s +2.71%, 3m10y +3.28%, 5s30s +2.43%.","Breakeven 2.57% (+0.05), credit 2.58% (+0.00), VIX avg 16.2, oil 113.4 (+5.8).","Inflation remains dominant and front-end repricing extends. Tomorrow: 2Y higher, 10Y higher. +1w: curve lower, credit higher. +1m: VIX higher. Transition pressure low.",inflation_persists,0.4615494697002776,2011-04-29,"2011-04: Inflation Shock
Month-end: 2011-04-29
Avg regime probability: 0.39
Transition pressure: 0.22 (low)
Expectedness: macro-confirmed [macro_consistent:71%, mixed:24%, likely_flow_amplified:5%]
Curve: steep; bull steepening; 2s10s +2.71%, 3m10y +3.28%, 5s30s +2.43%.
Market / macro: Breakeven 2.57% (+0.05), credit 2.58% (+0.00), VIX avg 16.2, oil 113.4 (+5.8).
Top drivers: flow unwind; inflation / oil impulse.
Top branch: inflation_persists (p=0.46)
Path: Inflation remains dominant and front-end repricing extends. Tomorrow: 2Y higher, 10Y higher. +1w: curve lower, credit higher. +1m: VIX higher. Transition pressure low.
Leaf scenario: Energy impulse re-accelerates; breakevens keep grinding higher"
2011-05,2011,5,growth_scare,0.4583527816084316,0.26542387662141814,macro_confirmed,disproportion,flow unwind,policy relief,"steep; bull flattening; 2s10s +2.60%, 3m10y +2.99%, 5s30s +2.54%.","Breakeven 2.25% (-0.31), credit 2.65% (+0.08), VIX avg 16.9, oil 102.7 (-10.3).","Growth fears stop worsening and markets move toward a calmer range. Tomorrow: 2Y higher, 10Y higher. +1w: curve flat, credit lower. +1m: VIX lower. Transition pressure low.",stabilization,0.4873136922001657,2011-05-31,"2011-05: Growth Scare
Month-end: 2011-05-31
Avg regime probability: 0.46
Transition pressure: 0.27 (low)
Expectedness: macro-confirmed [macro_consistent:59%, mixed:18%, likely_flow_amplified:23%]
Curve: steep; bull flattening; 2s10s +2.60%, 3m10y +2.99%, 5s30s +2.54%.
Market / macro: Breakeven 2.25% (-0.31), credit 2.65% (+0.08), VIX avg 16.9, oil 102.7 (-10.3).
Top drivers: flow unwind; policy relief.
Top branch: stabilization (p=0.49)
Path: Growth fears stop worsening and markets move toward a calmer range. Tomorrow: 2Y higher, 10Y higher. +1w: curve flat, credit lower. +1m: VIX lower. Transition pressure low.
Leaf scenario: Volatility cools; credit stops widening"
2011-06,2011,6,mixed_transition,0.6555335254351453,0.30152435838612957,macro_confirmed,disproportion,flow unwind,policy relief,"steep; bear steepening; 2s10s +2.73%, 3m10y +3.15%, 5s30s +2.62%.","Breakeven 2.43% (+0.21), credit 2.72% (+0.04), VIX avg 19.2, oil 95.3 (-5.0).","A recent move mean-reverts as the initial catalyst loses traction. Tomorrow: 2Y lower, 10Y lower. +1w: curve higher, credit lower. +1m: VIX lower. Transition pressure low.",reversal,0.4853717045421168,2011-06-30,"2011-06: Mixed Transition
Month-end: 2011-06-30
Avg regime probability: 0.66
Transition pressure: 0.30 (low)
Expectedness: macro-confirmed [macro_consistent:50%, mixed:23%, likely_flow_amplified:27%]
Curve: steep; bear steepening; 2s10s +2.73%, 3m10y +3.15%, 5s30s +2.62%.
Market / macro: Breakeven 2.43% (+0.21), credit 2.72% (+0.04), VIX avg 19.2, oil 95.3 (-5.0).
Top drivers: flow unwind; policy relief.
Top branch: reversal (p=0.49)
Path: A recent move mean-reverts as the initial catalyst loses traction. Tomorrow: 2Y lower, 10Y lower. +1w: curve higher, credit lower. +1m: VIX lower. Transition pressure low.
Leaf scenario: Positioning unwinds; cross-asset confirmation fades"
2011-07,2011,7,growth_scare,0.44006463904730153,0.20149048971892855,contested,risk,risk-off / credit stress,disinflation / oil fade,"steep; bull flattening; 2s10s +2.46%, 3m10y +2.72%, 5s30s +2.77%.","Breakeven 2.44% (-0.01), credit 2.77% (+0.08), VIX avg 19.1, oil 95.7 (+0.9).","Risk-off pressure broadens and rates price a deeper slowdown. Tomorrow: 2Y lower, 10Y lower. +1w: curve higher, credit higher. +1m: VIX higher. Transition pressure low.",recession_signal_strengthens,0.6793949959380936,2011-07-29,"2011-07: Growth Scare
Month-end: 2011-07-29
Avg regime probability: 0.44
Transition pressure: 0.20 (low)
Expectedness: contested [macro_consistent:57%, mixed:43%, likely_flow_amplified:0%]
Curve: steep; bull flattening; 2s10s +2.46%, 3m10y +2.72%, 5s30s +2.77%.
Market / macro: Breakeven 2.44% (-0.01), credit 2.77% (+0.08), VIX avg 19.1, oil 95.7 (+0.9).
Top drivers: risk-off / credit stress; disinflation / oil fade.
Top branch: recession_signal_strengthens (p=0.68)
Path: Risk-off pressure broadens and rates price a deeper slowdown. Tomorrow: 2Y lower, 10Y lower. +1w: curve higher, credit higher. +1m: VIX higher. Transition pressure low.
Leaf scenario: Credit widening intensifies; VIX stays bid"
2011-08,2011,8,growth_scare,0.6741440155782285,0.3966219273207209,macro_confirmed,disproportion,flow amplification / surprise,policy relief,"steep; bull flattening; 2s10s +2.03%, 3m10y +2.21%, 5s30s +2.64%.","Breakeven 2.05% (-0.39), credit 3.25% (+0.48), VIX avg 35.0, oil 88.8 (-6.2).","Risk-off pressure broadens and rates price a deeper slowdown. Tomorrow: 2Y lower, 10Y lower. +1w: curve higher, credit higher. +1m: VIX higher. Transition pressure low.",recession_signal_strengthens,0.5287073689788332,2011-08-31,"2011-08: Growth Scare
Month-end: 2011-08-31
Avg regime probability: 0.67
Transition pressure: 0.40 (low)
Expectedness: macro-confirmed [macro_consistent:52%, mixed:26%, likely_flow_amplified:22%]
Curve: steep; bull flattening; 2s10s +2.03%, 3m10y +2.21%, 5s30s +2.64%.
Market / macro: Breakeven 2.05% (-0.39), credit 3.25% (+0.48), VIX avg 35.0, oil 88.8 (-6.2).
Top drivers: flow amplification / surprise; policy relief.
Top branch: recession_signal_strengthens (p=0.53)
Path: Risk-off pressure broadens and rates price a deeper slowdown. Tomorrow: 2Y lower, 10Y lower. +1w: curve higher, credit higher. +1m: VIX higher. Transition pressure low.
Leaf scenario: Credit widening intensifies; VIX stays bid"
2011-09,2011,9,mixed_transition,0.6767268380088238,0.3620766800252109,flow_amplified,inflation,disinflation / oil fade,flow amplification / surprise,"steep; mixed repricing; 2s10s +1.67%, 3m10y +1.90%, 5s30s +1.94%.","Breakeven 1.75% (-0.33), credit 3.30% (+0.07), VIX avg 36.4, oil 78.9 (-10.0).","Existing moves extend as positioning and narrative momentum reinforce one another. Tomorrow: 2Y higher, 10Y higher. +1w: curve lower, credit higher. +1m: VIX higher. Transition pressure low.",amplification,0.6017846260938415,2011-09-30,"2011-09: Mixed Transition
Month-end: 2011-09-30
Avg regime probability: 0.68
Transition pressure: 0.36 (low)
Expectedness: flow-amplified [macro_consistent:18%, mixed:45%, likely_flow_amplified:36%]
Curve: steep; mixed repricing; 2s10s +1.67%, 3m10y +1.90%, 5s30s +1.94%.
Market / macro: Breakeven 1.75% (-0.33), credit 3.30% (+0.07), VIX avg 36.4, oil 78.9 (-10.0).
Top drivers: disinflation / oil fade; flow amplification / surprise.
Top branch: amplification (p=0.60)
Path: Existing moves extend as positioning and narrative momentum reinforce one another. Tomorrow: 2Y higher, 10Y higher. +1w: curve lower, credit higher. +1m: VIX higher. Transition pressure low.
Leaf scenario: Move broadens across rates and risk; flow pressure stays elevated"
2011-10,2011,10,inflation_shock,0.6272721023837639,0.40090563974253035,flow_amplified,disproportion,flow amplification / surprise,risk-off / credit stress,"steep; bear steepening; 2s10s +1.92%, 3m10y +2.16%, 5s30s +2.17%.","Breakeven 2.09% (+0.36), credit 3.02% (-0.29), VIX avg 32.8, oil 93.2 (+15.8).","Inflation remains sticky, but growth damage starts to dominate market pricing. Tomorrow: 2Y lower, 10Y lower. +1w: curve higher, credit higher. +1m: VIX higher. Transition pressure low.",growth_deterioration,0.6275352825918014,2011-10-31,"2011-10: Inflation Shock
Month-end: 2011-10-31
Avg regime probability: 0.63
Transition pressure: 0.40 (low)
Expectedness: flow-amplified [macro_consistent:29%, mixed:24%, likely_flow_amplified:48%]
Curve: steep; bear steepening; 2s10s +1.92%, 3m10y +2.16%, 5s30s +2.17%.
Market / macro: Breakeven 2.09% (+0.36), credit 3.02% (-0.29), VIX avg 32.8, oil 93.2 (+15.8).
Top drivers: flow amplification / surprise; risk-off / credit stress.
Top branch: growth_deterioration (p=0.63)
Path: Inflation remains sticky, but growth damage starts to dominate market pricing. Tomorrow: 2Y lower, 10Y lower. +1w: curve higher, credit higher. +1m: VIX higher. Transition pressure low.
Leaf scenario: Credit cracks widen; curve bull-steepens on growth fears"
2011-11,2011,11,growth_scare,0.41207372955484634,0.31875998795722876,macro_confirmed,disproportion,flow unwind,policy relief,"steep; bull flattening; 2s10s +1.83%, 3m10y +2.07%, 5s30s +2.10%.","Breakeven 2.05% (+0.00), credit 3.24% (+0.21), VIX avg 32.0, oil 100.4 (+8.2).","Growth fears stop worsening and markets move toward a calmer range. Tomorrow: 2Y higher, 10Y higher. +1w: curve flat, credit lower. +1m: VIX lower. Transition pressure low.",stabilization,0.47675009715211436,2011-11-30,"2011-11: Growth Scare
Month-end: 2011-11-30
Avg regime probability: 0.41
Transition pressure: 0.32 (low)
Expectedness: macro-confirmed [macro_consistent:41%, mixed:27%, likely_flow_amplified:32%]
Curve: steep; bull flattening; 2s10s +1.83%, 3m10y +2.07%, 5s30s +2.10%.
Market / macro: Breakeven 2.05% (+0.00), credit 3.24% (+0.21), VIX avg 32.0, oil 100.4 (+8.2).
Top drivers: flow unwind; policy relief.
Top branch: stabilization (p=0.48)
Path: Growth fears stop worsening and markets move toward a calmer range. Tomorrow: 2Y higher, 10Y higher. +1w: curve flat, credit lower. +1m: VIX lower. Transition pressure low.
Leaf scenario: Volatility cools; credit stops widening"
2011-12,2011,12,policy_constraint,0.40252713220238573,0.364468692493198,flow_amplified,disproportion,flow unwind,policy relief,"steep; bull flattening; 2s10s +1.64%, 3m10y +1.87%, 5s30s +2.06%.","Breakeven 1.96% (-0.09), credit 3.27% (-0.03), VIX avg 24.9, oil 98.8 (-1.4).","Policy pressure eases and front-end rates retrace without a major growth shock. Tomorrow: 2Y lower, 10Y lower. +1w: curve higher, credit lower. +1m: VIX lower. Transition pressure low.",front_end_relief,0.5721550702947404,2011-12-30,"2011-12: Policy Constraint
Month-end: 2011-12-30
Avg regime probability: 0.40
Transition pressure: 0.36 (low)
Expectedness: flow-amplified [macro_consistent:41%, mixed:23%, likely_flow_amplified:36%]
Curve: steep; bull flattening; 2s10s +1.64%, 3m10y +1.87%, 5s30s +2.06%.
Market / macro: Breakeven 1.96% (-0.09), credit 3.27% (-0.03), VIX avg 24.9, oil 98.8 (-1.4).
Top drivers: flow unwind; policy relief.
Top branch: front_end_relief (p=0.57)
Path: Policy pressure eases and front-end rates retrace without a major growth shock. Tomorrow: 2Y lower, 10Y lower. +1w: curve higher, credit lower. +1m: VIX lower. Transition pressure low.
Leaf scenario: Data moderation lowers the policy premium; vol declines"
2012-01,2012,1,inflation_shock,0.39875761869640924,0.19646636269305373,macro_confirmed,policy,hawkish front-end pressure,flow unwind,"steep; bull flattening; 2s10s +1.61%, 3m10y +1.77%, 5s30s +2.23%.","Breakeven 2.11% (+0.15), credit 3.24% (-0.03), VIX avg 20.4, oil 98.5 (-0.4).","Inflation remains dominant and front-end repricing extends. Tomorrow: 2Y higher, 10Y higher. +1w: curve lower, credit higher. +1m: VIX higher. Transition pressure low.",inflation_persists,0.4718306710870117,2012-01-31,"2012-01: Inflation Shock
Month-end: 2012-01-31
Avg regime probability: 0.40
Transition pressure: 0.20 (low)
Expectedness: macro-confirmed [macro_consistent:55%, mixed:27%, likely_flow_amplified:18%]
Curve: steep; bull flattening; 2s10s +1.61%, 3m10y +1.77%, 5s30s +2.23%.
Market / macro: Breakeven 2.11% (+0.15), credit 3.24% (-0.03), VIX avg 20.4, oil 98.5 (-0.4).
Top drivers: hawkish front-end pressure; flow unwind.
Top branch: inflation_persists (p=0.47)
Path: Inflation remains dominant and front-end repricing extends. Tomorrow: 2Y higher, 10Y higher. +1w: curve lower, credit higher. +1m: VIX higher. Transition pressure low.
Leaf scenario: Energy impulse re-accelerates; breakevens keep grinding higher"
2012-02,2012,2,inflation_shock,0.4590035932940884,0.15652709677124865,macro_confirmed,disproportion,flow unwind,policy relief,"steep; bear steepening; 2s10s +1.68%, 3m10y +1.90%, 5s30s +2.21%.","Breakeven 2.26% (+0.11), credit 3.10% (-0.15), VIX avg 18.4, oil 107.1 (+9.5).","Inflation remains dominant and front-end repricing extends. Tomorrow: 2Y higher, 10Y higher. +1w: curve lower, credit higher. +1m: VIX higher. Transition pressure low.",inflation_persists,0.41577519744429986,2012-02-29,"2012-02: Inflation Shock
Month-end: 2012-02-29
Avg regime probability: 0.46
Transition pressure: 0.16 (low)
Expectedness: macro-confirmed [macro_consistent:48%, mixed:29%, likely_flow_amplified:24%]
Curve: steep; bear steepening; 2s10s +1.68%, 3m10y +1.90%, 5s30s +2.21%.
Market / macro: Breakeven 2.26% (+0.11), credit 3.10% (-0.15), VIX avg 18.4, oil 107.1 (+9.5).
Top drivers: flow unwind; policy relief.
Top branch: inflation_persists (p=0.42)
Path: Inflation remains dominant and front-end repricing extends. Tomorrow: 2Y higher, 10Y higher. +1w: curve lower, credit higher. +1m: VIX higher. Transition pressure low.
Leaf scenario: Energy impulse re-accelerates; breakevens keep grinding higher"
2012-03,2012,3,inflation_shock,0.41432031121883645,0.15774225031804232,macro_confirmed,disproportion,flow amplification / surprise,risk-off / credit stress,"steep; bear steepening; 2s10s +1.90%, 3m10y +2.16%, 5s30s +2.31%.","Breakeven 2.32% (+0.06), credit 3.07% (-0.03), VIX avg 16.2, oil 103.0 (-5.7).","Inflation remains dominant and front-end repricing extends. Tomorrow: 2Y higher, 10Y higher. +1w: curve lower, credit higher. +1m: VIX higher. Transition pressure low.",inflation_persists,0.46465526074732105,2012-03-30,"2012-03: Inflation Shock
Month-end: 2012-03-30
Avg regime probability: 0.41
Transition pressure: 0.16 (low)
Expectedness: macro-confirmed [macro_consistent:41%, mixed:27%, likely_flow_amplified:32%]
Curve: steep; bear steepening; 2s10s +1.90%, 3m10y +2.16%, 5s30s +2.31%.
Market / macro: Breakeven 2.32% (+0.06), credit 3.07% (-0.03), VIX avg 16.2, oil 103.0 (-5.7).
Top drivers: flow amplification / surprise; risk-off / credit stress.
Top branch: inflation_persists (p=0.46)
Path: Inflation remains dominant and front-end repricing extends. Tomorrow: 2Y higher, 10Y higher. +1w: curve lower, credit higher. +1m: VIX higher. Transition pressure low.
Leaf scenario: Energy impulse re-accelerates; breakevens keep grinding higher"
2012-04,2012,4,growth_scare,0.42141225863225035,0.15789124076850183,contested,disproportion,flow amplification / surprise,risk-off / credit stress,"steep; bull flattening; 2s10s +1.68%, 3m10y +1.85%, 5s30s +2.30%.","Breakeven 2.25% (-0.11), credit 3.20% (+0.12), VIX avg 17.8, oil 104.9 (-0.4).","Risk-off pressure broadens and rates price a deeper slowdown. Tomorrow: 2Y lower, 10Y lower. +1w: curve higher, credit higher. +1m: VIX higher. Transition pressure low.",recession_signal_strengthens,0.6003257695493006,2012-04-30,"2012-04: Growth Scare
Month-end: 2012-04-30
Avg regime probability: 0.42
Transition pressure: 0.16 (low)
Expectedness: contested [macro_consistent:38%, mixed:52%, likely_flow_amplified:10%]
Curve: steep; bull flattening; 2s10s +1.68%, 3m10y +1.85%, 5s30s +2.30%.
Market / macro: Breakeven 2.25% (-0.11), credit 3.20% (+0.12), VIX avg 17.8, oil 104.9 (-0.4).
Top drivers: flow amplification / surprise; risk-off / credit stress.
Top branch: recession_signal_strengthens (p=0.60)
Path: Risk-off pressure broadens and rates price a deeper slowdown. Tomorrow: 2Y lower, 10Y lower. +1w: curve higher, credit higher. +1m: VIX higher. Transition pressure low.
Leaf scenario: Credit widening intensifies; VIX stays bid"
2012-05,2012,5,growth_scare,0.47381450941601566,0.20369991450122124,flow_amplified,policy,hawkish front-end pressure,regime rotation pressure,"moderately steep; bull flattening; 2s10s +1.32%, 3m10y +1.52%, 5s30s +2.00%.","Breakeven 2.09% (-0.17), credit 3.40% (+0.18), VIX avg 21.0, oil 86.5 (-19.7).","Risk-off pressure broadens and rates price a deeper slowdown. Tomorrow: 2Y lower, 10Y lower. +1w: curve higher, credit higher. +1m: VIX higher. Transition pressure low.",recession_signal_strengthens,0.42199157918004665,2012-05-31,"2012-05: Growth Scare
Month-end: 2012-05-31
Avg regime probability: 0.47
Transition pressure: 0.20 (low)
Expectedness: flow-amplified [macro_consistent:26%, mixed:9%, likely_flow_amplified:65%]
Curve: moderately steep; bull flattening; 2s10s +1.32%, 3m10y +1.52%, 5s30s +2.00%.
Market / macro: Breakeven 2.09% (-0.17), credit 3.40% (+0.18), VIX avg 21.0, oil 86.5 (-19.7).
Top drivers: hawkish front-end pressure; regime rotation pressure.
Top branch: recession_signal_strengthens (p=0.42)
Path: Risk-off pressure broadens and rates price a deeper slowdown. Tomorrow: 2Y lower, 10Y lower. +1w: curve higher, credit higher. +1m: VIX higher. Transition pressure low.
Leaf scenario: Credit widening intensifies; VIX stays bid"
2012-06,2012,6,mixed_transition,0.625947607627879,0.21699316465108295,flow_amplified,inflation,inflation / oil impulse,risk relief,"moderately steep; bear steepening; 2s10s +1.34%, 3m10y +1.58%, 5s30s +2.04%.","Breakeven 2.13% (+0.07), credit 3.39% (-0.02), VIX avg 21.1, oil 85.0 (+1.9).","A recent move mean-reverts as the initial catalyst loses traction. Tomorrow: 2Y lower, 10Y lower. +1w: curve higher, credit lower. +1m: VIX lower. Transition pressure low.",reversal,0.36301003979479624,2012-06-29,"2012-06: Mixed Transition
Month-end: 2012-06-29
Avg regime probability: 0.63
Transition pressure: 0.22 (low)
Expectedness: flow-amplified [macro_consistent:33%, mixed:24%, likely_flow_amplified:43%]
Curve: moderately steep; bear steepening; 2s10s +1.34%, 3m10y +1.58%, 5s30s +2.04%.
Market / macro: Breakeven 2.13% (+0.07), credit 3.39% (-0.02), VIX avg 21.1, oil 85.0 (+1.9).
Top drivers: inflation / oil impulse; risk relief.
Top branch: reversal (p=0.36)
Path: A recent move mean-reverts as the initial catalyst loses traction. Tomorrow: 2Y lower, 10Y lower. +1w: curve higher, credit lower. +1m: VIX lower. Transition pressure low.
Leaf scenario: Positioning unwinds; cross-asset confirmation fades"
2012-07,2012,7,inflation_shock,0.3685411887165378,0.2288238898647967,contested,disproportion,flow amplification / surprise,risk-off / credit stress,"moderately steep; bull flattening; 2s10s +1.28%, 3m10y +1.40%, 5s30s +1.96%.","Breakeven 2.20% (+0.09), credit 3.27% (-0.13), VIX avg 17.5, oil 88.1 (+4.4).","Inflation remains dominant and front-end repricing extends. Tomorrow: 2Y higher, 10Y higher. +1w: curve lower, credit higher. +1m: VIX higher. Transition pressure low.",inflation_persists,0.5304795283240117,2012-07-31,"2012-07: Inflation Shock
Month-end: 2012-07-31
Avg regime probability: 0.37
Transition pressure: 0.23 (low)
Expectedness: contested [macro_consistent:41%, mixed:36%, likely_flow_amplified:23%]
Curve: moderately steep; bull flattening; 2s10s +1.28%, 3m10y +1.40%, 5s30s +1.96%.
Market / macro: Breakeven 2.20% (+0.09), credit 3.27% (-0.13), VIX avg 17.5, oil 88.1 (+4.4).
Top drivers: flow amplification / surprise; risk-off / credit stress.
Top branch: inflation_persists (p=0.53)
Path: Inflation remains dominant and front-end repricing extends. Tomorrow: 2Y higher, 10Y higher. +1w: curve lower, credit higher. +1m: VIX higher. Transition pressure low.
Leaf scenario: Energy impulse re-accelerates; breakevens keep grinding higher"
2012-08,2012,8,inflation_shock,0.39741478385720413,0.14683089895974213,contested,disproportion,flow unwind,policy relief,"moderately steep; mixed repricing; 2s10s +1.35%, 3m10y +1.48%, 5s30s +2.09%.","Breakeven 2.25% (+0.02), credit 3.21% (-0.05), VIX avg 15.7, oil 96.5 (+7.5).","Inflation momentum cools and rates retrace toward a cleaner equilibrium. Tomorrow: 2Y lower, 10Y lower. +1w: curve higher, credit lower. +1m: VIX lower. Transition pressure low.",containment_normalization,0.5582886595472771,2012-08-31,"2012-08: Inflation Shock
Month-end: 2012-08-31
Avg regime probability: 0.40
Transition pressure: 0.15 (low)
Expectedness: contested [macro_consistent:30%, mixed:43%, likely_flow_amplified:26%]
Curve: moderately steep; mixed repricing; 2s10s +1.35%, 3m10y +1.48%, 5s30s +2.09%.
Market / macro: Breakeven 2.25% (+0.02), credit 3.21% (-0.05), VIX avg 15.7, oil 96.5 (+7.5).
Top drivers: flow unwind; policy relief.
Top branch: containment_normalization (p=0.56)
Path: Inflation momentum cools and rates retrace toward a cleaner equilibrium. Tomorrow: 2Y lower, 10Y lower. +1w: curve higher, credit lower. +1m: VIX lower. Transition pressure low.
Leaf scenario: Commodity impulse fades; policy credibility improves"
2012-09,2012,9,inflation_shock,0.4501892108911787,0.24017342402949304,macro_confirmed,disproportion,flow amplification / surprise,risk-off / credit stress,"moderately steep; bear steepening; 2s10s +1.42%, 3m10y +1.55%, 5s30s +2.20%.","Breakeven 2.42% (+0.17), credit 3.07% (-0.14), VIX avg 15.4, oil 92.2 (-4.3).","Inflation remains sticky, but growth damage starts to dominate market pricing. Tomorrow: 2Y lower, 10Y lower. +1w: curve higher, credit higher. +1m: VIX higher. Transition pressure low.",growth_deterioration,0.40282636455753446,2012-09-28,"2012-09: Inflation Shock
Month-end: 2012-09-28
Avg regime probability: 0.45
Transition pressure: 0.24 (low)
Expectedness: macro-confirmed [macro_consistent:45%, mixed:30%, likely_flow_amplified:25%]
Curve: moderately steep; bear steepening; 2s10s +1.42%, 3m10y +1.55%, 5s30s +2.20%.
Market / macro: Breakeven 2.42% (+0.17), credit 3.07% (-0.14), VIX avg 15.4, oil 92.2 (-4.3).
Top drivers: flow amplification / surprise; risk-off / credit stress.
Top branch: growth_deterioration (p=0.40)
Path: Inflation remains sticky, but growth damage starts to dominate market pricing. Tomorrow: 2Y lower, 10Y lower. +1w: curve higher, credit higher. +1m: VIX higher. Transition pressure low.
Leaf scenario: Credit cracks widen; curve bull-steepens on growth fears"
2012-10,2012,10,inflation_shock,0.4198571441713846,0.16472839389854183,macro_confirmed,inflation,inflation / oil impulse,flow unwind,"moderately steep; bear steepening; 2s10s +1.42%, 3m10y +1.61%, 5s30s +2.13%.","Breakeven 2.50% (+0.08), credit 2.73% (-0.33), VIX avg 16.4, oil 86.2 (-6.2).","Inflation remains dominant and front-end repricing extends. Tomorrow: 2Y higher, 10Y higher. +1w: curve lower, credit higher. +1m: VIX higher. Transition pressure low.",inflation_persists,0.5177540378331182,2012-10-31,"2012-10: Inflation Shock
Month-end: 2012-10-31
Avg regime probability: 0.42
Transition pressure: 0.16 (low)
Expectedness: macro-confirmed [macro_consistent:43%, mixed:22%, likely_flow_amplified:35%]
Curve: moderately steep; bear steepening; 2s10s +1.42%, 3m10y +1.61%, 5s30s +2.13%.
Market / macro: Breakeven 2.50% (+0.08), credit 2.73% (-0.33), VIX avg 16.4, oil 86.2 (-6.2).
Top drivers: inflation / oil impulse; flow unwind.
Top branch: inflation_persists (p=0.52)
Path: Inflation remains dominant and front-end repricing extends. Tomorrow: 2Y higher, 10Y higher. +1w: curve lower, credit higher. +1m: VIX higher. Transition pressure low.
Leaf scenario: Energy impulse re-accelerates; breakevens keep grinding higher"
2012-11,2012,11,growth_scare,0.4167806763789016,0.15914709044642736,contested,disproportion,flow amplification / surprise,risk-off / credit stress,"moderately steep; bull flattening; 2s10s +1.37%, 3m10y +1.54%, 5s30s +2.20%.","Breakeven 2.41% (-0.11), credit 2.95% (+0.20), VIX avg 16.6, oil 88.5 (+1.5).","Risk-off pressure broadens and rates price a deeper slowdown. Tomorrow: 2Y lower, 10Y lower. +1w: curve higher, credit higher. +1m: VIX higher. Transition pressure low.",recession_signal_strengthens,0.516948521936517,2012-11-30,"2012-11: Growth Scare
Month-end: 2012-11-30
Avg regime probability: 0.42
Transition pressure: 0.16 (low)
Expectedness: contested [macro_consistent:50%, mixed:50%, likely_flow_amplified:0%]
Curve: moderately steep; bull flattening; 2s10s +1.37%, 3m10y +1.54%, 5s30s +2.20%.
Market / macro: Breakeven 2.41% (-0.11), credit 2.95% (+0.20), VIX avg 16.6, oil 88.5 (+1.5).
Top drivers: flow amplification / surprise; risk-off / credit stress.
Top branch: recession_signal_strengthens (p=0.52)
Path: Risk-off pressure broadens and rates price a deeper slowdown. Tomorrow: 2Y lower, 10Y lower. +1w: curve higher, credit higher. +1m: VIX higher. Transition pressure low.
Leaf scenario: Credit widening intensifies; VIX stays bid"
2012-12,2012,12,inflation_shock,0.4009000265275742,0.17756513381750422,macro_confirmed,disproportion,flow unwind,risk relief,"steep; bear steepening; 2s10s +1.53%, 3m10y +1.73%, 5s30s +2.23%.","Breakeven 2.45% (+0.01), credit 2.85% (-0.10), VIX avg 17.3, oil 91.8 (+3.1).","Inflation momentum cools and rates retrace toward a cleaner equilibrium. Tomorrow: 2Y lower, 10Y lower. +1w: curve higher, credit lower. +1m: VIX lower. Transition pressure low.",containment_normalization,0.6422029389790631,2012-12-31,"2012-12: Inflation Shock
Month-end: 2012-12-31
Avg regime probability: 0.40
Transition pressure: 0.18 (low)
Expectedness: macro-confirmed [macro_consistent:38%, mixed:29%, likely_flow_amplified:33%]
Curve: steep; bear steepening; 2s10s +1.53%, 3m10y +1.73%, 5s30s +2.23%.
Market / macro: Breakeven 2.45% (+0.01), credit 2.85% (-0.10), VIX avg 17.3, oil 91.8 (+3.1).
Top drivers: flow unwind; risk relief.
Top branch: containment_normalization (p=0.64)
Path: Inflation momentum cools and rates retrace toward a cleaner equilibrium. Tomorrow: 2Y lower, 10Y lower. +1w: curve higher, credit lower. +1m: VIX lower. Transition pressure low.
Leaf scenario: Commodity impulse fades; policy credibility improves"
2013-01,2013,1,inflation_shock,0.45518285361091165,0.19496654601990976,macro_confirmed,disproportion,flow unwind,risk relief,"steep; bear steepening; 2s10s +1.75%, 3m10y +1.95%, 5s30s +2.29%.","Breakeven 2.59% (+0.14), credit 2.82% (-0.03), VIX avg 13.7, oil 97.7 (+5.8).","Inflation remains dominant and front-end repricing extends. Tomorrow: 2Y higher, 10Y higher. +1w: curve lower, credit higher. +1m: VIX higher. Transition pressure low.",inflation_persists,0.4831941243650629,2013-01-31,"2013-01: Inflation Shock
Month-end: 2013-01-31
Avg regime probability: 0.46
Transition pressure: 0.19 (low)
Expectedness: macro-confirmed [macro_consistent:43%, mixed:35%, likely_flow_amplified:22%]
Curve: steep; bear steepening; 2s10s +1.75%, 3m10y +1.95%, 5s30s +2.29%.
Market / macro: Breakeven 2.59% (+0.14), credit 2.82% (-0.03), VIX avg 13.7, oil 97.7 (+5.8).
Top drivers: flow unwind; risk relief.
Top branch: inflation_persists (p=0.48)
Path: Inflation remains dominant and front-end repricing extends. Tomorrow: 2Y higher, 10Y higher. +1w: curve lower, credit higher. +1m: VIX higher. Transition pressure low.
Leaf scenario: Energy impulse re-accelerates; breakevens keep grinding higher"
2013-02,2013,2,growth_scare,0.4012431855427728,0.1676583196739921,macro_confirmed,disproportion,flow unwind,policy relief,"steep; bull flattening; 2s10s +1.64%, 3m10y +1.78%, 5s30s +2.33%.","Breakeven 2.53% (-0.06), credit 2.89% (+0.05), VIX avg 14.0, oil 92.0 (-5.4).","Risk-off pressure broadens and rates price a deeper slowdown. Tomorrow: 2Y lower, 10Y lower. +1w: curve higher, credit higher. +1m: VIX higher. Transition pressure low.",recession_signal_strengthens,0.46193021263402023,2013-02-28,"2013-02: Growth Scare
Month-end: 2013-02-28
Avg regime probability: 0.40
Transition pressure: 0.17 (low)
Expectedness: macro-confirmed [macro_consistent:65%, mixed:30%, likely_flow_amplified:5%]
Curve: steep; bull flattening; 2s10s +1.64%, 3m10y +1.78%, 5s30s +2.33%.
Market / macro: Breakeven 2.53% (-0.06), credit 2.89% (+0.05), VIX avg 14.0, oil 92.0 (-5.4).
Top drivers: flow unwind; policy relief.
Top branch: recession_signal_strengthens (p=0.46)
Path: Risk-off pressure broadens and rates price a deeper slowdown. Tomorrow: 2Y lower, 10Y lower. +1w: curve higher, credit higher. +1m: VIX higher. Transition pressure low.
Leaf scenario: Credit widening intensifies; VIX stays bid"
2013-03,2013,3,mixed_transition,0.6048276509763453,0.15665043136098666,macro_confirmed,disproportion,flow amplification / surprise,regime rotation pressure,"steep; bull flattening; 2s10s +1.62%, 3m10y +1.80%, 5s30s +2.33%.","Breakeven 2.51% (-0.02), credit 2.96% (+0.06), VIX avg 13.0, oil 97.2 (+6.5).","Existing moves extend as positioning and narrative momentum reinforce one another. Tomorrow: 2Y higher, 10Y higher. +1w: curve lower, credit higher. +1m: VIX higher. Transition pressure low.",amplification,0.38970111582776235,2013-03-29,"2013-03: Mixed Transition
Month-end: 2013-03-29
Avg regime probability: 0.60
Transition pressure: 0.16 (low)
Expectedness: macro-confirmed [macro_consistent:48%, mixed:29%, likely_flow_amplified:24%]
Curve: steep; bull flattening; 2s10s +1.62%, 3m10y +1.80%, 5s30s +2.33%.
Market / macro: Breakeven 2.51% (-0.02), credit 2.96% (+0.06), VIX avg 13.0, oil 97.2 (+6.5).
Top drivers: flow amplification / surprise; regime rotation pressure.
Top branch: amplification (p=0.39)
Path: Existing moves extend as positioning and narrative momentum reinforce one another. Tomorrow: 2Y higher, 10Y higher. +1w: curve lower, credit higher. +1m: VIX higher. Transition pressure low.
Leaf scenario: Move broadens across rates and risk; flow pressure stays elevated"
2013-04,2013,4,policy_constraint,0.3956544305451221,0.24729437228792858,flow_amplified,disproportion,flow amplification / surprise,disinflation / oil fade,"moderately steep; bull flattening; 2s10s +1.48%, 3m10y +1.65%, 5s30s +2.20%.","Breakeven 2.34% (-0.17), credit 2.83% (-0.08), VIX avg 14.0, oil 93.2 (-3.9).","The front end remains pinned by policy credibility and restrictive guidance. Tomorrow: 2Y higher, 10Y higher. +1w: curve lower, credit higher. +1m: VIX higher. Transition pressure low.",policy_stays_tight,0.5585116568244953,2013-04-30,"2013-04: Policy Constraint
Month-end: 2013-04-30
Avg regime probability: 0.40
Transition pressure: 0.25 (low)
Expectedness: flow-amplified [macro_consistent:41%, mixed:14%, likely_flow_amplified:45%]
Curve: moderately steep; bull flattening; 2s10s +1.48%, 3m10y +1.65%, 5s30s +2.20%.
Market / macro: Breakeven 2.34% (-0.17), credit 2.83% (-0.08), VIX avg 14.0, oil 93.2 (-3.9).
Top drivers: flow amplification / surprise; disinflation / oil fade.
Top branch: policy_stays_tight (p=0.56)
Path: The front end remains pinned by policy credibility and restrictive guidance. Tomorrow: 2Y higher, 10Y higher. +1w: curve lower, credit higher. +1m: VIX higher. Transition pressure low.
Leaf scenario: Front-end yields grind higher; curve keeps flattening"
2013-05,2013,5,inflation_shock,0.36382766783646553,0.14937546787416478,contested,disproportion,flow amplification / surprise,risk-off / credit stress,"steep; bear steepening; 2s10s +1.86%, 3m10y +2.12%, 5s30s +2.25%.","Breakeven 2.21% (-0.09), credit 2.79% (-0.03), VIX avg 13.5, oil 91.9 (+1.2).","Inflation remains sticky, but growth damage starts to dominate market pricing. Tomorrow: 2Y lower, 10Y lower. +1w: curve higher, credit higher. +1m: VIX higher. Transition pressure low.",growth_deterioration,0.4370661531935268,2013-05-31,"2013-05: Inflation Shock
Month-end: 2013-05-31
Avg regime probability: 0.36
Transition pressure: 0.15 (low)
Expectedness: contested [macro_consistent:39%, mixed:43%, likely_flow_amplified:17%]
Curve: steep; bear steepening; 2s10s +1.86%, 3m10y +2.12%, 5s30s +2.25%.
Market / macro: Breakeven 2.21% (-0.09), credit 2.79% (-0.03), VIX avg 13.5, oil 91.9 (+1.2).
Top drivers: flow amplification / surprise; risk-off / credit stress.
Top branch: growth_deterioration (p=0.44)
Path: Inflation remains sticky, but growth damage starts to dominate market pricing. Tomorrow: 2Y lower, 10Y lower. +1w: curve higher, credit higher. +1m: VIX higher. Transition pressure low.
Leaf scenario: Credit cracks widen; curve bull-steepens on growth fears"
2013-06,2013,6,growth_scare,0.3781231243433379,0.24141218657456345,flow_amplified,disproportion,flow unwind,risk relief,"steep; bear steepening; 2s10s +2.16%, 3m10y +2.48%, 5s30s +2.11%.","Breakeven 1.99% (-0.21), credit 2.83% (+0.01), VIX avg 17.3, oil 96.4 (+3.0).","Growth fears stop worsening and markets move toward a calmer range. Tomorrow: 2Y higher, 10Y higher. +1w: curve flat, credit lower. +1m: VIX lower. Transition pressure low.",stabilization,0.6674741520758074,2013-06-28,"2013-06: Growth Scare
Month-end: 2013-06-28
Avg regime probability: 0.38
Transition pressure: 0.24 (low)
Expectedness: flow-amplified [macro_consistent:25%, mixed:35%, likely_flow_amplified:40%]
Curve: steep; bear steepening; 2s10s +2.16%, 3m10y +2.48%, 5s30s +2.11%.
Market / macro: Breakeven 1.99% (-0.21), credit 2.83% (+0.01), VIX avg 17.3, oil 96.4 (+3.0).
Top drivers: flow unwind; risk relief.
Top branch: stabilization (p=0.67)
Path: Growth fears stop worsening and markets move toward a calmer range. Tomorrow: 2Y higher, 10Y higher. +1w: curve flat, credit lower. +1m: VIX lower. Transition pressure low.
Leaf scenario: Volatility cools; credit stops widening"
2013-07,2013,7,inflation_shock,0.4970749280795503,0.22068046434052038,macro_confirmed,disproportion,flow unwind,inflation / oil impulse,"steep; mixed repricing; 2s10s +2.29%, 3m10y +2.56%, 5s30s +2.26%.","Breakeven 2.22% (+0.20), credit 2.68% (-0.15), VIX avg 14.1, oil 105.1 (+7.2).","Inflation remains dominant and front-end repricing extends. Tomorrow: 2Y higher, 10Y higher. +1w: curve lower, credit higher. +1m: VIX higher. Transition pressure low.",inflation_persists,0.4887425036920035,2013-07-31,"2013-07: Inflation Shock
Month-end: 2013-07-31
Avg regime probability: 0.50
Transition pressure: 0.22 (low)
Expectedness: macro-confirmed [macro_consistent:57%, mixed:35%, likely_flow_amplified:9%]
Curve: steep; mixed repricing; 2s10s +2.29%, 3m10y +2.56%, 5s30s +2.26%.
Market / macro: Breakeven 2.22% (+0.20), credit 2.68% (-0.15), VIX avg 14.1, oil 105.1 (+7.2).
Top drivers: flow unwind; inflation / oil impulse.
Top branch: inflation_persists (p=0.49)
Path: Inflation remains dominant and front-end repricing extends. Tomorrow: 2Y higher, 10Y higher. +1w: curve lower, credit higher. +1m: VIX higher. Transition pressure low.
Leaf scenario: Energy impulse re-accelerates; breakevens keep grinding higher"
2013-08,2013,8,mixed_transition,0.6090342896613191,0.1703783223057284,contested,disproportion,flow unwind,risk relief,"steep; bear steepening; 2s10s +2.39%, 3m10y +2.75%, 5s30s +2.08%.","Breakeven 2.10% (-0.16), credit 2.56% (-0.10), VIX avg 14.2, oil 108.0 (+0.0).","A recent move mean-reverts as the initial catalyst loses traction. Tomorrow: 2Y lower, 10Y lower. +1w: curve higher, credit lower. +1m: VIX lower. Transition pressure low.",reversal,0.48267326485373285,2013-08-30,"2013-08: Mixed Transition
Month-end: 2013-08-30
Avg regime probability: 0.61
Transition pressure: 0.17 (low)
Expectedness: contested [macro_consistent:36%, mixed:36%, likely_flow_amplified:27%]
Curve: steep; bear steepening; 2s10s +2.39%, 3m10y +2.75%, 5s30s +2.08%.
Market / macro: Breakeven 2.10% (-0.16), credit 2.56% (-0.10), VIX avg 14.2, oil 108.0 (+0.0).
Top drivers: flow unwind; risk relief.
Top branch: reversal (p=0.48)
Path: A recent move mean-reverts as the initial catalyst loses traction. Tomorrow: 2Y lower, 10Y lower. +1w: curve higher, credit lower. +1m: VIX lower. Transition pressure low.
Leaf scenario: Positioning unwinds; cross-asset confirmation fades"
2013-09,2013,9,growth_scare,0.4094316867359592,0.21288440428030345,contested,risk,risk-off / credit stress,flow amplification / surprise,"steep; bull flattening; 2s10s +2.31%, 3m10y +2.62%, 5s30s +2.30%.","Breakeven 2.19% (+0.09), credit 2.75% (+0.19), VIX avg 14.8, oil 102.4 (-5.6).","Risk-off pressure broadens and rates price a deeper slowdown. Tomorrow: 2Y lower, 10Y lower. +1w: curve higher, credit higher. +1m: VIX higher. Transition pressure low.",recession_signal_strengthens,0.599639235929599,2013-09-30,"2013-09: Growth Scare
Month-end: 2013-09-30
Avg regime probability: 0.41
Transition pressure: 0.21 (low)
Expectedness: contested [macro_consistent:48%, mixed:43%, likely_flow_amplified:10%]
Curve: steep; bull flattening; 2s10s +2.31%, 3m10y +2.62%, 5s30s +2.30%.
Market / macro: Breakeven 2.19% (+0.09), credit 2.75% (+0.19), VIX avg 14.8, oil 102.4 (-5.6).
Top drivers: risk-off / credit stress; flow amplification / surprise.
Top branch: recession_signal_strengthens (p=0.60)
Path: Risk-off pressure broadens and rates price a deeper slowdown. Tomorrow: 2Y lower, 10Y lower. +1w: curve higher, credit higher. +1m: VIX higher. Transition pressure low.
Leaf scenario: Credit widening intensifies; VIX stays bid"
2013-10,2013,10,policy_constraint,0.3751808764076397,0.15231746968244192,macro_confirmed,disproportion,flow unwind,policy relief,"steep; bull flattening; 2s10s +2.26%, 3m10y +2.53%, 5s30s +2.32%.","Breakeven 2.17% (-0.03), credit 2.65% (-0.11), VIX avg 15.4, oil 96.3 (-5.8).","Policy pressure eases and front-end rates retrace without a major growth shock. Tomorrow: 2Y lower, 10Y lower. +1w: curve higher, credit lower. +1m: VIX lower. Transition pressure low.",front_end_relief,0.6433104299531992,2013-10-31,"2013-10: Policy Constraint
Month-end: 2013-10-31
Avg regime probability: 0.38
Transition pressure: 0.15 (low)
Expectedness: macro-confirmed [macro_consistent:43%, mixed:26%, likely_flow_amplified:30%]
Curve: steep; bull flattening; 2s10s +2.26%, 3m10y +2.53%, 5s30s +2.32%.
Market / macro: Breakeven 2.17% (-0.03), credit 2.65% (-0.11), VIX avg 15.4, oil 96.3 (-5.8).
Top drivers: flow unwind; policy relief.
Top branch: front_end_relief (p=0.64)
Path: Policy pressure eases and front-end rates retrace without a major growth shock. Tomorrow: 2Y lower, 10Y lower. +1w: curve higher, credit lower. +1m: VIX lower. Transition pressure low.
Leaf scenario: Data moderation lowers the policy premium; vol declines"
2013-11,2013,11,inflation_shock,0.37440030638523153,0.13711380455566033,contested,transition,regime rotation pressure,disinflation / oil fade,"steep; mixed repricing; 2s10s +2.47%, 3m10y +2.69%, 5s30s +2.45%.","Breakeven 2.15% (+0.00), credit 2.61% (-0.03), VIX avg 12.9, oil 92.5 (-2.0).","Inflation remains dominant and front-end repricing extends. Tomorrow: 2Y higher, 10Y higher. +1w: curve lower, credit higher. +1m: VIX higher. Transition pressure low.",inflation_persists,0.41531671205498033,2013-11-29,"2013-11: Inflation Shock
Month-end: 2013-11-29
Avg regime probability: 0.37
Transition pressure: 0.14 (low)
Expectedness: contested [macro_consistent:57%, mixed:43%, likely_flow_amplified:0%]
Curve: steep; mixed repricing; 2s10s +2.47%, 3m10y +2.69%, 5s30s +2.45%.
Market / macro: Breakeven 2.15% (+0.00), credit 2.61% (-0.03), VIX avg 12.9, oil 92.5 (-2.0).
Top drivers: regime rotation pressure; disinflation / oil fade.
Top branch: inflation_persists (p=0.42)
Path: Inflation remains dominant and front-end repricing extends. Tomorrow: 2Y higher, 10Y higher. +1w: curve lower, credit higher. +1m: VIX higher. Transition pressure low.
Leaf scenario: Energy impulse re-accelerates; breakevens keep grinding higher"
2013-12,2013,12,inflation_shock,0.4851393698031037,0.14921809999374588,contested,disproportion,flow unwind,policy relief,"steep; bear steepening; 2s10s +2.66%, 3m10y +2.97%, 5s30s +2.21%.","Breakeven 2.24% (+0.09), credit 2.33% (-0.27), VIX avg 14.1, oil 98.2 (+4.6).","Inflation momentum cools and rates retrace toward a cleaner equilibrium. Tomorrow: 2Y lower, 10Y lower. +1w: curve higher, credit lower. +1m: VIX lower. Transition pressure low.",containment_normalization,0.4703689154838077,2013-12-31,"2013-12: Inflation Shock
Month-end: 2013-12-31
Avg regime probability: 0.49
Transition pressure: 0.15 (low)
Expectedness: contested [macro_consistent:41%, mixed:41%, likely_flow_amplified:18%]
Curve: steep; bear steepening; 2s10s +2.66%, 3m10y +2.97%, 5s30s +2.21%.
Market / macro: Breakeven 2.24% (+0.09), credit 2.33% (-0.27), VIX avg 14.1, oil 98.2 (+4.6).
Top drivers: flow unwind; policy relief.
Top branch: containment_normalization (p=0.47)
Path: Inflation momentum cools and rates retrace toward a cleaner equilibrium. Tomorrow: 2Y lower, 10Y lower. +1w: curve higher, credit lower. +1m: VIX lower. Transition pressure low.
Leaf scenario: Commodity impulse fades; policy credibility improves"
2014-01,2014,1,growth_scare,0.41573145378192494,0.16093580215710962,macro_confirmed,risk,risk-off / credit stress,flow amplification / surprise,"steep; bull flattening; 2s10s +2.33%, 3m10y +2.65%, 5s30s +2.12%.","Breakeven 2.14% (-0.10), credit 2.40% (+0.07), VIX avg 14.1, oil 97.5 (-0.6).","Risk-off pressure broadens and rates price a deeper slowdown. Tomorrow: 2Y lower, 10Y lower. +1w: curve higher, credit higher. +1m: VIX higher. Transition pressure low.",recession_signal_strengthens,0.6815913066011686,2014-01-31,"2014-01: Growth Scare
Month-end: 2014-01-31
Avg regime probability: 0.42
Transition pressure: 0.16 (low)
Expectedness: macro-confirmed [macro_consistent:57%, mixed:26%, likely_flow_amplified:17%]
Curve: steep; bull flattening; 2s10s +2.33%, 3m10y +2.65%, 5s30s +2.12%.
Market / macro: Breakeven 2.14% (-0.10), credit 2.40% (+0.07), VIX avg 14.1, oil 97.5 (-0.6).
Top drivers: risk-off / credit stress; flow amplification / surprise.
Top branch: recession_signal_strengthens (p=0.68)
Path: Risk-off pressure broadens and rates price a deeper slowdown. Tomorrow: 2Y lower, 10Y lower. +1w: curve higher, credit higher. +1m: VIX higher. Transition pressure low.
Leaf scenario: Credit widening intensifies; VIX stays bid"
2014-02,2014,2,inflation_shock,0.38927212820871887,0.13735469878058293,macro_confirmed,disproportion,flow unwind,inflation / oil impulse,"steep; bull flattening; 2s10s +2.33%, 3m10y +2.61%, 5s30s +2.08%.","Breakeven 2.17% (+0.03), credit 2.35% (-0.04), VIX avg 15.4, oil 102.9 (+6.4).","Inflation remains dominant and front-end repricing extends. Tomorrow: 2Y higher, 10Y higher. +1w: curve lower, credit higher. +1m: VIX higher. Transition pressure low.",inflation_persists,0.4628222024353651,2014-02-28,"2014-02: Inflation Shock
Month-end: 2014-02-28
Avg regime probability: 0.39
Transition pressure: 0.14 (low)
Expectedness: macro-confirmed [macro_consistent:65%, mixed:25%, likely_flow_amplified:10%]
Curve: steep; bull flattening; 2s10s +2.33%, 3m10y +2.61%, 5s30s +2.08%.
Market / macro: Breakeven 2.17% (+0.03), credit 2.35% (-0.04), VIX avg 15.4, oil 102.9 (+6.4).
Top drivers: flow unwind; inflation / oil impulse.
Top branch: inflation_persists (p=0.46)
Path: Inflation remains dominant and front-end repricing extends. Tomorrow: 2Y higher, 10Y higher. +1w: curve lower, credit higher. +1m: VIX higher. Transition pressure low.
Leaf scenario: Energy impulse re-accelerates; breakevens keep grinding higher"
2014-03,2014,3,policy_constraint,0.3936127444746919,0.14875823896761145,macro_confirmed,disproportion,flow unwind,policy relief,"steep; bear flattening; 2s10s +2.29%, 3m10y +2.68%, 5s30s +1.83%.","Breakeven 2.13% (-0.03), credit 2.26% (-0.11), VIX avg 14.8, oil 101.6 (-3.8).","Policy pressure eases and front-end rates retrace without a major growth shock. Tomorrow: 2Y lower, 10Y lower. +1w: curve higher, credit lower. +1m: VIX lower. Transition pressure low.",front_end_relief,0.40063020418604806,2014-03-31,"2014-03: Policy Constraint
Month-end: 2014-03-31
Avg regime probability: 0.39
Transition pressure: 0.15 (low)
Expectedness: macro-confirmed [macro_consistent:62%, mixed:19%, likely_flow_amplified:19%]
Curve: steep; bear flattening; 2s10s +2.29%, 3m10y +2.68%, 5s30s +1.83%.
Market / macro: Breakeven 2.13% (-0.03), credit 2.26% (-0.11), VIX avg 14.8, oil 101.6 (-3.8).
Top drivers: flow unwind; policy relief.
Top branch: front_end_relief (p=0.40)
Path: Policy pressure eases and front-end rates retrace without a major growth shock. Tomorrow: 2Y lower, 10Y lower. +1w: curve higher, credit lower. +1m: VIX lower. Transition pressure low.
Leaf scenario: Data moderation lowers the policy premium; vol declines"
2014-04,2014,4,inflation_shock,0.3683911333604995,0.1376395318916235,macro_confirmed,disproportion,flow unwind,regime rotation pressure,"steep; bull flattening; 2s10s +2.25%, 3m10y +2.64%, 5s30s +1.78%.","Breakeven 2.18% (+0.04), credit 2.16% (-0.10), VIX avg 14.2, oil 100.1 (+0.4).","Inflation momentum cools and rates retrace toward a cleaner equilibrium. Tomorrow: 2Y lower, 10Y lower. +1w: curve higher, credit lower. +1m: VIX lower. Transition pressure low.",containment_normalization,0.40450025186281957,2014-04-30,"2014-04: Inflation Shock
Month-end: 2014-04-30
Avg regime probability: 0.37
Transition pressure: 0.14 (low)
Expectedness: macro-confirmed [macro_consistent:73%, mixed:18%, likely_flow_amplified:9%]
Curve: steep; bull flattening; 2s10s +2.25%, 3m10y +2.64%, 5s30s +1.78%.
Market / macro: Breakeven 2.18% (+0.04), credit 2.16% (-0.10), VIX avg 14.2, oil 100.1 (+0.4).
Top drivers: flow unwind; regime rotation pressure.
Top branch: containment_normalization (p=0.40)
Path: Inflation momentum cools and rates retrace toward a cleaner equilibrium. Tomorrow: 2Y lower, 10Y lower. +1w: curve higher, credit lower. +1m: VIX lower. Transition pressure low.
Leaf scenario: Commodity impulse fades; policy credibility improves"
2014-05,2014,5,policy_constraint,0.35172005497921377,0.1524391534968971,contested,disproportion,flow unwind,risk relief,"steep; bull flattening; 2s10s +2.11%, 3m10y +2.44%, 5s30s +1.79%.","Breakeven 2.22% (+0.02), credit 2.22% (+0.08), VIX avg 12.4, oil 103.4 (+3.7).","Policy pressure eases and front-end rates retrace without a major growth shock. Tomorrow: 2Y lower, 10Y lower. +1w: curve higher, credit lower. +1m: VIX lower. Transition pressure low.",front_end_relief,0.4849545812062573,2014-05-30,"2014-05: Policy Constraint
Month-end: 2014-05-30
Avg regime probability: 0.35
Transition pressure: 0.15 (low)
Expectedness: contested [macro_consistent:41%, mixed:41%, likely_flow_amplified:18%]
Curve: steep; bull flattening; 2s10s +2.11%, 3m10y +2.44%, 5s30s +1.79%.
Market / macro: Breakeven 2.22% (+0.02), credit 2.22% (+0.08), VIX avg 12.4, oil 103.4 (+3.7).
Top drivers: flow unwind; risk relief.
Top branch: front_end_relief (p=0.48)
Path: Policy pressure eases and front-end rates retrace without a major growth shock. Tomorrow: 2Y lower, 10Y lower. +1w: curve higher, credit lower. +1m: VIX lower. Transition pressure low.
Leaf scenario: Data moderation lowers the policy premium; vol declines"
2014-06,2014,6,mixed_transition,0.5986666036656829,0.1390474390448084,contested,disproportion,flow amplification / surprise,hawkish front-end pressure,"steep; bear flattening; 2s10s +2.06%, 3m10y +2.49%, 5s30s +1.72%.","Breakeven 2.26% (+0.04), credit 2.18% (-0.04), VIX avg 11.5, oil 106.1 (+3.0).","Existing moves extend as positioning and narrative momentum reinforce one another. Tomorrow: 2Y higher, 10Y higher. +1w: curve lower, credit higher. +1m: VIX higher. Transition pressure low.",amplification,0.5659567791434569,2014-06-30,"2014-06: Mixed Transition
Month-end: 2014-06-30
Avg regime probability: 0.60
Transition pressure: 0.14 (low)
Expectedness: contested [macro_consistent:24%, mixed:57%, likely_flow_amplified:19%]
Curve: steep; bear flattening; 2s10s +2.06%, 3m10y +2.49%, 5s30s +1.72%.
Market / macro: Breakeven 2.26% (+0.04), credit 2.18% (-0.04), VIX avg 11.5, oil 106.1 (+3.0).
Top drivers: flow amplification / surprise; hawkish front-end pressure.
Top branch: amplification (p=0.57)
Path: Existing moves extend as positioning and narrative momentum reinforce one another. Tomorrow: 2Y higher, 10Y higher. +1w: curve lower, credit higher. +1m: VIX higher. Transition pressure low.
Leaf scenario: Move broadens across rates and risk; flow pressure stays elevated"
2014-07,2014,7,growth_scare,0.3761742889692813,0.22923502849939228,macro_confirmed,risk,risk-off / credit stress,policy relief,"steep; bear flattening; 2s10s +2.05%, 3m10y +2.55%, 5s30s +1.56%.","Breakeven 2.29% (+0.03), credit 2.17% (-0.02), VIX avg 12.2, oil 98.2 (-7.8).","Risk-off pressure broadens and rates price a deeper slowdown. Tomorrow: 2Y lower, 10Y lower. +1w: curve higher, credit higher. +1m: VIX higher. Transition pressure low.",recession_signal_strengthens,0.8494690388905877,2014-07-31,"2014-07: Growth Scare
Month-end: 2014-07-31
Avg regime probability: 0.38
Transition pressure: 0.23 (low)
Expectedness: macro-confirmed [macro_consistent:70%, mixed:26%, likely_flow_amplified:4%]
Curve: steep; bear flattening; 2s10s +2.05%, 3m10y +2.55%, 5s30s +1.56%.
Market / macro: Breakeven 2.29% (+0.03), credit 2.17% (-0.02), VIX avg 12.2, oil 98.2 (-7.8).
Top drivers: risk-off / credit stress; policy relief.
Top branch: recession_signal_strengthens (p=0.85)
Path: Risk-off pressure broadens and rates price a deeper slowdown. Tomorrow: 2Y lower, 10Y lower. +1w: curve higher, credit higher. +1m: VIX higher. Transition pressure low.
Leaf scenario: Credit widening intensifies; VIX stays bid"
2014-08,2014,8,policy_constraint,0.4121063614028245,0.20251786230479757,contested,disproportion,flow unwind,policy relief,"steep; bull flattening; 2s10s +1.87%, 3m10y +2.32%, 5s30s +1.46%.","Breakeven 2.12% (-0.15), credit 2.23% (+0.00), VIX avg 13.5, oil 97.9 (+0.0).","Policy pressure eases and front-end rates retrace without a major growth shock. Tomorrow: 2Y lower, 10Y lower. +1w: curve higher, credit lower. +1m: VIX lower. Transition pressure low.",front_end_relief,0.5139426335141231,2014-08-29,"2014-08: Policy Constraint
Month-end: 2014-08-29
Avg regime probability: 0.41
Transition pressure: 0.20 (low)
Expectedness: contested [macro_consistent:52%, mixed:43%, likely_flow_amplified:5%]
Curve: steep; bull flattening; 2s10s +1.87%, 3m10y +2.32%, 5s30s +1.46%.
Market / macro: Breakeven 2.12% (-0.15), credit 2.23% (+0.00), VIX avg 13.5, oil 97.9 (+0.0).
Top drivers: flow unwind; policy relief.
Top branch: front_end_relief (p=0.51)
Path: Policy pressure eases and front-end rates retrace without a major growth shock. Tomorrow: 2Y lower, 10Y lower. +1w: curve higher, credit lower. +1m: VIX lower. Transition pressure low.
Leaf scenario: Data moderation lowers the policy premium; vol declines"
2014-09,2014,9,growth_scare,0.402497632789799,0.23102411248145724,macro_confirmed,disproportion,flow amplification / surprise,risk-off / credit stress,"steep; bear steepening; 2s10s +1.94%, 3m10y +2.50%, 5s30s +1.43%.","Breakeven 1.97% (-0.15), credit 2.29% (+0.06), VIX avg 13.4, oil 91.2 (-6.7).","Risk-off pressure broadens and rates price a deeper slowdown. Tomorrow: 2Y lower, 10Y lower. +1w: curve higher, credit higher. +1m: VIX higher. Transition pressure low.",recession_signal_strengthens,0.5548565449436613,2014-09-30,"2014-09: Growth Scare
Month-end: 2014-09-30
Avg regime probability: 0.40
Transition pressure: 0.23 (low)
Expectedness: macro-confirmed [macro_consistent:45%, mixed:32%, likely_flow_amplified:23%]
Curve: steep; bear steepening; 2s10s +1.94%, 3m10y +2.50%, 5s30s +1.43%.
Market / macro: Breakeven 1.97% (-0.15), credit 2.29% (+0.06), VIX avg 13.4, oil 91.2 (-6.7).
Top drivers: flow amplification / surprise; risk-off / credit stress.
Top branch: recession_signal_strengthens (p=0.55)
Path: Risk-off pressure broadens and rates price a deeper slowdown. Tomorrow: 2Y lower, 10Y lower. +1w: curve higher, credit higher. +1m: VIX higher. Transition pressure low.
Leaf scenario: Credit widening intensifies; VIX stays bid"
2014-10,2014,10,growth_scare,0.39186554906209414,0.2543309478398017,macro_confirmed,disproportion,flow amplification / surprise,inflation / oil impulse,"steep; bull flattening; 2s10s +1.85%, 3m10y +2.34%, 5s30s +1.45%.","Breakeven 1.92% (-0.04), credit 2.39% (+0.08), VIX avg 18.1, oil 80.5 (-10.2).","Risk-off pressure broadens and rates price a deeper slowdown. Tomorrow: 2Y lower, 10Y lower. +1w: curve higher, credit higher. +1m: VIX higher. Transition pressure low.",recession_signal_strengthens,0.38978130812110307,2014-10-31,"2014-10: Growth Scare
Month-end: 2014-10-31
Avg regime probability: 0.39
Transition pressure: 0.25 (low)
Expectedness: macro-confirmed [macro_consistent:61%, mixed:26%, likely_flow_amplified:13%]
Curve: steep; bull flattening; 2s10s +1.85%, 3m10y +2.34%, 5s30s +1.45%.
Market / macro: Breakeven 1.92% (-0.04), credit 2.39% (+0.08), VIX avg 18.1, oil 80.5 (-10.2).
Top drivers: flow amplification / surprise; inflation / oil impulse.
Top branch: recession_signal_strengthens (p=0.39)
Path: Risk-off pressure broadens and rates price a deeper slowdown. Tomorrow: 2Y lower, 10Y lower. +1w: curve higher, credit higher. +1m: VIX higher. Transition pressure low.
Leaf scenario: Credit widening intensifies; VIX stays bid"
2014-11,2014,11,growth_scare,0.4091155190270072,0.16292089985831884,contested,risk,risk-off / credit stress,disinflation / oil fade,"steep; bull flattening; 2s10s +1.71%, 3m10y +2.16%, 5s30s +1.40%.","Breakeven 1.79% (-0.14), credit 2.52% (+0.13), VIX avg 13.3, oil 65.9 (-12.8).","Risk-off pressure broadens and rates price a deeper slowdown. Tomorrow: 2Y lower, 10Y lower. +1w: curve higher, credit higher. +1m: VIX higher. Transition pressure low.",recession_signal_strengthens,0.791585219712258,2014-11-28,"2014-11: Growth Scare
Month-end: 2014-11-28
Avg regime probability: 0.41
Transition pressure: 0.16 (low)
Expectedness: contested [macro_consistent:55%, mixed:35%, likely_flow_amplified:10%]
Curve: steep; bull flattening; 2s10s +1.71%, 3m10y +2.16%, 5s30s +1.40%.
Market / macro: Breakeven 1.79% (-0.14), credit 2.52% (+0.13), VIX avg 13.3, oil 65.9 (-12.8).
Top drivers: risk-off / credit stress; disinflation / oil fade.
Top branch: recession_signal_strengthens (p=0.79)
Path: Risk-off pressure broadens and rates price a deeper slowdown. Tomorrow: 2Y lower, 10Y lower. +1w: curve higher, credit higher. +1m: VIX higher. Transition pressure low.
Leaf scenario: Credit widening intensifies; VIX stays bid"
2014-12,2014,12,policy_constraint,0.4183267668439968,0.2795398942060217,macro_confirmed,risk,risk-off / credit stress,inflation / oil impulse,"steep; mixed repricing; 2s10s +1.50%, 3m10y +2.13%, 5s30s +1.10%.","Breakeven 1.68% (-0.11), credit 2.51% (-0.03), VIX avg 16.2, oil 53.5 (-15.5).","Policy tightness spills into macro damage and market stress broadens. Tomorrow: 2Y lower, 10Y lower. +1w: curve higher, credit higher. +1m: VIX higher. Transition pressure low.",growth_crack_emerges,0.4633225511963001,2014-12-31,"2014-12: Policy Constraint
Month-end: 2014-12-31
Avg regime probability: 0.42
Transition pressure: 0.28 (low)
Expectedness: macro-confirmed [macro_consistent:74%, mixed:13%, likely_flow_amplified:13%]
Curve: steep; mixed repricing; 2s10s +1.50%, 3m10y +2.13%, 5s30s +1.10%.
Market / macro: Breakeven 1.68% (-0.11), credit 2.51% (-0.03), VIX avg 16.2, oil 53.5 (-15.5).
Top drivers: risk-off / credit stress; inflation / oil impulse.
Top branch: growth_crack_emerges (p=0.46)
Path: Policy tightness spills into macro damage and market stress broadens. Tomorrow: 2Y lower, 10Y lower. +1w: curve higher, credit higher. +1m: VIX higher. Transition pressure low.
Leaf scenario: Curve re-steepens on recession pricing; credit cheapens"
2015-01,2015,1,growth_scare,0.45226594734781983,0.24756229690838286,macro_confirmed,risk,risk-off / credit stress,inflation / oil impulse,"moderately steep; bull flattening; 2s10s +1.21%, 3m10y +1.66%, 5s30s +1.07%.","Breakeven 1.65% (-0.03), credit 2.61% (+0.10), VIX avg 19.2, oil 47.8 (-5.7).","Risk-off pressure broadens and rates price a deeper slowdown. Tomorrow: 2Y lower, 10Y lower. +1w: curve higher, credit higher. +1m: VIX higher. Transition pressure low.",recession_signal_strengthens,0.5463354205873149,2015-01-30,"2015-01: Growth Scare
Month-end: 2015-01-30
Avg regime probability: 0.45
Transition pressure: 0.25 (low)
Expectedness: macro-confirmed [macro_consistent:68%, mixed:27%, likely_flow_amplified:5%]
Curve: moderately steep; bull flattening; 2s10s +1.21%, 3m10y +1.66%, 5s30s +1.07%.
Market / macro: Breakeven 1.65% (-0.03), credit 2.61% (+0.10), VIX avg 19.2, oil 47.8 (-5.7).
Top drivers: risk-off / credit stress; inflation / oil impulse.
Top branch: recession_signal_strengthens (p=0.55)
Path: Risk-off pressure broadens and rates price a deeper slowdown. Tomorrow: 2Y lower, 10Y lower. +1w: curve higher, credit higher. +1m: VIX higher. Transition pressure low.
Leaf scenario: Credit widening intensifies; VIX stays bid"
2015-02,2015,2,inflation_shock,0.5240528803924198,0.3174178255873376,macro_confirmed,inflation,inflation / oil impulse,flow unwind,"moderately steep; bear steepening; 2s10s +1.37%, 3m10y +1.98%, 5s30s +1.10%.","Breakeven 1.83% (+0.18), credit 2.46% (-0.15), VIX avg 15.8, oil 49.8 (+0.6).","Inflation remains dominant and front-end repricing extends. Tomorrow: 2Y higher, 10Y higher. +1w: curve lower, credit higher. +1m: VIX higher. Transition pressure low.",inflation_persists,0.5208676584872254,2015-02-27,"2015-02: Inflation Shock
Month-end: 2015-02-27
Avg regime probability: 0.52
Transition pressure: 0.32 (low)
Expectedness: macro-confirmed [macro_consistent:65%, mixed:20%, likely_flow_amplified:15%]
Curve: moderately steep; bear steepening; 2s10s +1.37%, 3m10y +1.98%, 5s30s +1.10%.
Market / macro: Breakeven 1.83% (+0.18), credit 2.46% (-0.15), VIX avg 15.8, oil 49.8 (+0.6).
Top drivers: inflation / oil impulse; flow unwind.
Top branch: inflation_persists (p=0.52)
Path: Inflation remains dominant and front-end repricing extends. Tomorrow: 2Y higher, 10Y higher. +1w: curve lower, credit higher. +1m: VIX higher. Transition pressure low.
Leaf scenario: Energy impulse re-accelerates; breakevens keep grinding higher"
2015-03,2015,3,growth_scare,0.4218547125089207,0.29567174734962914,macro_confirmed,disproportion,flow unwind,inflation / oil impulse,"moderately steep; bull steepening; 2s10s +1.38%, 3m10y +1.91%, 5s30s +1.17%.","Breakeven 1.76% (-0.07), credit 2.55% (+0.07), VIX avg 14.8, oil 47.7 (-1.9).","Risk-off pressure broadens and rates price a deeper slowdown. Tomorrow: 2Y lower, 10Y lower. +1w: curve higher, credit higher. +1m: VIX higher. Transition pressure low.",recession_signal_strengthens,0.4934764560774378,2015-03-31,"2015-03: Growth Scare
Month-end: 2015-03-31
Avg regime probability: 0.42
Transition pressure: 0.30 (low)
Expectedness: macro-confirmed [macro_consistent:64%, mixed:27%, likely_flow_amplified:9%]
Curve: moderately steep; bull steepening; 2s10s +1.38%, 3m10y +1.91%, 5s30s +1.17%.
Market / macro: Breakeven 1.76% (-0.07), credit 2.55% (+0.07), VIX avg 14.8, oil 47.7 (-1.9).
Top drivers: flow unwind; inflation / oil impulse.
Top branch: recession_signal_strengthens (p=0.49)
Path: Risk-off pressure broadens and rates price a deeper slowdown. Tomorrow: 2Y lower, 10Y lower. +1w: curve higher, credit higher. +1m: VIX higher. Transition pressure low.
Leaf scenario: Credit widening intensifies; VIX stays bid"
2015-04,2015,4,inflation_shock,0.4370749847117378,0.21602415221984927,macro_confirmed,disproportion,flow amplification / surprise,risk-off / credit stress,"moderately steep; bear steepening; 2s10s +1.47%, 3m10y +2.04%, 5s30s +1.32%.","Breakeven 1.94% (+0.14), credit 2.60% (+0.05), VIX avg 13.5, oil 59.6 (+9.5).","Inflation remains dominant and front-end repricing extends. Tomorrow: 2Y higher, 10Y higher. +1w: curve lower, credit higher. +1m: VIX higher. Transition pressure low.",inflation_persists,0.5728153579971035,2015-04-30,"2015-04: Inflation Shock
Month-end: 2015-04-30
Avg regime probability: 0.44
Transition pressure: 0.22 (low)
Expectedness: macro-confirmed [macro_consistent:68%, mixed:23%, likely_flow_amplified:9%]
Curve: moderately steep; bear steepening; 2s10s +1.47%, 3m10y +2.04%, 5s30s +1.32%.
Market / macro: Breakeven 1.94% (+0.14), credit 2.60% (+0.05), VIX avg 13.5, oil 59.6 (+9.5).
Top drivers: flow amplification / surprise; risk-off / credit stress.
Top branch: inflation_persists (p=0.57)
Path: Inflation remains dominant and front-end repricing extends. Tomorrow: 2Y higher, 10Y higher. +1w: curve lower, credit higher. +1m: VIX higher. Transition pressure low.
Leaf scenario: Energy impulse re-accelerates; breakevens keep grinding higher"
2015-05,2015,5,growth_scare,0.38488962613937,0.15526148883062743,macro_confirmed,disproportion,flow unwind,inflation / oil impulse,"steep; bear steepening; 2s10s +1.51%, 3m10y +2.11%, 5s30s +1.39%.","Breakeven 1.80% (-0.14), credit 2.72% (+0.11), VIX avg 13.3, oil 60.2 (+1.1).","Growth fears stop worsening and markets move toward a calmer range. Tomorrow: 2Y higher, 10Y higher. +1w: curve flat, credit lower. +1m: VIX lower. Transition pressure low.",stabilization,0.4125197235066269,2015-05-29,"2015-05: Growth Scare
Month-end: 2015-05-29
Avg regime probability: 0.38
Transition pressure: 0.16 (low)
Expectedness: macro-confirmed [macro_consistent:43%, mixed:29%, likely_flow_amplified:29%]
Curve: steep; bear steepening; 2s10s +1.51%, 3m10y +2.11%, 5s30s +1.39%.
Market / macro: Breakeven 1.80% (-0.14), credit 2.72% (+0.11), VIX avg 13.3, oil 60.2 (+1.1).
Top drivers: flow unwind; inflation / oil impulse.
Top branch: stabilization (p=0.41)
Path: Growth fears stop worsening and markets move toward a calmer range. Tomorrow: 2Y higher, 10Y higher. +1w: curve flat, credit lower. +1m: VIX lower. Transition pressure low.
Leaf scenario: Volatility cools; credit stops widening"
2015-06,2015,6,growth_scare,0.41112445105767653,0.20190020052315713,macro_confirmed,transition,regime rotation pressure,risk relief,"steep; bear steepening; 2s10s +1.71%, 3m10y +2.34%, 5s30s +1.48%.","Breakeven 1.87% (+0.07), credit 2.83% (+0.08), VIX avg 14.3, oil 59.5 (-0.8).","Risk-off pressure broadens and rates price a deeper slowdown. Tomorrow: 2Y lower, 10Y lower. +1w: curve higher, credit higher. +1m: VIX higher. Transition pressure low.",recession_signal_strengthens,0.3941289338538468,2015-06-30,"2015-06: Growth Scare
Month-end: 2015-06-30
Avg regime probability: 0.41
Transition pressure: 0.20 (low)
Expectedness: macro-confirmed [macro_consistent:73%, mixed:18%, likely_flow_amplified:9%]
Curve: steep; bear steepening; 2s10s +1.71%, 3m10y +2.34%, 5s30s +1.48%.
Market / macro: Breakeven 1.87% (+0.07), credit 2.83% (+0.08), VIX avg 14.3, oil 59.5 (-0.8).
Top drivers: regime rotation pressure; risk relief.
Top branch: recession_signal_strengthens (p=0.39)
Path: Risk-off pressure broadens and rates price a deeper slowdown. Tomorrow: 2Y lower, 10Y lower. +1w: curve higher, credit higher. +1m: VIX higher. Transition pressure low.
Leaf scenario: Credit widening intensifies; VIX stays bid"
2015-07,2015,7,policy_constraint,0.4253513782139977,0.25284940185730986,contested,risk,risk-off / credit stress,disinflation / oil fade,"steep; mixed repricing; 2s10s +1.53%, 3m10y +2.12%, 5s30s +1.38%.","Breakeven 1.74% (-0.15), credit 2.94% (+0.11), VIX avg 14.5, oil 47.1 (-9.8).","Policy pressure eases and front-end rates retrace without a major growth shock. Tomorrow: 2Y lower, 10Y lower. +1w: curve higher, credit lower. +1m: VIX lower. Transition pressure low.",front_end_relief,0.38215383263621355,2015-07-31,"2015-07: Policy Constraint
Month-end: 2015-07-31
Avg regime probability: 0.43
Transition pressure: 0.25 (low)
Expectedness: contested [macro_consistent:57%, mixed:39%, likely_flow_amplified:4%]
Curve: steep; mixed repricing; 2s10s +1.53%, 3m10y +2.12%, 5s30s +1.38%.
Market / macro: Breakeven 1.74% (-0.15), credit 2.94% (+0.11), VIX avg 14.5, oil 47.1 (-9.8).
Top drivers: risk-off / credit stress; disinflation / oil fade.
Top branch: front_end_relief (p=0.38)
Path: Policy pressure eases and front-end rates retrace without a major growth shock. Tomorrow: 2Y lower, 10Y lower. +1w: curve higher, credit lower. +1m: VIX lower. Transition pressure low.
Leaf scenario: Data moderation lowers the policy premium; vol declines"
2015-08,2015,8,growth_scare,0.6008469901896071,0.25068049417210975,macro_confirmed,disproportion,flow amplification / surprise,inflation / oil impulse,"moderately steep; bear flattening; 2s10s +1.47%, 3m10y +2.13%, 5s30s +1.41%.","Breakeven 1.63% (-0.07), credit 3.15% (+0.23), VIX avg 19.4, oil 49.2 (+4.0).","Risk-off pressure broadens and rates price a deeper slowdown. Tomorrow: 2Y lower, 10Y lower. +1w: curve higher, credit higher. +1m: VIX higher. Transition pressure low.",recession_signal_strengthens,0.5328624480179259,2015-08-31,"2015-08: Growth Scare
Month-end: 2015-08-31
Avg regime probability: 0.60
Transition pressure: 0.25 (low)
Expectedness: macro-confirmed [macro_consistent:57%, mixed:24%, likely_flow_amplified:19%]
Curve: moderately steep; bear flattening; 2s10s +1.47%, 3m10y +2.13%, 5s30s +1.41%.
Market / macro: Breakeven 1.63% (-0.07), credit 3.15% (+0.23), VIX avg 19.4, oil 49.2 (+4.0).
Top drivers: flow amplification / surprise; inflation / oil impulse.
Top branch: recession_signal_strengthens (p=0.53)
Path: Risk-off pressure broadens and rates price a deeper slowdown. Tomorrow: 2Y lower, 10Y lower. +1w: curve higher, credit higher. +1m: VIX higher. Transition pressure low.
Leaf scenario: Credit widening intensifies; VIX stays bid"
2015-09,2015,9,growth_scare,0.4319028187887245,0.3664210498599273,macro_confirmed,transition,regime rotation pressure,inflation / oil impulse,"moderately steep; bull flattening; 2s10s +1.42%, 3m10y +2.06%, 5s30s +1.50%.","Breakeven 1.41% (-0.16), credit 3.29% (+0.11), VIX avg 24.5, oil 45.1 (-0.3).","Risk-off pressure broadens and rates price a deeper slowdown. Tomorrow: 2Y lower, 10Y lower. +1w: curve higher, credit higher. +1m: VIX higher. Transition pressure low.",recession_signal_strengthens,0.4197747931378196,2015-09-30,"2015-09: Growth Scare
Month-end: 2015-09-30
Avg regime probability: 0.43
Transition pressure: 0.37 (low)
Expectedness: macro-confirmed [macro_consistent:68%, mixed:23%, likely_flow_amplified:9%]
Curve: moderately steep; bull flattening; 2s10s +1.42%, 3m10y +2.06%, 5s30s +1.50%.
Market / macro: Breakeven 1.41% (-0.16), credit 3.29% (+0.11), VIX avg 24.5, oil 45.1 (-0.3).
Top drivers: regime rotation pressure; inflation / oil impulse.
Top branch: recession_signal_strengthens (p=0.42)
Path: Risk-off pressure broadens and rates price a deeper slowdown. Tomorrow: 2Y lower, 10Y lower. +1w: curve higher, credit higher. +1m: VIX higher. Transition pressure low.
Leaf scenario: Credit widening intensifies; VIX stays bid"
2015-10,2015,10,inflation_shock,0.43754365335510775,0.19873553026946186,macro_confirmed,transition,regime rotation pressure,flow unwind,"moderately steep; bear flattening; 2s10s +1.41%, 3m10y +2.08%, 5s30s +1.41%.","Breakeven 1.53% (+0.07), credit 3.19% (-0.12), VIX avg 16.8, oil 46.6 (+1.9).","Inflation remains dominant and front-end repricing extends. Tomorrow: 2Y higher, 10Y higher. +1w: curve lower, credit higher. +1m: VIX higher. Transition pressure low.",inflation_persists,0.48830089990027686,2015-10-30,"2015-10: Inflation Shock
Month-end: 2015-10-30
Avg regime probability: 0.44
Transition pressure: 0.20 (low)
Expectedness: macro-confirmed [macro_consistent:73%, mixed:23%, likely_flow_amplified:5%]
Curve: moderately steep; bear flattening; 2s10s +1.41%, 3m10y +2.08%, 5s30s +1.41%.
Market / macro: Breakeven 1.53% (+0.07), credit 3.19% (-0.12), VIX avg 16.8, oil 46.6 (+1.9).
Top drivers: regime rotation pressure; flow unwind.
Top branch: inflation_persists (p=0.49)
Path: Inflation remains dominant and front-end repricing extends. Tomorrow: 2Y higher, 10Y higher. +1w: curve lower, credit higher. +1m: VIX higher. Transition pressure low.
Leaf scenario: Energy impulse re-accelerates; breakevens keep grinding higher"
2015-11,2015,11,policy_constraint,0.4075365681473631,0.18524110163248522,macro_confirmed,disproportion,flow amplification / surprise,hawkish front-end pressure,"moderately steep; bear flattening; 2s10s +1.27%, 3m10y +1.99%, 5s30s +1.33%.","Breakeven 1.59% (+0.04), credit 3.20% (+0.02), VIX avg 16.2, oil 40.4 (-5.7).","The front end remains pinned by policy credibility and restrictive guidance. Tomorrow: 2Y higher, 10Y higher. +1w: curve lower, credit higher. +1m: VIX higher. Transition pressure low.",policy_stays_tight,0.518302741295547,2015-11-30,"2015-11: Policy Constraint
Month-end: 2015-11-30
Avg regime probability: 0.41
Transition pressure: 0.19 (low)
Expectedness: macro-confirmed [macro_consistent:67%, mixed:29%, likely_flow_amplified:5%]
Curve: moderately steep; bear flattening; 2s10s +1.27%, 3m10y +1.99%, 5s30s +1.33%.
Market / macro: Breakeven 1.59% (+0.04), credit 3.20% (+0.02), VIX avg 16.2, oil 40.4 (-5.7).
Top drivers: flow amplification / surprise; hawkish front-end pressure.
Top branch: policy_stays_tight (p=0.52)
Path: The front end remains pinned by policy credibility and restrictive guidance. Tomorrow: 2Y higher, 10Y higher. +1w: curve lower, credit higher. +1m: VIX higher. Transition pressure low.
Leaf scenario: Front-end yields grind higher; curve keeps flattening"
2015-12,2015,12,mixed_transition,0.6548940378926138,0.3627933495824275,macro_confirmed,disproportion,flow unwind,risk-off / credit stress,"moderately steep; bear flattening; 2s10s +1.21%, 3m10y +2.11%, 5s30s +1.25%.","Breakeven 1.54% (-0.03), credit 3.23% (+0.02), VIX avg 17.9, oil 37.1 (-3.4).","A recent move mean-reverts as the initial catalyst loses traction. Tomorrow: 2Y lower, 10Y lower. +1w: curve higher, credit lower. +1m: VIX lower. Transition pressure low.",reversal,0.3598523072548557,2015-12-31,"2015-12: Mixed Transition
Month-end: 2015-12-31
Avg regime probability: 0.65
Transition pressure: 0.36 (low)
Expectedness: macro-confirmed [macro_consistent:57%, mixed:26%, likely_flow_amplified:17%]
Curve: moderately steep; bear flattening; 2s10s +1.21%, 3m10y +2.11%, 5s30s +1.25%.
Market / macro: Breakeven 1.54% (-0.03), credit 3.23% (+0.02), VIX avg 17.9, oil 37.1 (-3.4).
Top drivers: flow unwind; risk-off / credit stress.
Top branch: reversal (p=0.36)
Path: A recent move mean-reverts as the initial catalyst loses traction. Tomorrow: 2Y lower, 10Y lower. +1w: curve higher, credit lower. +1m: VIX lower. Transition pressure low.
Leaf scenario: Positioning unwinds; cross-asset confirmation fades"
2016-01,2016,1,growth_scare,0.5953083063368197,0.32841244987695145,macro_confirmed,disproportion,flow unwind,policy relief,"moderately steep; bull flattening; 2s10s +1.18%, 3m10y +1.61%, 5s30s +1.42%.","Breakeven 1.41% (-0.13), credit 3.48% (+0.25), VIX avg 23.6, oil 33.7 (-3.5).","Growth fears stop worsening and markets move toward a calmer range. Tomorrow: 2Y higher, 10Y higher. +1w: curve flat, credit lower. +1m: VIX lower. Transition pressure low.",stabilization,0.5872331304025576,2016-01-29,"2016-01: Growth Scare
Month-end: 2016-01-29
Avg regime probability: 0.60
Transition pressure: 0.33 (low)
Expectedness: macro-confirmed [macro_consistent:62%, mixed:33%, likely_flow_amplified:5%]
Curve: moderately steep; bull flattening; 2s10s +1.18%, 3m10y +1.61%, 5s30s +1.42%.
Market / macro: Breakeven 1.41% (-0.13), credit 3.48% (+0.25), VIX avg 23.6, oil 33.7 (-3.5).
Top drivers: flow unwind; policy relief.
Top branch: stabilization (p=0.59)
Path: Growth fears stop worsening and markets move toward a calmer range. Tomorrow: 2Y higher, 10Y higher. +1w: curve flat, credit lower. +1m: VIX lower. Transition pressure low.
Leaf scenario: Volatility cools; credit stops widening"
2016-02,2016,2,mixed_transition,0.675575853714108,0.4345780360757029,macro_confirmed,disproportion,flow unwind,inflation / oil impulse,"moderately steep; mixed repricing; 2s10s +0.96%, 3m10y +1.41%, 5s30s +1.39%.","Breakeven 1.42% (+0.02), credit 3.55% (+0.06), VIX avg 22.7, oil 32.7 (+1.1).","A recent move mean-reverts as the initial catalyst loses traction. Tomorrow: 2Y lower, 10Y lower. +1w: curve higher, credit lower. +1m: VIX lower. Transition pressure low.",reversal,0.3839370673311664,2016-02-29,"2016-02: Mixed Transition
Month-end: 2016-02-29
Avg regime probability: 0.68
Transition pressure: 0.43 (low)
Expectedness: macro-confirmed [macro_consistent:62%, mixed:24%, likely_flow_amplified:14%]
Curve: moderately steep; mixed repricing; 2s10s +0.96%, 3m10y +1.41%, 5s30s +1.39%.
Market / macro: Breakeven 1.42% (+0.02), credit 3.55% (+0.06), VIX avg 22.7, oil 32.7 (+1.1).
Top drivers: flow unwind; inflation / oil impulse.
Top branch: reversal (p=0.38)
Path: A recent move mean-reverts as the initial catalyst loses traction. Tomorrow: 2Y lower, 10Y lower. +1w: curve higher, credit lower. +1m: VIX lower. Transition pressure low.
Leaf scenario: Positioning unwinds; cross-asset confirmation fades"
2016-03,2016,3,inflation_shock,0.5543897677880613,0.38960677456517917,macro_confirmed,inflation,disinflation / oil fade,risk-off / credit stress,"moderately steep; mixed repricing; 2s10s +1.05%, 3m10y +1.57%, 5s30s +1.40%.","Breakeven 1.62% (+0.14), credit 3.12% (-0.42), VIX avg 15.8, oil 36.9 (+2.5).","Inflation momentum cools and rates retrace toward a cleaner equilibrium. Tomorrow: 2Y lower, 10Y lower. +1w: curve higher, credit lower. +1m: VIX lower. Transition pressure low.",containment_normalization,0.37799596146430003,2016-03-31,"2016-03: Inflation Shock
Month-end: 2016-03-31
Avg regime probability: 0.55
Transition pressure: 0.39 (low)
Expectedness: macro-confirmed [macro_consistent:78%, mixed:13%, likely_flow_amplified:9%]
Curve: moderately steep; mixed repricing; 2s10s +1.05%, 3m10y +1.57%, 5s30s +1.40%.
Market / macro: Breakeven 1.62% (+0.14), credit 3.12% (-0.42), VIX avg 15.8, oil 36.9 (+2.5).
Top drivers: disinflation / oil fade; risk-off / credit stress.
Top branch: containment_normalization (p=0.38)
Path: Inflation momentum cools and rates retrace toward a cleaner equilibrium. Tomorrow: 2Y lower, 10Y lower. +1w: curve higher, credit lower. +1m: VIX lower. Transition pressure low.
Leaf scenario: Commodity impulse fades; policy credibility improves"
2016-04,2016,4,inflation_shock,0.46398980958411834,0.33436334416713753,macro_confirmed,disproportion,flow unwind,regime rotation pressure,"moderately steep; bear steepening; 2s10s +1.06%, 3m10y +1.61%, 5s30s +1.38%.","Breakeven 1.71% (+0.09), credit 2.86% (-0.24), VIX avg 14.3, oil 46.0 (+10.6).","Inflation momentum cools and rates retrace toward a cleaner equilibrium. Tomorrow: 2Y lower, 10Y lower. +1w: curve higher, credit lower. +1m: VIX lower. Transition pressure low.",containment_normalization,0.4217179226650397,2016-04-29,"2016-04: Inflation Shock
Month-end: 2016-04-29
Avg regime probability: 0.46
Transition pressure: 0.33 (low)
Expectedness: macro-confirmed [macro_consistent:81%, mixed:19%, likely_flow_amplified:0%]
Curve: moderately steep; bear steepening; 2s10s +1.06%, 3m10y +1.61%, 5s30s +1.38%.
Market / macro: Breakeven 1.71% (+0.09), credit 2.86% (-0.24), VIX avg 14.3, oil 46.0 (+10.6).
Top drivers: flow unwind; regime rotation pressure.
Top branch: containment_normalization (p=0.42)
Path: Inflation momentum cools and rates retrace toward a cleaner equilibrium. Tomorrow: 2Y lower, 10Y lower. +1w: curve higher, credit lower. +1m: VIX lower. Transition pressure low.
Leaf scenario: Commodity impulse fades; policy credibility improves"
2016-05,2016,5,policy_constraint,0.41413243988232856,0.1605407648076334,contested,inflation,disinflation / oil fade,flow unwind,"moderately steep; bear flattening; 2s10s +0.97%, 3m10y +1.50%, 5s30s +1.27%.","Breakeven 1.54% (-0.14), credit 2.84% (-0.02), VIX avg 14.8, oil 49.1 (+4.4).","Policy pressure eases and front-end rates retrace without a major growth shock. Tomorrow: 2Y lower, 10Y lower. +1w: curve higher, credit lower. +1m: VIX lower. Transition pressure low.",front_end_relief,0.47445063513319974,2016-05-31,"2016-05: Policy Constraint
Month-end: 2016-05-31
Avg regime probability: 0.41
Transition pressure: 0.16 (low)
Expectedness: contested [macro_consistent:50%, mixed:36%, likely_flow_amplified:14%]
Curve: moderately steep; bear flattening; 2s10s +0.97%, 3m10y +1.50%, 5s30s +1.27%.
Market / macro: Breakeven 1.54% (-0.14), credit 2.84% (-0.02), VIX avg 14.8, oil 49.1 (+4.4).
Top drivers: disinflation / oil fade; flow unwind.
Top branch: front_end_relief (p=0.47)
Path: Policy pressure eases and front-end rates retrace without a major growth shock. Tomorrow: 2Y lower, 10Y lower. +1w: curve higher, credit lower. +1m: VIX lower. Transition pressure low.
Leaf scenario: Data moderation lowers the policy premium; vol declines"
2016-06,2016,6,growth_scare,0.5172372067921581,0.24609442275257856,macro_confirmed,disproportion,flow unwind,policy relief,"moderately steep; bull flattening; 2s10s +0.91%, 3m10y +1.23%, 5s30s +1.29%.","Breakeven 1.40% (-0.14), credit 2.92% (+0.10), VIX avg 17.8, oil 48.3 (-0.8).","Risk-off pressure broadens and rates price a deeper slowdown. Tomorrow: 2Y lower, 10Y lower. +1w: curve higher, credit higher. +1m: VIX higher. Transition pressure low.",recession_signal_strengthens,0.4997320750437562,2016-06-30,"2016-06: Growth Scare
Month-end: 2016-06-30
Avg regime probability: 0.52
Transition pressure: 0.25 (low)
Expectedness: macro-confirmed [macro_consistent:68%, mixed:27%, likely_flow_amplified:5%]
Curve: moderately steep; bull flattening; 2s10s +0.91%, 3m10y +1.23%, 5s30s +1.29%.
Market / macro: Breakeven 1.40% (-0.14), credit 2.92% (+0.10), VIX avg 17.8, oil 48.3 (-0.8).
Top drivers: flow unwind; policy relief.
Top branch: recession_signal_strengthens (p=0.50)
Path: Risk-off pressure broadens and rates price a deeper slowdown. Tomorrow: 2Y lower, 10Y lower. +1w: curve higher, credit higher. +1m: VIX higher. Transition pressure low.
Leaf scenario: Credit widening intensifies; VIX stays bid"
2016-07,2016,7,policy_constraint,0.4283015027433711,0.22266602565778187,macro_confirmed,disproportion,flow unwind,policy relief,"moderately steep; mixed repricing; 2s10s +0.79%, 3m10y +1.18%, 5s30s +1.15%.","Breakeven 1.49% (+0.06), credit 2.71% (-0.15), VIX avg 13.2, oil 41.5 (-7.5).","Policy pressure eases and front-end rates retrace without a major growth shock. Tomorrow: 2Y lower, 10Y lower. +1w: curve higher, credit lower. +1m: VIX lower. Transition pressure low.",front_end_relief,0.5660790232315579,2016-07-29,"2016-07: Policy Constraint
Month-end: 2016-07-29
Avg regime probability: 0.43
Transition pressure: 0.22 (low)
Expectedness: macro-confirmed [macro_consistent:76%, mixed:24%, likely_flow_amplified:0%]
Curve: moderately steep; mixed repricing; 2s10s +0.79%, 3m10y +1.18%, 5s30s +1.15%.
Market / macro: Breakeven 1.49% (+0.06), credit 2.71% (-0.15), VIX avg 13.2, oil 41.5 (-7.5).
Top drivers: flow unwind; policy relief.
Top branch: front_end_relief (p=0.57)
Path: Policy pressure eases and front-end rates retrace without a major growth shock. Tomorrow: 2Y lower, 10Y lower. +1w: curve higher, credit lower. +1m: VIX lower. Transition pressure low.
Leaf scenario: Data moderation lowers the policy premium; vol declines"
2016-08,2016,8,mixed_transition,0.5794941006949691,0.12595871549802054,contested,transition,regime rotation pressure,disinflation / oil fade,"moderately steep; bear flattening; 2s10s +0.78%, 3m10y +1.25%, 5s30s +1.04%.","Breakeven 1.47% (+0.01), credit 2.61% (-0.12), VIX avg 12.4, oil 44.7 (+4.6).","The system stabilizes and daily moves fade into a tighter range. Tomorrow: 2Y lower, 10Y lower. +1w: curve higher, credit lower. +1m: VIX lower. Transition pressure low.",containment,0.35242071746797093,2016-08-31,"2016-08: Mixed Transition
Month-end: 2016-08-31
Avg regime probability: 0.58
Transition pressure: 0.13 (low)
Expectedness: contested [macro_consistent:39%, mixed:43%, likely_flow_amplified:17%]
Curve: moderately steep; bear flattening; 2s10s +0.78%, 3m10y +1.25%, 5s30s +1.04%.
Market / macro: Breakeven 1.47% (+0.01), credit 2.61% (-0.12), VIX avg 12.4, oil 44.7 (+4.6).
Top drivers: regime rotation pressure; disinflation / oil fade.
Top branch: containment (p=0.35)
Path: The system stabilizes and daily moves fade into a tighter range. Tomorrow: 2Y lower, 10Y lower. +1w: curve higher, credit lower. +1m: VIX lower. Transition pressure low.
Leaf scenario: Market internals calm; scenario dispersion compresses"
2016-09,2016,9,mixed_transition,0.6225322574824096,0.23704008489461248,contested,disproportion,flow amplification / surprise,inflation / oil impulse,"moderately steep; mixed repricing; 2s10s +0.83%, 3m10y +1.31%, 5s30s +1.18%.","Breakeven 1.60% (+0.15), credit 2.69% (+0.07), VIX avg 14.1, oil 47.7 (+4.5).","Existing moves extend as positioning and narrative momentum reinforce one another. Tomorrow: 2Y higher, 10Y higher. +1w: curve lower, credit higher. +1m: VIX higher. Transition pressure low.",amplification,0.768756317761608,2016-09-30,"2016-09: Mixed Transition
Month-end: 2016-09-30
Avg regime probability: 0.62
Transition pressure: 0.24 (low)
Expectedness: contested [macro_consistent:45%, mixed:36%, likely_flow_amplified:18%]
Curve: moderately steep; mixed repricing; 2s10s +0.83%, 3m10y +1.31%, 5s30s +1.18%.
Market / macro: Breakeven 1.60% (+0.15), credit 2.69% (+0.07), VIX avg 14.1, oil 47.7 (+4.5).
Top drivers: flow amplification / surprise; inflation / oil impulse.
Top branch: amplification (p=0.77)
Path: Existing moves extend as positioning and narrative momentum reinforce one another. Tomorrow: 2Y higher, 10Y higher. +1w: curve lower, credit higher. +1m: VIX higher. Transition pressure low.
Leaf scenario: Move broadens across rates and risk; flow pressure stays elevated"
2016-10,2016,10,inflation_shock,0.412847008517208,0.15730089696677035,macro_confirmed,disproportion,flow amplification / surprise,risk-off / credit stress,"moderately steep; bear steepening; 2s10s +0.98%, 3m10y +1.50%, 5s30s +1.27%.","Breakeven 1.73% (+0.10), credit 2.61% (-0.05), VIX avg 14.6, oil 46.8 (-2.0).","Inflation remains dominant and front-end repricing extends. Tomorrow: 2Y higher, 10Y higher. +1w: curve lower, credit higher. +1m: VIX higher. Transition pressure low.",inflation_persists,0.4187009975515092,2016-10-31,"2016-10: Inflation Shock
Month-end: 2016-10-31
Avg regime probability: 0.41
Transition pressure: 0.16 (low)
Expectedness: macro-confirmed [macro_consistent:67%, mixed:24%, likely_flow_amplified:10%]
Curve: moderately steep; bear steepening; 2s10s +0.98%, 3m10y +1.50%, 5s30s +1.27%.
Market / macro: Breakeven 1.73% (+0.10), credit 2.61% (-0.05), VIX avg 14.6, oil 46.8 (-2.0).
Top drivers: flow amplification / surprise; risk-off / credit stress.
Top branch: inflation_persists (p=0.42)
Path: Inflation remains dominant and front-end repricing extends. Tomorrow: 2Y higher, 10Y higher. +1w: curve lower, credit higher. +1m: VIX higher. Transition pressure low.
Leaf scenario: Energy impulse re-accelerates; breakevens keep grinding higher"
2016-11,2016,11,inflation_shock,0.5342306419547157,0.22272357669502618,macro_confirmed,inflation,inflation / oil impulse,regime rotation pressure,"moderately steep; bear steepening; 2s10s +1.26%, 3m10y +1.89%, 5s30s +1.19%.","Breakeven 1.94% (+0.22), credit 2.45% (-0.16), VIX avg 15.1, oil 49.4 (+2.8).","Inflation remains dominant and front-end repricing extends. Tomorrow: 2Y higher, 10Y higher. +1w: curve lower, credit higher. +1m: VIX higher. Transition pressure low.",inflation_persists,0.707315610212123,2016-11-30,"2016-11: Inflation Shock
Month-end: 2016-11-30
Avg regime probability: 0.53
Transition pressure: 0.22 (low)
Expectedness: macro-confirmed [macro_consistent:59%, mixed:27%, likely_flow_amplified:14%]
Curve: moderately steep; bear steepening; 2s10s +1.26%, 3m10y +1.89%, 5s30s +1.19%.
Market / macro: Breakeven 1.94% (+0.22), credit 2.45% (-0.16), VIX avg 15.1, oil 49.4 (+2.8).
Top drivers: inflation / oil impulse; regime rotation pressure.
Top branch: inflation_persists (p=0.71)
Path: Inflation remains dominant and front-end repricing extends. Tomorrow: 2Y higher, 10Y higher. +1w: curve lower, credit higher. +1m: VIX higher. Transition pressure low.
Leaf scenario: Energy impulse re-accelerates; breakevens keep grinding higher"
2016-12,2016,12,inflation_shock,0.39184909890275266,0.19385410053194094,macro_confirmed,risk,risk-off / credit stress,flow unwind,"moderately steep; bear flattening; 2s10s +1.25%, 3m10y +1.94%, 5s30s +1.13%.","Breakeven 1.95% (-0.02), credit 2.28% (-0.14), VIX avg 12.4, oil 53.8 (+2.7).","Inflation remains dominant and front-end repricing extends. Tomorrow: 2Y higher, 10Y higher. +1w: curve lower, credit higher. +1m: VIX higher. Transition pressure low.",inflation_persists,0.39710958280667613,2016-12-30,"2016-12: Inflation Shock
Month-end: 2016-12-30
Avg regime probability: 0.39
Transition pressure: 0.19 (low)
Expectedness: macro-confirmed [macro_consistent:77%, mixed:9%, likely_flow_amplified:14%]
Curve: moderately steep; bear flattening; 2s10s +1.25%, 3m10y +1.94%, 5s30s +1.13%.
Market / macro: Breakeven 1.95% (-0.02), credit 2.28% (-0.14), VIX avg 12.4, oil 53.8 (+2.7).
Top drivers: risk-off / credit stress; flow unwind.
Top branch: inflation_persists (p=0.40)
Path: Inflation remains dominant and front-end repricing extends. Tomorrow: 2Y higher, 10Y higher. +1w: curve lower, credit higher. +1m: VIX higher. Transition pressure low.
Leaf scenario: Energy impulse re-accelerates; breakevens keep grinding higher"
2017-01,2017,1,inflation_shock,0.3915683883106179,0.11960855330306629,macro_confirmed,disproportion,flow unwind,disinflation / oil fade,"moderately steep; bull steepening; 2s10s +1.26%, 3m10y +1.93%, 5s30s +1.15%.","Breakeven 2.05% (+0.10), credit 2.23% (-0.05), VIX avg 11.7, oil 52.8 (-1.0).","Inflation momentum cools and rates retrace toward a cleaner equilibrium. Tomorrow: 2Y lower, 10Y lower. +1w: curve higher, credit lower. +1m: VIX lower. Transition pressure low.",containment_normalization,0.3670386182041843,2017-01-31,"2017-01: Inflation Shock
Month-end: 2017-01-31
Avg regime probability: 0.39
Transition pressure: 0.12 (low)
Expectedness: macro-confirmed [macro_consistent:64%, mixed:27%, likely_flow_amplified:9%]
Curve: moderately steep; bull steepening; 2s10s +1.26%, 3m10y +1.93%, 5s30s +1.15%.
Market / macro: Breakeven 2.05% (+0.10), credit 2.23% (-0.05), VIX avg 11.7, oil 52.8 (-1.0).
Top drivers: flow unwind; disinflation / oil fade.
Top branch: containment_normalization (p=0.37)
Path: Inflation momentum cools and rates retrace toward a cleaner equilibrium. Tomorrow: 2Y lower, 10Y lower. +1w: curve higher, credit lower. +1m: VIX lower. Transition pressure low.
Leaf scenario: Commodity impulse fades; policy credibility improves"
2017-02,2017,2,policy_constraint,0.377753951583482,0.11173347623984568,macro_confirmed,disproportion,flow amplification / surprise,hawkish front-end pressure,"moderately steep; mixed repricing; 2s10s +1.14%, 3m10y +1.83%, 5s30s +1.08%.","Breakeven 2.02% (-0.03), credit 2.19% (-0.04), VIX avg 11.5, oil 54.0 (+0.1).","The front end remains pinned by policy credibility and restrictive guidance. Tomorrow: 2Y higher, 10Y higher. +1w: curve lower, credit higher. +1m: VIX higher. Transition pressure low.",policy_stays_tight,0.5014863127226343,2017-02-28,"2017-02: Policy Constraint
Month-end: 2017-02-28
Avg regime probability: 0.38
Transition pressure: 0.11 (low)
Expectedness: macro-confirmed [macro_consistent:60%, mixed:30%, likely_flow_amplified:10%]
Curve: moderately steep; mixed repricing; 2s10s +1.14%, 3m10y +1.83%, 5s30s +1.08%.
Market / macro: Breakeven 2.02% (-0.03), credit 2.19% (-0.04), VIX avg 11.5, oil 54.0 (+0.1).
Top drivers: flow amplification / surprise; hawkish front-end pressure.
Top branch: policy_stays_tight (p=0.50)
Path: The front end remains pinned by policy credibility and restrictive guidance. Tomorrow: 2Y higher, 10Y higher. +1w: curve lower, credit higher. +1m: VIX higher. Transition pressure low.
Leaf scenario: Front-end yields grind higher; curve keeps flattening"
2017-03,2017,3,policy_constraint,0.3584656863279929,0.12024254246090847,macro_confirmed,risk,risk-off / credit stress,inflation / oil impulse,"moderately steep; bear flattening; 2s10s +1.13%, 3m10y +1.64%, 5s30s +1.09%.","Breakeven 1.97% (-0.06), credit 2.24% (+0.06), VIX avg 11.9, oil 50.5 (-3.3).","The front end remains pinned by policy credibility and restrictive guidance. Tomorrow: 2Y higher, 10Y higher. +1w: curve lower, credit higher. +1m: VIX higher. Transition pressure low.",policy_stays_tight,0.38269933719517063,2017-03-31,"2017-03: Policy Constraint
Month-end: 2017-03-31
Avg regime probability: 0.36
Transition pressure: 0.12 (low)
Expectedness: macro-confirmed [macro_consistent:70%, mixed:22%, likely_flow_amplified:9%]
Curve: moderately steep; bear flattening; 2s10s +1.13%, 3m10y +1.64%, 5s30s +1.09%.
Market / macro: Breakeven 1.97% (-0.06), credit 2.24% (+0.06), VIX avg 11.9, oil 50.5 (-3.3).
Top drivers: risk-off / credit stress; inflation / oil impulse.
Top branch: policy_stays_tight (p=0.38)
Path: The front end remains pinned by policy credibility and restrictive guidance. Tomorrow: 2Y higher, 10Y higher. +1w: curve lower, credit higher. +1m: VIX higher. Transition pressure low.
Leaf scenario: Front-end yields grind higher; curve keeps flattening"
2017-04,2017,4,policy_constraint,0.37993126094689195,0.1365557047277774,contested,disproportion,flow amplification / surprise,hawkish front-end pressure,"moderately steep; mixed repricing; 2s10s +1.01%, 3m10y +1.49%, 5s30s +1.15%.","Breakeven 1.92% (-0.04), credit 2.28% (+0.02), VIX avg 13.3, oil 49.3 (-0.9).","The front end remains pinned by policy credibility and restrictive guidance. Tomorrow: 2Y higher, 10Y higher. +1w: curve lower, credit higher. +1m: VIX higher. Transition pressure low.",policy_stays_tight,0.5832776399900221,2017-04-28,"2017-04: Policy Constraint
Month-end: 2017-04-28
Avg regime probability: 0.38
Transition pressure: 0.14 (low)
Expectedness: contested [macro_consistent:65%, mixed:35%, likely_flow_amplified:0%]
Curve: moderately steep; mixed repricing; 2s10s +1.01%, 3m10y +1.49%, 5s30s +1.15%.
Market / macro: Breakeven 1.92% (-0.04), credit 2.28% (+0.02), VIX avg 13.3, oil 49.3 (-0.9).
Top drivers: flow amplification / surprise; hawkish front-end pressure.
Top branch: policy_stays_tight (p=0.58)
Path: The front end remains pinned by policy credibility and restrictive guidance. Tomorrow: 2Y higher, 10Y higher. +1w: curve lower, credit higher. +1m: VIX higher. Transition pressure low.
Leaf scenario: Front-end yields grind higher; curve keeps flattening"
2017-05,2017,5,policy_constraint,0.37463012593978656,0.20156781690661932,macro_confirmed,disproportion,flow unwind,risk relief,"moderately steep; bull flattening; 2s10s +0.93%, 3m10y +1.23%, 5s30s +1.12%.","Breakeven 1.81% (-0.11), credit 2.23% (-0.06), VIX avg 10.8, oil 48.3 (-0.5).","Policy pressure eases and front-end rates retrace without a major growth shock. Tomorrow: 2Y lower, 10Y lower. +1w: curve higher, credit lower. +1m: VIX lower. Transition pressure low.",front_end_relief,0.39399410610787766,2017-05-31,"2017-05: Policy Constraint
Month-end: 2017-05-31
Avg regime probability: 0.37
Transition pressure: 0.20 (low)
Expectedness: macro-confirmed [macro_consistent:74%, mixed:13%, likely_flow_amplified:13%]
Curve: moderately steep; bull flattening; 2s10s +0.93%, 3m10y +1.23%, 5s30s +1.12%.
Market / macro: Breakeven 1.81% (-0.11), credit 2.23% (-0.06), VIX avg 10.8, oil 48.3 (-0.5).
Top drivers: flow unwind; risk relief.
Top branch: front_end_relief (p=0.39)
Path: Policy pressure eases and front-end rates retrace without a major growth shock. Tomorrow: 2Y lower, 10Y lower. +1w: curve higher, credit lower. +1m: VIX lower. Transition pressure low.
Leaf scenario: Data moderation lowers the policy premium; vol declines"
2017-06,2017,6,policy_constraint,0.3916577101730752,0.1472349109487688,macro_confirmed,disproportion,flow unwind,risk relief,"moderately steep; bear steepening; 2s10s +0.93%, 3m10y +1.28%, 5s30s +0.95%.","Breakeven 1.73% (-0.08), credit 2.09% (-0.15), VIX avg 10.5, oil 46.0 (-2.3).","Policy pressure eases and front-end rates retrace without a major growth shock. Tomorrow: 2Y lower, 10Y lower. +1w: curve higher, credit lower. +1m: VIX lower. Transition pressure low.",front_end_relief,0.4780816818625466,2017-06-30,"2017-06: Policy Constraint
Month-end: 2017-06-30
Avg regime probability: 0.39
Transition pressure: 0.15 (low)
Expectedness: macro-confirmed [macro_consistent:45%, mixed:32%, likely_flow_amplified:23%]
Curve: moderately steep; bear steepening; 2s10s +0.93%, 3m10y +1.28%, 5s30s +0.95%.
Market / macro: Breakeven 1.73% (-0.08), credit 2.09% (-0.15), VIX avg 10.5, oil 46.0 (-2.3).
Top drivers: flow unwind; risk relief.
Top branch: front_end_relief (p=0.48)
Path: Policy pressure eases and front-end rates retrace without a major growth shock. Tomorrow: 2Y lower, 10Y lower. +1w: curve higher, credit lower. +1m: VIX lower. Transition pressure low.
Leaf scenario: Data moderation lowers the policy premium; vol declines"
2017-07,2017,7,inflation_shock,0.39899299269569827,0.13871504902651358,macro_confirmed,disproportion,flow amplification / surprise,risk-off / credit stress,"moderately steep; bull steepening; 2s10s +0.96%, 3m10y +1.23%, 5s30s +1.05%.","Breakeven 1.82% (+0.07), credit 2.06% (-0.01), VIX avg 10.3, oil 50.2 (+4.2).","Inflation remains dominant and front-end repricing extends. Tomorrow: 2Y higher, 10Y higher. +1w: curve lower, credit higher. +1m: VIX higher. Transition pressure low.",inflation_persists,0.45631254957261136,2017-07-31,"2017-07: Inflation Shock
Month-end: 2017-07-31
Avg regime probability: 0.40
Transition pressure: 0.14 (low)
Expectedness: macro-confirmed [macro_consistent:67%, mixed:24%, likely_flow_amplified:10%]
Curve: moderately steep; bull steepening; 2s10s +0.96%, 3m10y +1.23%, 5s30s +1.05%.
Market / macro: Breakeven 1.82% (+0.07), credit 2.06% (-0.01), VIX avg 10.3, oil 50.2 (+4.2).
Top drivers: flow amplification / surprise; risk-off / credit stress.
Top branch: inflation_persists (p=0.46)
Path: Inflation remains dominant and front-end repricing extends. Tomorrow: 2Y higher, 10Y higher. +1w: curve lower, credit higher. +1m: VIX higher. Transition pressure low.
Leaf scenario: Energy impulse re-accelerates; breakevens keep grinding higher"
2017-08,2017,8,growth_scare,0.39283362273581784,0.2875104566700394,contested,risk,risk relief,flow unwind,"moderately steep; bull flattening; 2s10s +0.79%, 3m10y +1.11%, 5s30s +1.03%.","Breakeven 1.76% (-0.03), credit 2.14% (+0.08), VIX avg 12.0, oil 47.3 (-1.9).","Growth fears stop worsening and markets move toward a calmer range. Tomorrow: 2Y higher, 10Y higher. +1w: curve flat, credit lower. +1m: VIX lower. Transition pressure low.",stabilization,0.40471353382953984,2017-08-31,"2017-08: Growth Scare
Month-end: 2017-08-31
Avg regime probability: 0.39
Transition pressure: 0.29 (low)
Expectedness: contested [macro_consistent:52%, mixed:39%, likely_flow_amplified:9%]
Curve: moderately steep; bull flattening; 2s10s +0.79%, 3m10y +1.11%, 5s30s +1.03%.
Market / macro: Breakeven 1.76% (-0.03), credit 2.14% (+0.08), VIX avg 12.0, oil 47.3 (-1.9).
Top drivers: risk relief; flow unwind.
Top branch: stabilization (p=0.40)
Path: Growth fears stop worsening and markets move toward a calmer range. Tomorrow: 2Y higher, 10Y higher. +1w: curve flat, credit lower. +1m: VIX lower. Transition pressure low.
Leaf scenario: Volatility cools; credit stops widening"
2017-09,2017,9,inflation_shock,0.4411077406710733,0.20061992786790556,macro_confirmed,risk,risk relief,disinflation / oil fade,"moderately steep; bear steepening; 2s10s +0.86%, 3m10y +1.27%, 5s30s +0.94%.","Breakeven 1.84% (+0.05), credit 2.00% (-0.15), VIX avg 10.4, oil 51.7 (+4.4).","Inflation remains dominant and front-end repricing extends. Tomorrow: 2Y higher, 10Y higher. +1w: curve lower, credit higher. +1m: VIX higher. Transition pressure low.",inflation_persists,0.45741479444452976,2017-09-29,"2017-09: Inflation Shock
Month-end: 2017-09-29
Avg regime probability: 0.44
Transition pressure: 0.20 (low)
Expectedness: macro-confirmed [macro_consistent:67%, mixed:29%, likely_flow_amplified:5%]
Curve: moderately steep; bear steepening; 2s10s +0.86%, 3m10y +1.27%, 5s30s +0.94%.
Market / macro: Breakeven 1.84% (+0.05), credit 2.00% (-0.15), VIX avg 10.4, oil 51.7 (+4.4).
Top drivers: risk relief; disinflation / oil fade.
Top branch: inflation_persists (p=0.46)
Path: Inflation remains dominant and front-end repricing extends. Tomorrow: 2Y higher, 10Y higher. +1w: curve lower, credit higher. +1m: VIX higher. Transition pressure low.
Leaf scenario: Energy impulse re-accelerates; breakevens keep grinding higher"
2017-10,2017,10,mixed_transition,0.5742079796456021,0.14054228898979113,macro_confirmed,disproportion,flow amplification / surprise,risk relief,"moderately steep; bear flattening; 2s10s +0.78%, 3m10y +1.23%, 5s30s +0.87%.","Breakeven 1.88% (+0.05), credit 1.91% (-0.08), VIX avg 10.1, oil 54.4 (+3.8).","Existing moves extend as positioning and narrative momentum reinforce one another. Tomorrow: 2Y higher, 10Y higher. +1w: curve lower, credit higher. +1m: VIX higher. Transition pressure low.",amplification,0.44568126392124363,2017-10-31,"2017-10: Mixed Transition
Month-end: 2017-10-31
Avg regime probability: 0.57
Transition pressure: 0.14 (low)
Expectedness: macro-confirmed [macro_consistent:77%, mixed:0%, likely_flow_amplified:23%]
Curve: moderately steep; bear flattening; 2s10s +0.78%, 3m10y +1.23%, 5s30s +0.87%.
Market / macro: Breakeven 1.88% (+0.05), credit 1.91% (-0.08), VIX avg 10.1, oil 54.4 (+3.8).
Top drivers: flow amplification / surprise; risk relief.
Top branch: amplification (p=0.45)
Path: Existing moves extend as positioning and narrative momentum reinforce one another. Tomorrow: 2Y higher, 10Y higher. +1w: curve lower, credit higher. +1m: VIX higher. Transition pressure low.
Leaf scenario: Move broadens across rates and risk; flow pressure stays elevated"
2017-11,2017,11,policy_constraint,0.40477067164354325,0.1466797511639809,macro_confirmed,disproportion,flow unwind,policy relief,"moderately steep; bear flattening; 2s10s +0.64%, 3m10y +1.15%, 5s30s +0.69%.","Breakeven 1.86% (-0.02), credit 1.88% (-0.04), VIX avg 10.5, oil 57.4 (+3.1).","Policy pressure eases and front-end rates retrace without a major growth shock. Tomorrow: 2Y lower, 10Y lower. +1w: curve higher, credit lower. +1m: VIX lower. Transition pressure low.",front_end_relief,0.5061716007908652,2017-11-30,"2017-11: Policy Constraint
Month-end: 2017-11-30
Avg regime probability: 0.40
Transition pressure: 0.15 (low)
Expectedness: macro-confirmed [macro_consistent:64%, mixed:18%, likely_flow_amplified:18%]
Curve: moderately steep; bear flattening; 2s10s +0.64%, 3m10y +1.15%, 5s30s +0.69%.
Market / macro: Breakeven 1.86% (-0.02), credit 1.88% (-0.04), VIX avg 10.5, oil 57.4 (+3.1).
Top drivers: flow unwind; policy relief.
Top branch: front_end_relief (p=0.51)
Path: Policy pressure eases and front-end rates retrace without a major growth shock. Tomorrow: 2Y lower, 10Y lower. +1w: curve higher, credit lower. +1m: VIX lower. Transition pressure low.
Leaf scenario: Data moderation lowers the policy premium; vol declines"
2017-12,2017,12,mixed_transition,0.568521107127594,0.13943926009840307,macro_confirmed,risk,risk-off / credit stress,flow unwind,"moderately steep; mixed repricing; 2s10s +0.51%, 3m10y +1.01%, 5s30s +0.54%.","Breakeven 1.96% (+0.10), credit 1.77% (-0.10), VIX avg 10.2, oil 60.5 (+2.1).","Existing moves extend as positioning and narrative momentum reinforce one another. Tomorrow: 2Y higher, 10Y higher. +1w: curve lower, credit higher. +1m: VIX higher. Transition pressure low.",amplification,0.35781138622115066,2017-12-29,"2017-12: Mixed Transition
Month-end: 2017-12-29
Avg regime probability: 0.57
Transition pressure: 0.14 (low)
Expectedness: macro-confirmed [macro_consistent:62%, mixed:24%, likely_flow_amplified:14%]
Curve: moderately steep; mixed repricing; 2s10s +0.51%, 3m10y +1.01%, 5s30s +0.54%.
Market / macro: Breakeven 1.96% (+0.10), credit 1.77% (-0.10), VIX avg 10.2, oil 60.5 (+2.1).
Top drivers: risk-off / credit stress; flow unwind.
Top branch: amplification (p=0.36)
Path: Existing moves extend as positioning and narrative momentum reinforce one another. Tomorrow: 2Y higher, 10Y higher. +1w: curve lower, credit higher. +1m: VIX higher. Transition pressure low.
Leaf scenario: Move broadens across rates and risk; flow pressure stays elevated"
2018-01,2018,1,inflation_shock,0.4477883283608391,0.1836238820618889,macro_confirmed,disproportion,flow unwind,risk relief,"moderately steep; bear steepening; 2s10s +0.58%, 3m10y +1.26%, 5s30s +0.43%.","Breakeven 2.11% (+0.15), credit 1.56% (-0.21), VIX avg 11.0, oil 64.8 (+4.4).","Inflation remains dominant and front-end repricing extends. Tomorrow: 2Y higher, 10Y higher. +1w: curve lower, credit higher. +1m: VIX higher. Transition pressure low.",inflation_persists,0.5199629112659786,2018-01-31,"2018-01: Inflation Shock
Month-end: 2018-01-31
Avg regime probability: 0.45
Transition pressure: 0.18 (low)
Expectedness: macro-confirmed [macro_consistent:52%, mixed:30%, likely_flow_amplified:17%]
Curve: moderately steep; bear steepening; 2s10s +0.58%, 3m10y +1.26%, 5s30s +0.43%.
Market / macro: Breakeven 2.11% (+0.15), credit 1.56% (-0.21), VIX avg 11.0, oil 64.8 (+4.4).
Top drivers: flow unwind; risk relief.
Top branch: inflation_persists (p=0.52)
Path: Inflation remains dominant and front-end repricing extends. Tomorrow: 2Y higher, 10Y higher. +1w: curve lower, credit higher. +1m: VIX higher. Transition pressure low.
Leaf scenario: Energy impulse re-accelerates; breakevens keep grinding higher"
2018-02,2018,2,growth_scare,0.5163930468543054,0.3593728326627804,macro_confirmed,disproportion,flow unwind,disinflation / oil fade,"moderately steep; bear steepening; 2s10s +0.62%, 3m10y +1.22%, 5s30s +0.48%.","Breakeven 2.12% (+0.01), credit 1.68% (+0.12), VIX avg 22.3, oil 61.4 (-4.5).","Risk-off pressure broadens and rates price a deeper slowdown. Tomorrow: 2Y lower, 10Y lower. +1w: curve higher, credit higher. +1m: VIX higher. Transition pressure low.",recession_signal_strengthens,0.5480069431815022,2018-02-28,"2018-02: Growth Scare
Month-end: 2018-02-28
Avg regime probability: 0.52
Transition pressure: 0.36 (low)
Expectedness: macro-confirmed [macro_consistent:55%, mixed:20%, likely_flow_amplified:25%]
Curve: moderately steep; bear steepening; 2s10s +0.62%, 3m10y +1.22%, 5s30s +0.48%.
Market / macro: Breakeven 2.12% (+0.01), credit 1.68% (+0.12), VIX avg 22.3, oil 61.4 (-4.5).
Top drivers: flow unwind; disinflation / oil fade.
Top branch: recession_signal_strengthens (p=0.55)
Path: Risk-off pressure broadens and rates price a deeper slowdown. Tomorrow: 2Y lower, 10Y lower. +1w: curve higher, credit higher. +1m: VIX higher. Transition pressure low.
Leaf scenario: Credit widening intensifies; VIX stays bid"
2018-03,2018,3,growth_scare,0.40618687632029193,0.21671943626260973,contested,transition,regime rotation pressure,flow amplification / surprise,"flat / mildly positive; mixed repricing; 2s10s +0.47%, 3m10y +1.01%, 5s30s +0.41%.","Breakeven 2.05% (-0.05), credit 1.85% (+0.13), VIX avg 19.1, oil 64.9 (+3.9).","Risk-off pressure broadens and rates price a deeper slowdown. Tomorrow: 2Y lower, 10Y lower. +1w: curve higher, credit higher. +1m: VIX higher. Transition pressure low.",recession_signal_strengthens,0.46991634462642623,2018-03-30,"2018-03: Growth Scare
Month-end: 2018-03-30
Avg regime probability: 0.41
Transition pressure: 0.22 (low)
Expectedness: contested [macro_consistent:55%, mixed:41%, likely_flow_amplified:5%]
Curve: flat / mildly positive; mixed repricing; 2s10s +0.47%, 3m10y +1.01%, 5s30s +0.41%.
Market / macro: Breakeven 2.05% (-0.05), credit 1.85% (+0.13), VIX avg 19.1, oil 64.9 (+3.9).
Top drivers: regime rotation pressure; flow amplification / surprise.
Top branch: recession_signal_strengthens (p=0.47)
Path: Risk-off pressure broadens and rates price a deeper slowdown. Tomorrow: 2Y lower, 10Y lower. +1w: curve higher, credit higher. +1m: VIX higher. Transition pressure low.
Leaf scenario: Credit widening intensifies; VIX stays bid"
2018-04,2018,4,inflation_shock,0.42012925001165946,0.16489893099427236,macro_confirmed,disproportion,flow unwind,regime rotation pressure,"flat / mildly positive; bear flattening; 2s10s +0.46%, 3m10y +1.08%, 5s30s +0.32%.","Breakeven 2.17% (+0.12), credit 1.79% (-0.07), VIX avg 18.3, oil 68.6 (+5.5).","Inflation remains dominant and front-end repricing extends. Tomorrow: 2Y higher, 10Y higher. +1w: curve lower, credit higher. +1m: VIX higher. Transition pressure low.",inflation_persists,0.4426341495205935,2018-04-30,"2018-04: Inflation Shock
Month-end: 2018-04-30
Avg regime probability: 0.42
Transition pressure: 0.16 (low)
Expectedness: macro-confirmed [macro_consistent:81%, mixed:14%, likely_flow_amplified:5%]
Curve: flat / mildly positive; bear flattening; 2s10s +0.46%, 3m10y +1.08%, 5s30s +0.32%.
Market / macro: Breakeven 2.17% (+0.12), credit 1.79% (-0.07), VIX avg 18.3, oil 68.6 (+5.5).
Top drivers: flow unwind; regime rotation pressure.
Top branch: inflation_persists (p=0.44)
Path: Inflation remains dominant and front-end repricing extends. Tomorrow: 2Y higher, 10Y higher. +1w: curve lower, credit higher. +1m: VIX higher. Transition pressure low.
Leaf scenario: Energy impulse re-accelerates; breakevens keep grinding higher"
2018-05,2018,5,growth_scare,0.40662383096184884,0.20042035367304747,contested,disproportion,flow unwind,regime rotation pressure,"flat / mildly positive; bull flattening; 2s10s +0.43%, 3m10y +0.90%, 5s30s +0.32%.","Breakeven 2.07% (-0.09), credit 1.89% (+0.07), VIX avg 14.1, oil 67.0 (-0.3).","Risk-off pressure broadens and rates price a deeper slowdown. Tomorrow: 2Y lower, 10Y lower. +1w: curve higher, credit higher. +1m: VIX higher. Transition pressure low.",recession_signal_strengthens,0.45810518277163464,2018-05-31,"2018-05: Growth Scare
Month-end: 2018-05-31
Avg regime probability: 0.41
Transition pressure: 0.20 (low)
Expectedness: contested [macro_consistent:35%, mixed:43%, likely_flow_amplified:22%]
Curve: flat / mildly positive; bull flattening; 2s10s +0.43%, 3m10y +0.90%, 5s30s +0.32%.
Market / macro: Breakeven 2.07% (-0.09), credit 1.89% (+0.07), VIX avg 14.1, oil 67.0 (-0.3).
Top drivers: flow unwind; regime rotation pressure.
Top branch: recession_signal_strengthens (p=0.46)
Path: Risk-off pressure broadens and rates price a deeper slowdown. Tomorrow: 2Y lower, 10Y lower. +1w: curve higher, credit higher. +1m: VIX higher. Transition pressure low.
Leaf scenario: Credit widening intensifies; VIX stays bid"
2018-06,2018,6,policy_constraint,0.35037533958458733,0.21449680075625563,macro_confirmed,disproportion,flow unwind,risk relief,"flat / mildly positive; bear flattening; 2s10s +0.33%, 3m10y +0.92%, 5s30s +0.25%.","Breakeven 2.11% (+0.02), credit 1.99% (+0.09), VIX avg 13.7, oil 74.1 (+8.3).","Policy pressure eases and front-end rates retrace without a major growth shock. Tomorrow: 2Y lower, 10Y lower. +1w: curve higher, credit lower. +1m: VIX lower. Transition pressure low.",front_end_relief,0.41655059238956255,2018-06-29,"2018-06: Policy Constraint
Month-end: 2018-06-29
Avg regime probability: 0.35
Transition pressure: 0.21 (low)
Expectedness: macro-confirmed [macro_consistent:86%, mixed:14%, likely_flow_amplified:0%]
Curve: flat / mildly positive; bear flattening; 2s10s +0.33%, 3m10y +0.92%, 5s30s +0.25%.
Market / macro: Breakeven 2.11% (+0.02), credit 1.99% (+0.09), VIX avg 13.7, oil 74.1 (+8.3).
Top drivers: flow unwind; risk relief.
Top branch: front_end_relief (p=0.42)
Path: Policy pressure eases and front-end rates retrace without a major growth shock. Tomorrow: 2Y lower, 10Y lower. +1w: curve higher, credit lower. +1m: VIX lower. Transition pressure low.
Leaf scenario: Data moderation lowers the policy premium; vol declines"
2018-07,2018,7,policy_constraint,0.41756139992292685,0.15896836742478834,contested,risk,risk relief,hawkish front-end pressure,"flat / mildly positive; bear flattening; 2s10s +0.29%, 3m10y +0.93%, 5s30s +0.23%.","Breakeven 2.12% (-0.02), credit 1.83% (-0.14), VIX avg 13.3, oil 69.9 (-4.0).","The front end remains pinned by policy credibility and restrictive guidance. Tomorrow: 2Y higher, 10Y higher. +1w: curve lower, credit higher. +1m: VIX higher. Transition pressure low.",policy_stays_tight,0.5031970186847817,2018-07-31,"2018-07: Policy Constraint
Month-end: 2018-07-31
Avg regime probability: 0.42
Transition pressure: 0.16 (low)
Expectedness: contested [macro_consistent:55%, mixed:41%, likely_flow_amplified:5%]
Curve: flat / mildly positive; bear flattening; 2s10s +0.29%, 3m10y +0.93%, 5s30s +0.23%.
Market / macro: Breakeven 2.12% (-0.02), credit 1.83% (-0.14), VIX avg 13.3, oil 69.9 (-4.0).
Top drivers: risk relief; hawkish front-end pressure.
Top branch: policy_stays_tight (p=0.50)
Path: The front end remains pinned by policy credibility and restrictive guidance. Tomorrow: 2Y higher, 10Y higher. +1w: curve lower, credit higher. +1m: VIX higher. Transition pressure low.
Leaf scenario: Front-end yields grind higher; curve keeps flattening"
2018-08,2018,8,growth_scare,0.38249206299529764,0.14991701856307252,macro_confirmed,policy,policy relief,disinflation / oil fade,"flat / mildly positive; bull flattening; 2s10s +0.24%, 3m10y +0.75%, 5s30s +0.28%.","Breakeven 2.08% (-0.05), credit 1.92% (+0.09), VIX avg 12.5, oil 69.8 (+1.0).","Risk-off pressure broadens and rates price a deeper slowdown. Tomorrow: 2Y lower, 10Y lower. +1w: curve higher, credit higher. +1m: VIX higher. Transition pressure low.",recession_signal_strengthens,0.5044301913063426,2018-08-31,"2018-08: Growth Scare
Month-end: 2018-08-31
Avg regime probability: 0.38
Transition pressure: 0.15 (low)
Expectedness: macro-confirmed [macro_consistent:61%, mixed:30%, likely_flow_amplified:9%]
Curve: flat / mildly positive; bull flattening; 2s10s +0.24%, 3m10y +0.75%, 5s30s +0.28%.
Market / macro: Breakeven 2.08% (-0.05), credit 1.92% (+0.09), VIX avg 12.5, oil 69.8 (+1.0).
Top drivers: policy relief; disinflation / oil fade.
Top branch: recession_signal_strengthens (p=0.50)
Path: Risk-off pressure broadens and rates price a deeper slowdown. Tomorrow: 2Y lower, 10Y lower. +1w: curve higher, credit higher. +1m: VIX higher. Transition pressure low.
Leaf scenario: Credit widening intensifies; VIX stays bid"
2018-09,2018,9,mixed_transition,0.5813359795275668,0.14426253899420804,macro_confirmed,disproportion,flow unwind,policy relief,"flat / mildly positive; bear steepening; 2s10s +0.24%, 3m10y +0.86%, 5s30s +0.25%.","Breakeven 2.14% (+0.06), credit 1.84% (-0.08), VIX avg 12.9, oil 73.2 (+3.3).","A recent move mean-reverts as the initial catalyst loses traction. Tomorrow: 2Y lower, 10Y lower. +1w: curve higher, credit lower. +1m: VIX lower. Transition pressure low.",reversal,0.39782961907275605,2018-09-28,"2018-09: Mixed Transition
Month-end: 2018-09-28
Avg regime probability: 0.58
Transition pressure: 0.14 (low)
Expectedness: macro-confirmed [macro_consistent:70%, mixed:20%, likely_flow_amplified:10%]
Curve: flat / mildly positive; bear steepening; 2s10s +0.24%, 3m10y +0.86%, 5s30s +0.25%.
Market / macro: Breakeven 2.14% (+0.06), credit 1.84% (-0.08), VIX avg 12.9, oil 73.2 (+3.3).
Top drivers: flow unwind; policy relief.
Top branch: reversal (p=0.40)
Path: A recent move mean-reverts as the initial catalyst loses traction. Tomorrow: 2Y lower, 10Y lower. +1w: curve higher, credit lower. +1m: VIX lower. Transition pressure low.
Leaf scenario: Positioning unwinds; cross-asset confirmation fades"
2018-10,2018,10,growth_scare,0.5223245013112214,0.25979844451060713,macro_confirmed,disproportion,flow amplification / surprise,risk relief,"flat / mildly positive; bear steepening; 2s10s +0.28%, 3m10y +0.81%, 5s30s +0.41%.","Breakeven 2.05% (-0.09), credit 2.03% (+0.20), VIX avg 19.4, oil 65.3 (-10.1).","Growth fears stop worsening and markets move toward a calmer range. Tomorrow: 2Y higher, 10Y higher. +1w: curve flat, credit lower. +1m: VIX lower. Transition pressure low.",stabilization,0.3644417927607048,2018-10-31,"2018-10: Growth Scare
Month-end: 2018-10-31
Avg regime probability: 0.52
Transition pressure: 0.26 (low)
Expectedness: macro-confirmed [macro_consistent:57%, mixed:26%, likely_flow_amplified:17%]
Curve: flat / mildly positive; bear steepening; 2s10s +0.28%, 3m10y +0.81%, 5s30s +0.41%.
Market / macro: Breakeven 2.05% (-0.09), credit 2.03% (+0.20), VIX avg 19.4, oil 65.3 (-10.1).
Top drivers: flow amplification / surprise; risk relief.
Top branch: stabilization (p=0.36)
Path: Growth fears stop worsening and markets move toward a calmer range. Tomorrow: 2Y higher, 10Y higher. +1w: curve flat, credit lower. +1m: VIX lower. Transition pressure low.
Leaf scenario: Volatility cools; credit stops widening"
2018-11,2018,11,growth_scare,0.4543636773650945,0.16865113331866843,macro_confirmed,inflation,disinflation / oil fade,flow unwind,"flat / mildly positive; bull flattening; 2s10s +0.21%, 3m10y +0.64%, 5s30s +0.46%.","Breakeven 1.97% (-0.05), credit 2.27% (+0.23), VIX avg 19.5, oil 50.8 (-12.9).","Risk-off pressure broadens and rates price a deeper slowdown. Tomorrow: 2Y lower, 10Y lower. +1w: curve higher, credit higher. +1m: VIX higher. Transition pressure low.",recession_signal_strengthens,0.46153751179330904,2018-11-30,"2018-11: Growth Scare
Month-end: 2018-11-30
Avg regime probability: 0.45
Transition pressure: 0.17 (low)
Expectedness: macro-confirmed [macro_consistent:77%, mixed:14%, likely_flow_amplified:9%]
Curve: flat / mildly positive; bull flattening; 2s10s +0.21%, 3m10y +0.64%, 5s30s +0.46%.
Market / macro: Breakeven 1.97% (-0.05), credit 2.27% (+0.23), VIX avg 19.5, oil 50.8 (-12.9).
Top drivers: disinflation / oil fade; flow unwind.
Top branch: recession_signal_strengthens (p=0.46)
Path: Risk-off pressure broadens and rates price a deeper slowdown. Tomorrow: 2Y lower, 10Y lower. +1w: curve higher, credit higher. +1m: VIX higher. Transition pressure low.
Leaf scenario: Credit widening intensifies; VIX stays bid"
2018-12,2018,12,growth_scare,0.6358605323005608,0.3068680616840925,macro_confirmed,disproportion,flow unwind,policy relief,"flat / mildly positive; bull flattening; 2s10s +0.21%, 3m10y +0.24%, 5s30s +0.51%.","Breakeven 1.71% (-0.25), credit 2.45% (+0.19), VIX avg 25.3, oil 45.1 (-7.8).","Growth fears stop worsening and markets move toward a calmer range. Tomorrow: 2Y higher, 10Y higher. +1w: curve flat, credit lower. +1m: VIX lower. Transition pressure low.",stabilization,0.4972499742321637,2018-12-31,"2018-12: Growth Scare
Month-end: 2018-12-31
Avg regime probability: 0.64
Transition pressure: 0.31 (low)
Expectedness: macro-confirmed [macro_consistent:67%, mixed:29%, likely_flow_amplified:5%]
Curve: flat / mildly positive; bull flattening; 2s10s +0.21%, 3m10y +0.24%, 5s30s +0.51%.
Market / macro: Breakeven 1.71% (-0.25), credit 2.45% (+0.19), VIX avg 25.3, oil 45.1 (-7.8).
Top drivers: flow unwind; policy relief.
Top branch: stabilization (p=0.50)
Path: Growth fears stop worsening and markets move toward a calmer range. Tomorrow: 2Y higher, 10Y higher. +1w: curve flat, credit lower. +1m: VIX lower. Transition pressure low.
Leaf scenario: Volatility cools; credit stops widening"
2019-01,2019,1,inflation_shock,0.4432074397054328,0.2578739629892839,macro_confirmed,disproportion,flow unwind,policy relief,"flat / mildly positive; bull flattening; 2s10s +0.18%, 3m10y +0.22%, 5s30s +0.56%.","Breakeven 1.85% (+0.14), credit 2.38% (-0.07), VIX avg 19.7, oil 53.8 (+8.7).","Inflation momentum cools and rates retrace toward a cleaner equilibrium. Tomorrow: 2Y lower, 10Y lower. +1w: curve higher, credit lower. +1m: VIX lower. Transition pressure low.",containment_normalization,0.5588410051130084,2019-01-31,"2019-01: Inflation Shock
Month-end: 2019-01-31
Avg regime probability: 0.44
Transition pressure: 0.26 (low)
Expectedness: macro-confirmed [macro_consistent:78%, mixed:13%, likely_flow_amplified:9%]
Curve: flat / mildly positive; bull flattening; 2s10s +0.18%, 3m10y +0.22%, 5s30s +0.56%.
Market / macro: Breakeven 1.85% (+0.14), credit 2.38% (-0.07), VIX avg 19.7, oil 53.8 (+8.7).
Top drivers: flow unwind; policy relief.
Top branch: containment_normalization (p=0.56)
Path: Inflation momentum cools and rates retrace toward a cleaner equilibrium. Tomorrow: 2Y lower, 10Y lower. +1w: curve higher, credit lower. +1m: VIX lower. Transition pressure low.
Leaf scenario: Commodity impulse fades; policy credibility improves"
2019-02,2019,2,inflation_shock,0.4437826377289139,0.12494864941702422,macro_confirmed,risk,risk relief,inflation / oil impulse,"flat / mildly positive; bear steepening; 2s10s +0.21%, 3m10y +0.28%, 5s30s +0.57%.","Breakeven 1.95% (+0.07), credit 2.22% (-0.09), VIX avg 15.2, oil 57.2 (+1.9).","Inflation remains dominant and front-end repricing extends. Tomorrow: 2Y higher, 10Y higher. +1w: curve lower, credit higher. +1m: VIX higher. Transition pressure low.",inflation_persists,0.5561253748612055,2019-02-28,"2019-02: Inflation Shock
Month-end: 2019-02-28
Avg regime probability: 0.44
Transition pressure: 0.12 (low)
Expectedness: macro-confirmed [macro_consistent:70%, mixed:30%, likely_flow_amplified:0%]
Curve: flat / mildly positive; bear steepening; 2s10s +0.21%, 3m10y +0.28%, 5s30s +0.57%.
Market / macro: Breakeven 1.95% (+0.07), credit 2.22% (-0.09), VIX avg 15.2, oil 57.2 (+1.9).
Top drivers: risk relief; inflation / oil impulse.
Top branch: inflation_persists (p=0.56)
Path: Inflation remains dominant and front-end repricing extends. Tomorrow: 2Y higher, 10Y higher. +1w: curve lower, credit higher. +1m: VIX higher. Transition pressure low.
Leaf scenario: Energy impulse re-accelerates; breakevens keep grinding higher"
2019-03,2019,3,growth_scare,0.41807380590905674,0.13830669389234104,macro_confirmed,inflation,inflation / oil impulse,hawkish front-end pressure,"flat / mildly positive; bull flattening; 2s10s +0.14%, 3m10y +0.01%, 5s30s +0.58%.","Breakeven 1.88% (-0.08), credit 2.26% (+0.04), VIX avg 14.5, oil 60.2 (+4.4).","The market rotates out of the scare and back toward inflation resilience. Tomorrow: 2Y higher, 10Y higher. +1w: curve lower, credit lower. +1m: VIX lower. Transition pressure low.",inflation_rebound,0.3869215086379653,2019-03-29,"2019-03: Growth Scare
Month-end: 2019-03-29
Avg regime probability: 0.42
Transition pressure: 0.14 (low)
Expectedness: macro-confirmed [macro_consistent:67%, mixed:14%, likely_flow_amplified:19%]
Curve: flat / mildly positive; bull flattening; 2s10s +0.14%, 3m10y +0.01%, 5s30s +0.58%.
Market / macro: Breakeven 1.88% (-0.08), credit 2.26% (+0.04), VIX avg 14.5, oil 60.2 (+4.4).
Top drivers: inflation / oil impulse; hawkish front-end pressure.
Top branch: inflation_rebound (p=0.39)
Path: The market rotates out of the scare and back toward inflation resilience. Tomorrow: 2Y higher, 10Y higher. +1w: curve lower, credit lower. +1m: VIX lower. Transition pressure low.
Leaf scenario: Oil stabilizes; breakevens rebound faster than nominal yields"
2019-04,2019,4,inflation_shock,0.42157935875239144,0.11916188162214146,contested,disproportion,flow unwind,policy relief,"flat / mildly positive; bear steepening; 2s10s +0.24%, 3m10y +0.08%, 5s30s +0.65%.","Breakeven 1.95% (+0.05), credit 2.14% (-0.10), VIX avg 12.9, oil 63.8 (+2.2).","Inflation momentum cools and rates retrace toward a cleaner equilibrium. Tomorrow: 2Y lower, 10Y lower. +1w: curve higher, credit lower. +1m: VIX lower. Transition pressure low.",containment_normalization,0.41069994236287616,2019-04-30,"2019-04: Inflation Shock
Month-end: 2019-04-30
Avg regime probability: 0.42
Transition pressure: 0.12 (low)
Expectedness: contested [macro_consistent:55%, mixed:41%, likely_flow_amplified:5%]
Curve: flat / mildly positive; bear steepening; 2s10s +0.24%, 3m10y +0.08%, 5s30s +0.65%.
Market / macro: Breakeven 1.95% (+0.05), credit 2.14% (-0.10), VIX avg 12.9, oil 63.8 (+2.2).
Top drivers: flow unwind; policy relief.
Top branch: containment_normalization (p=0.41)
Path: Inflation momentum cools and rates retrace toward a cleaner equilibrium. Tomorrow: 2Y lower, 10Y lower. +1w: curve higher, credit lower. +1m: VIX lower. Transition pressure low.
Leaf scenario: Commodity impulse fades; policy credibility improves"
2019-05,2019,5,growth_scare,0.6348998840390842,0.17181629094054304,macro_confirmed,disproportion,flow unwind,policy relief,"flat / mildly positive; bull flattening; 2s10s +0.19%, 3m10y -0.21%, 5s30s +0.65%.","Breakeven 1.74% (-0.19), credit 2.37% (+0.26), VIX avg 16.7, oil 53.5 (-10.1).","Risk-off pressure broadens and rates price a deeper slowdown. Tomorrow: 2Y lower, 10Y lower. +1w: curve higher, credit higher. +1m: VIX higher. Transition pressure low.",recession_signal_strengthens,0.6600238490625431,2019-05-31,"2019-05: Growth Scare
Month-end: 2019-05-31
Avg regime probability: 0.63
Transition pressure: 0.17 (low)
Expectedness: macro-confirmed [macro_consistent:52%, mixed:30%, likely_flow_amplified:17%]
Curve: flat / mildly positive; bull flattening; 2s10s +0.19%, 3m10y -0.21%, 5s30s +0.65%.
Market / macro: Breakeven 1.74% (-0.19), credit 2.37% (+0.26), VIX avg 16.7, oil 53.5 (-10.1).
Top drivers: flow unwind; policy relief.
Top branch: recession_signal_strengthens (p=0.66)
Path: Risk-off pressure broadens and rates price a deeper slowdown. Tomorrow: 2Y lower, 10Y lower. +1w: curve higher, credit higher. +1m: VIX higher. Transition pressure low.
Leaf scenario: Credit widening intensifies; VIX stays bid"
2019-06,2019,6,inflation_shock,0.36918341744108396,0.22870986821407882,macro_confirmed,risk,risk relief,hawkish front-end pressure,"flat / mildly positive; bull steepening; 2s10s +0.25%, 3m10y -0.12%, 5s30s +0.76%.","Breakeven 1.69% (-0.04), credit 2.31% (-0.11), VIX avg 15.8, oil 58.2 (+5.0).","Inflation remains dominant and front-end repricing extends. Tomorrow: 2Y higher, 10Y higher. +1w: curve lower, credit higher. +1m: VIX higher. Transition pressure low.",inflation_persists,0.5216926838167252,2019-06-28,"2019-06: Inflation Shock
Month-end: 2019-06-28
Avg regime probability: 0.37
Transition pressure: 0.23 (low)
Expectedness: macro-confirmed [macro_consistent:65%, mixed:25%, likely_flow_amplified:10%]
Curve: flat / mildly positive; bull steepening; 2s10s +0.25%, 3m10y -0.12%, 5s30s +0.76%.
Market / macro: Breakeven 1.69% (-0.04), credit 2.31% (-0.11), VIX avg 15.8, oil 58.2 (+5.0).
Top drivers: risk relief; hawkish front-end pressure.
Top branch: inflation_persists (p=0.52)
Path: Inflation remains dominant and front-end repricing extends. Tomorrow: 2Y higher, 10Y higher. +1w: curve lower, credit higher. +1m: VIX higher. Transition pressure low.
Leaf scenario: Energy impulse re-accelerates; breakevens keep grinding higher"
2019-07,2019,7,policy_constraint,0.3970600046031454,0.1721466090231621,macro_confirmed,disproportion,flow amplification / surprise,hawkish front-end pressure,"flat / mildly positive; bear flattening; 2s10s +0.13%, 3m10y -0.06%, 5s30s +0.69%.","Breakeven 1.76% (+0.07), credit 2.13% (-0.16), VIX avg 13.3, oil 58.5 (-0.4).","The front end remains pinned by policy credibility and restrictive guidance. Tomorrow: 2Y higher, 10Y higher. +1w: curve lower, credit higher. +1m: VIX higher. Transition pressure low.",policy_stays_tight,0.5480054553800536,2019-07-31,"2019-07: Policy Constraint
Month-end: 2019-07-31
Avg regime probability: 0.40
Transition pressure: 0.17 (low)
Expectedness: macro-confirmed [macro_consistent:78%, mixed:13%, likely_flow_amplified:9%]
Curve: flat / mildly positive; bear flattening; 2s10s +0.13%, 3m10y -0.06%, 5s30s +0.69%.
Market / macro: Breakeven 1.76% (+0.07), credit 2.13% (-0.16), VIX avg 13.3, oil 58.5 (-0.4).
Top drivers: flow amplification / surprise; hawkish front-end pressure.
Top branch: policy_stays_tight (p=0.55)
Path: The front end remains pinned by policy credibility and restrictive guidance. Tomorrow: 2Y higher, 10Y higher. +1w: curve lower, credit higher. +1m: VIX higher. Transition pressure low.
Leaf scenario: Front-end yields grind higher; curve keeps flattening"
2019-08,2019,8,growth_scare,0.5940138275090547,0.35236457513394204,macro_confirmed,inflation,disinflation / oil fade,policy relief,"flat / mildly positive; bull flattening; 2s10s +0.00%, 3m10y -0.49%, 5s30s +0.57%.","Breakeven 1.55% (-0.15), credit 2.26% (+0.09), VIX avg 19.0, oil 55.1 (+1.4).","Risk-off pressure broadens and rates price a deeper slowdown. Tomorrow: 2Y lower, 10Y lower. +1w: curve higher, credit higher. +1m: VIX higher. Transition pressure low.",recession_signal_strengthens,0.6082312049724213,2019-08-30,"2019-08: Growth Scare
Month-end: 2019-08-30
Avg regime probability: 0.59
Transition pressure: 0.35 (low)
Expectedness: macro-confirmed [macro_consistent:73%, mixed:23%, likely_flow_amplified:5%]
Curve: flat / mildly positive; bull flattening; 2s10s +0.00%, 3m10y -0.49%, 5s30s +0.57%.
Market / macro: Breakeven 1.55% (-0.15), credit 2.26% (+0.09), VIX avg 19.0, oil 55.1 (+1.4).
Top drivers: disinflation / oil fade; policy relief.
Top branch: recession_signal_strengthens (p=0.61)
Path: Risk-off pressure broadens and rates price a deeper slowdown. Tomorrow: 2Y lower, 10Y lower. +1w: curve higher, credit higher. +1m: VIX higher. Transition pressure low.
Leaf scenario: Credit widening intensifies; VIX stays bid"
2019-09,2019,9,mixed_transition,0.591725845042832,0.22039791499568917,contested,risk,risk relief,disinflation / oil fade,"flat / mildly positive; bear steepening; 2s10s +0.05%, 3m10y -0.20%, 5s30s +0.57%.","Breakeven 1.53% (-0.02), credit 2.20% (-0.06), VIX avg 15.7, oil 54.1 (-1.0).","The system stabilizes and daily moves fade into a tighter range. Tomorrow: 2Y lower, 10Y lower. +1w: curve higher, credit lower. +1m: VIX lower. Transition pressure low.",containment,0.36092683031745804,2019-09-30,"2019-09: Mixed Transition
Month-end: 2019-09-30
Avg regime probability: 0.59
Transition pressure: 0.22 (low)
Expectedness: contested [macro_consistent:57%, mixed:38%, likely_flow_amplified:5%]
Curve: flat / mildly positive; bear steepening; 2s10s +0.05%, 3m10y -0.20%, 5s30s +0.57%.
Market / macro: Breakeven 1.53% (-0.02), credit 2.20% (-0.06), VIX avg 15.7, oil 54.1 (-1.0).
Top drivers: risk relief; disinflation / oil fade.
Top branch: containment (p=0.36)
Path: The system stabilizes and daily moves fade into a tighter range. Tomorrow: 2Y lower, 10Y lower. +1w: curve higher, credit lower. +1m: VIX lower. Transition pressure low.
Leaf scenario: Market internals calm; scenario dispersion compresses"
2019-10,2019,10,inflation_shock,0.3723665749370618,0.14361387733488712,macro_confirmed,disproportion,flow unwind,policy relief,"flat / mildly positive; mixed repricing; 2s10s +0.17%, 3m10y +0.15%, 5s30s +0.66%.","Breakeven 1.54% (+0.02), credit 2.18% (-0.04), VIX avg 15.5, oil 54.0 (+0.4).","Inflation momentum cools and rates retrace toward a cleaner equilibrium. Tomorrow: 2Y lower, 10Y lower. +1w: curve higher, credit lower. +1m: VIX lower. Transition pressure low.",containment_normalization,0.5640530084031579,2019-10-31,"2019-10: Inflation Shock
Month-end: 2019-10-31
Avg regime probability: 0.37
Transition pressure: 0.14 (low)
Expectedness: macro-confirmed [macro_consistent:83%, mixed:13%, likely_flow_amplified:4%]
Curve: flat / mildly positive; mixed repricing; 2s10s +0.17%, 3m10y +0.15%, 5s30s +0.66%.
Market / macro: Breakeven 1.54% (+0.02), credit 2.18% (-0.04), VIX avg 15.5, oil 54.0 (+0.4).
Top drivers: flow unwind; policy relief.
Top branch: containment_normalization (p=0.56)
Path: Inflation momentum cools and rates retrace toward a cleaner equilibrium. Tomorrow: 2Y lower, 10Y lower. +1w: curve higher, credit lower. +1m: VIX lower. Transition pressure low.
Leaf scenario: Commodity impulse fades; policy credibility improves"
2019-11,2019,11,inflation_shock,0.40557279755265285,0.11203946049395143,macro_confirmed,policy,policy relief,flow unwind,"flat / mildly positive; bear steepening; 2s10s +0.17%, 3m10y +0.19%, 5s30s +0.59%.","Breakeven 1.61% (+0.02), credit 2.08% (-0.08), VIX avg 12.5, oil 58.1 (+2.1).","Inflation momentum cools and rates retrace toward a cleaner equilibrium. Tomorrow: 2Y lower, 10Y lower. +1w: curve higher, credit lower. +1m: VIX lower. Transition pressure low.",containment_normalization,0.3883871073651581,2019-11-29,"2019-11: Inflation Shock
Month-end: 2019-11-29
Avg regime probability: 0.41
Transition pressure: 0.11 (low)
Expectedness: macro-confirmed [macro_consistent:76%, mixed:24%, likely_flow_amplified:0%]
Curve: flat / mildly positive; bear steepening; 2s10s +0.17%, 3m10y +0.19%, 5s30s +0.59%.
Market / macro: Breakeven 1.61% (+0.02), credit 2.08% (-0.08), VIX avg 12.5, oil 58.1 (+2.1).
Top drivers: policy relief; flow unwind.
Top branch: containment_normalization (p=0.39)
Path: Inflation momentum cools and rates retrace toward a cleaner equilibrium. Tomorrow: 2Y lower, 10Y lower. +1w: curve higher, credit lower. +1m: VIX lower. Transition pressure low.
Leaf scenario: Commodity impulse fades; policy credibility improves"
2019-12,2019,12,inflation_shock,0.4424542738522236,0.1315311636830732,macro_confirmed,risk,risk relief,inflation / oil impulse,"flat / mildly positive; mixed repricing; 2s10s +0.34%, 3m10y +0.37%, 5s30s +0.70%.","Breakeven 1.77% (+0.12), credit 1.98% (-0.13), VIX avg 13.7, oil 61.1 (+5.2).","Inflation remains dominant and front-end repricing extends. Tomorrow: 2Y higher, 10Y higher. +1w: curve lower, credit higher. +1m: VIX higher. Transition pressure low.",inflation_persists,0.5030936305634033,2019-12-31,"2019-12: Inflation Shock
Month-end: 2019-12-31
Avg regime probability: 0.44
Transition pressure: 0.13 (low)
Expectedness: macro-confirmed [macro_consistent:68%, mixed:23%, likely_flow_amplified:9%]
Curve: flat / mildly positive; mixed repricing; 2s10s +0.34%, 3m10y +0.37%, 5s30s +0.70%.
Market / macro: Breakeven 1.77% (+0.12), credit 1.98% (-0.13), VIX avg 13.7, oil 61.1 (+5.2).
Top drivers: risk relief; inflation / oil impulse.
Top branch: inflation_persists (p=0.50)
Path: Inflation remains dominant and front-end repricing extends. Tomorrow: 2Y higher, 10Y higher. +1w: curve lower, credit higher. +1m: VIX higher. Transition pressure low.
Leaf scenario: Energy impulse re-accelerates; breakevens keep grinding higher"
2020-01,2020,1,growth_scare,0.5445446605019207,0.14824656462670016,macro_confirmed,risk,risk-off / credit stress,policy relief,"flat / mildly positive; bull flattening; 2s10s +0.18%, 3m10y -0.04%, 5s30s +0.67%.","Breakeven 1.65% (-0.12), credit 2.13% (+0.15), VIX avg 13.9, oil 51.6 (-9.6).","Risk-off pressure broadens and rates price a deeper slowdown. Tomorrow: 2Y lower, 10Y lower. +1w: curve higher, credit higher. +1m: VIX higher. Transition pressure low.",recession_signal_strengthens,0.776254686733983,2020-01-31,"2020-01: Growth Scare
Month-end: 2020-01-31
Avg regime probability: 0.54
Transition pressure: 0.15 (low)
Expectedness: macro-confirmed [macro_consistent:61%, mixed:26%, likely_flow_amplified:13%]
Curve: flat / mildly positive; bull flattening; 2s10s +0.18%, 3m10y -0.04%, 5s30s +0.67%.
Market / macro: Breakeven 1.65% (-0.12), credit 2.13% (+0.15), VIX avg 13.9, oil 51.6 (-9.6).
Top drivers: risk-off / credit stress; policy relief.
Top branch: recession_signal_strengthens (p=0.78)
Path: Risk-off pressure broadens and rates price a deeper slowdown. Tomorrow: 2Y lower, 10Y lower. +1w: curve higher, credit higher. +1m: VIX higher. Transition pressure low.
Leaf scenario: Credit widening intensifies; VIX stays bid"
2020-02,2020,2,growth_scare,0.800400361772918,0.2563506071486571,contested,inflation,disinflation / oil fade,policy relief,"flat / mildly positive; bull steepening; 2s10s +0.27%, 3m10y -0.14%, 5s30s +0.76%.","Breakeven 1.41% (-0.22), credit 2.38% (+0.28), VIX avg 19.3, oil 44.8 (-5.2).","Risk-off pressure broadens and rates price a deeper slowdown. Tomorrow: 2Y lower, 10Y lower. +1w: curve higher, credit higher. +1m: VIX higher. Transition pressure low.",recession_signal_strengthens,0.7922996842358332,2020-02-28,"2020-02: Growth Scare
Month-end: 2020-02-28
Avg regime probability: 0.80
Transition pressure: 0.26 (low)
Expectedness: contested [macro_consistent:60%, mixed:35%, likely_flow_amplified:5%]
Curve: flat / mildly positive; bull steepening; 2s10s +0.27%, 3m10y -0.14%, 5s30s +0.76%.
Market / macro: Breakeven 1.41% (-0.22), credit 2.38% (+0.28), VIX avg 19.3, oil 44.8 (-5.2).
Top drivers: disinflation / oil fade; policy relief.
Top branch: recession_signal_strengthens (p=0.79)
Path: Risk-off pressure broadens and rates price a deeper slowdown. Tomorrow: 2Y lower, 10Y lower. +1w: curve higher, credit higher. +1m: VIX higher. Transition pressure low.
Leaf scenario: Credit widening intensifies; VIX stays bid"
2020-03,2020,3,mixed_transition,0.7875040716387653,0.6785830618250439,contested,inflation,inflation / oil impulse,regime rotation pressure,"flat / mildly positive; bull steepening; 2s10s +0.47%, 3m10y +0.59%, 5s30s +0.98%.","Breakeven 0.87% (-0.54), credit 3.93% (+1.49), VIX avg 57.7, oil 20.5 (-26.3).","Existing moves extend as positioning and narrative momentum reinforce one another. Tomorrow: 2Y higher, 10Y higher. +1w: curve lower, credit higher. +1m: VIX higher. Transition pressure low.",amplification,0.5902662244462268,2020-03-31,"2020-03: Mixed Transition
Month-end: 2020-03-31
Avg regime probability: 0.79
Transition pressure: 0.68 (low)
Expectedness: contested [macro_consistent:41%, mixed:36%, likely_flow_amplified:23%]
Curve: flat / mildly positive; bull steepening; 2s10s +0.47%, 3m10y +0.59%, 5s30s +0.98%.
Market / macro: Breakeven 0.87% (-0.54), credit 3.93% (+1.49), VIX avg 57.7, oil 20.5 (-26.3).
Top drivers: inflation / oil impulse; regime rotation pressure.
Top branch: amplification (p=0.59)
Path: Existing moves extend as positioning and narrative momentum reinforce one another. Tomorrow: 2Y higher, 10Y higher. +1w: curve lower, credit higher. +1m: VIX higher. Transition pressure low.
Leaf scenario: Move broadens across rates and risk; flow pressure stays elevated"
2020-04,2020,4,mixed_transition,0.7537544976056763,0.6351806021750304,macro_confirmed,disproportion,flow amplification / surprise,inflation / oil impulse,"flat / mildly positive; bull flattening; 2s10s +0.44%, 3m10y +0.55%, 5s30s +0.92%.","Breakeven 1.07% (+0.16), credit 3.23% (-0.74), VIX avg 41.5, oil 19.2 (-1.1).","Existing moves extend as positioning and narrative momentum reinforce one another. Tomorrow: 2Y higher, 10Y higher. +1w: curve lower, credit higher. +1m: VIX higher. Transition pressure low.",amplification,0.7414759951550799,2020-04-30,"2020-04: Mixed Transition
Month-end: 2020-04-30
Avg regime probability: 0.75
Transition pressure: 0.64 (low)
Expectedness: macro-confirmed [macro_consistent:55%, mixed:27%, likely_flow_amplified:18%]
Curve: flat / mildly positive; bull flattening; 2s10s +0.44%, 3m10y +0.55%, 5s30s +0.92%.
Market / macro: Breakeven 1.07% (+0.16), credit 3.23% (-0.74), VIX avg 41.5, oil 19.2 (-1.1).
Top drivers: flow amplification / surprise; inflation / oil impulse.
Top branch: amplification (p=0.74)
Path: Existing moves extend as positioning and narrative momentum reinforce one another. Tomorrow: 2Y higher, 10Y higher. +1w: curve lower, credit higher. +1m: VIX higher. Transition pressure low.
Leaf scenario: Move broadens across rates and risk; flow pressure stays elevated"
2020-05,2020,5,inflation_shock,0.532378358991213,0.2646594882935265,contested,disproportion,flow unwind,risk relief,"flat / mildly positive; mixed repricing; 2s10s +0.49%, 3m10y +0.51%, 5s30s +1.11%.","Breakeven 1.15% (+0.09), credit 3.08% (-0.17), VIX avg 30.8, oil 35.6 (+15.9).","Inflation momentum cools and rates retrace toward a cleaner equilibrium. Tomorrow: 2Y lower, 10Y lower. +1w: curve higher, credit lower. +1m: VIX lower. Transition pressure low.",containment_normalization,0.43234066951051453,2020-05-29,"2020-05: Inflation Shock
Month-end: 2020-05-29
Avg regime probability: 0.53
Transition pressure: 0.26 (low)
Expectedness: contested [macro_consistent:38%, mixed:43%, likely_flow_amplified:19%]
Curve: flat / mildly positive; mixed repricing; 2s10s +0.49%, 3m10y +0.51%, 5s30s +1.11%.
Market / macro: Breakeven 1.15% (+0.09), credit 3.08% (-0.17), VIX avg 30.8, oil 35.6 (+15.9).
Top drivers: flow unwind; risk relief.
Top branch: containment_normalization (p=0.43)
Path: Inflation momentum cools and rates retrace toward a cleaner equilibrium. Tomorrow: 2Y lower, 10Y lower. +1w: curve higher, credit lower. +1m: VIX lower. Transition pressure low.
Leaf scenario: Commodity impulse fades; policy credibility improves"
2020-06,2020,6,inflation_shock,0.4382297612450941,0.5016690923514793,macro_confirmed,disproportion,flow unwind,risk relief,"moderately steep; bear steepening; 2s10s +0.50%, 3m10y +0.50%, 5s30s +1.12%.","Breakeven 1.34% (+0.16), credit 2.93% (-0.17), VIX avg 31.1, oil 39.3 (+3.8).","Inflation remains dominant and front-end repricing extends. Tomorrow: 2Y higher, 10Y higher. +1w: curve lower, credit higher. +1m: VIX higher. Transition pressure low.",inflation_persists,0.4108930587488386,2020-06-30,"2020-06: Inflation Shock
Month-end: 2020-06-30
Avg regime probability: 0.44
Transition pressure: 0.50 (low)
Expectedness: macro-confirmed [macro_consistent:45%, mixed:32%, likely_flow_amplified:23%]
Curve: moderately steep; bear steepening; 2s10s +0.50%, 3m10y +0.50%, 5s30s +1.12%.
Market / macro: Breakeven 1.34% (+0.16), credit 2.93% (-0.17), VIX avg 31.1, oil 39.3 (+3.8).
Top drivers: flow unwind; risk relief.
Top branch: inflation_persists (p=0.41)
Path: Inflation remains dominant and front-end repricing extends. Tomorrow: 2Y higher, 10Y higher. +1w: curve lower, credit higher. +1m: VIX higher. Transition pressure low.
Leaf scenario: Energy impulse re-accelerates; breakevens keep grinding higher"
2020-07,2020,7,inflation_shock,0.4793573028441882,0.2688583130475207,flow_amplified,disproportion,flow unwind,inflation / oil impulse,"flat / mildly positive; bull flattening; 2s10s +0.44%, 3m10y +0.46%, 5s30s +0.99%.","Breakeven 1.55% (+0.18), credit 2.60% (-0.29), VIX avg 26.9, oil 40.1 (+0.2).","Inflation remains dominant and front-end repricing extends. Tomorrow: 2Y higher, 10Y higher. +1w: curve lower, credit higher. +1m: VIX higher. Transition pressure low.",inflation_persists,0.5069865721858268,2020-07-31,"2020-07: Inflation Shock
Month-end: 2020-07-31
Avg regime probability: 0.48
Transition pressure: 0.27 (low)
Expectedness: flow-amplified [macro_consistent:39%, mixed:17%, likely_flow_amplified:43%]
Curve: flat / mildly positive; bull flattening; 2s10s +0.44%, 3m10y +0.46%, 5s30s +0.99%.
Market / macro: Breakeven 1.55% (+0.18), credit 2.60% (-0.29), VIX avg 26.9, oil 40.1 (+0.2).
Top drivers: flow unwind; inflation / oil impulse.
Top branch: inflation_persists (p=0.51)
Path: Inflation remains dominant and front-end repricing extends. Tomorrow: 2Y higher, 10Y higher. +1w: curve lower, credit higher. +1m: VIX higher. Transition pressure low.
Leaf scenario: Energy impulse re-accelerates; breakevens keep grinding higher"
2020-08,2020,8,inflation_shock,0.4313910108931091,0.18331331799586303,flow_amplified,disproportion,flow unwind,inflation / oil impulse,"moderately steep; bear steepening; 2s10s +0.58%, 3m10y +0.61%, 5s30s +1.21%.","Breakeven 1.80% (+0.22), credit 2.67% (+0.04), VIX avg 22.9, oil 42.6 (+1.8).","Inflation remains dominant and front-end repricing extends. Tomorrow: 2Y higher, 10Y higher. +1w: curve lower, credit higher. +1m: VIX higher. Transition pressure low.",inflation_persists,0.41437282320626156,2020-08-31,"2020-08: Inflation Shock
Month-end: 2020-08-31
Avg regime probability: 0.43
Transition pressure: 0.18 (low)
Expectedness: flow-amplified [macro_consistent:33%, mixed:19%, likely_flow_amplified:48%]
Curve: moderately steep; bear steepening; 2s10s +0.58%, 3m10y +0.61%, 5s30s +1.21%.
Market / macro: Breakeven 1.80% (+0.22), credit 2.67% (+0.04), VIX avg 22.9, oil 42.6 (+1.8).
Top drivers: flow unwind; inflation / oil impulse.
Top branch: inflation_persists (p=0.41)
Path: Inflation remains dominant and front-end repricing extends. Tomorrow: 2Y higher, 10Y higher. +1w: curve lower, credit higher. +1m: VIX higher. Transition pressure low.
Leaf scenario: Energy impulse re-accelerates; breakevens keep grinding higher"
2020-09,2020,9,growth_scare,0.39164460363291637,0.4293214072602943,macro_confirmed,disproportion,flow amplification / surprise,hawkish front-end pressure,"moderately steep; bull flattening; 2s10s +0.56%, 3m10y +0.59%, 5s30s +1.18%.","Breakeven 1.63% (-0.13), credit 2.75% (+0.08), VIX avg 27.8, oil 40.0 (-2.7).","Risk-off pressure broadens and rates price a deeper slowdown. Tomorrow: 2Y lower, 10Y lower. +1w: curve higher, credit higher. +1m: VIX higher. Transition pressure low.",recession_signal_strengthens,0.5416099485681805,2020-09-30,"2020-09: Growth Scare
Month-end: 2020-09-30
Avg regime probability: 0.39
Transition pressure: 0.43 (low)
Expectedness: macro-confirmed [macro_consistent:41%, mixed:27%, likely_flow_amplified:32%]
Curve: moderately steep; bull flattening; 2s10s +0.56%, 3m10y +0.59%, 5s30s +1.18%.
Market / macro: Breakeven 1.63% (-0.13), credit 2.75% (+0.08), VIX avg 27.8, oil 40.0 (-2.7).
Top drivers: flow amplification / surprise; hawkish front-end pressure.
Top branch: recession_signal_strengthens (p=0.54)
Path: Risk-off pressure broadens and rates price a deeper slowdown. Tomorrow: 2Y lower, 10Y lower. +1w: curve higher, credit higher. +1m: VIX higher. Transition pressure low.
Leaf scenario: Credit widening intensifies; VIX stays bid"
2020-10,2020,10,inflation_shock,0.3812821370015315,0.3275164348266697,macro_confirmed,disproportion,flow unwind,regime rotation pressure,"moderately steep; bear steepening; 2s10s +0.74%, 3m10y +0.79%, 5s30s +1.27%.","Breakeven 1.70% (+0.07), credit 2.61% (-0.14), VIX avg 29.4, oil 35.6 (-2.9).","Inflation momentum cools and rates retrace toward a cleaner equilibrium. Tomorrow: 2Y lower, 10Y lower. +1w: curve higher, credit lower. +1m: VIX lower. Transition pressure low.",containment_normalization,0.4466016419411583,2020-10-30,"2020-10: Inflation Shock
Month-end: 2020-10-30
Avg regime probability: 0.38
Transition pressure: 0.33 (low)
Expectedness: macro-confirmed [macro_consistent:64%, mixed:27%, likely_flow_amplified:9%]
Curve: moderately steep; bear steepening; 2s10s +0.74%, 3m10y +0.79%, 5s30s +1.27%.
Market / macro: Breakeven 1.70% (+0.07), credit 2.61% (-0.14), VIX avg 29.4, oil 35.6 (-2.9).
Top drivers: flow unwind; regime rotation pressure.
Top branch: containment_normalization (p=0.45)
Path: Inflation momentum cools and rates retrace toward a cleaner equilibrium. Tomorrow: 2Y lower, 10Y lower. +1w: curve higher, credit lower. +1m: VIX lower. Transition pressure low.
Leaf scenario: Commodity impulse fades; policy credibility improves"
2020-11,2020,11,inflation_shock,0.4978776502953094,0.3111550641402817,macro_confirmed,disproportion,flow unwind,risk relief,"moderately steep; mixed repricing; 2s10s +0.68%, 3m10y +0.76%, 5s30s +1.22%.","Breakeven 1.77% (+0.06), credit 2.29% (-0.31), VIX avg 24.8, oil 45.2 (+8.6).","Inflation momentum cools and rates retrace toward a cleaner equilibrium. Tomorrow: 2Y lower, 10Y lower. +1w: curve higher, credit lower. +1m: VIX lower. Transition pressure low.",containment_normalization,0.4473373104814306,2020-11-30,"2020-11: Inflation Shock
Month-end: 2020-11-30
Avg regime probability: 0.50
Transition pressure: 0.31 (low)
Expectedness: macro-confirmed [macro_consistent:52%, mixed:29%, likely_flow_amplified:19%]
Curve: moderately steep; mixed repricing; 2s10s +0.68%, 3m10y +0.76%, 5s30s +1.22%.
Market / macro: Breakeven 1.77% (+0.06), credit 2.29% (-0.31), VIX avg 24.8, oil 45.2 (+8.6).
Top drivers: flow unwind; risk relief.
Top branch: containment_normalization (p=0.45)
Path: Inflation momentum cools and rates retrace toward a cleaner equilibrium. Tomorrow: 2Y lower, 10Y lower. +1w: curve higher, credit lower. +1m: VIX lower. Transition pressure low.
Leaf scenario: Commodity impulse fades; policy credibility improves"
2020-12,2020,12,inflation_shock,0.4534190209722287,0.15855975967130317,macro_confirmed,inflation,inflation / oil impulse,flow unwind,"moderately steep; mixed repricing; 2s10s +0.80%, 3m10y +0.84%, 5s30s +1.29%.","Breakeven 1.99% (+0.18), credit 2.18% (-0.10), VIX avg 22.3, oil 48.4 (+3.8).","Inflation remains dominant and front-end repricing extends. Tomorrow: 2Y higher, 10Y higher. +1w: curve lower, credit higher. +1m: VIX higher. Transition pressure low.",inflation_persists,0.5489850352524065,2020-12-31,"2020-12: Inflation Shock
Month-end: 2020-12-31
Avg regime probability: 0.45
Transition pressure: 0.16 (low)
Expectedness: macro-confirmed [macro_consistent:48%, mixed:26%, likely_flow_amplified:26%]
Curve: moderately steep; mixed repricing; 2s10s +0.80%, 3m10y +0.84%, 5s30s +1.29%.
Market / macro: Breakeven 1.99% (+0.18), credit 2.18% (-0.10), VIX avg 22.3, oil 48.4 (+3.8).
Top drivers: inflation / oil impulse; flow unwind.
Top branch: inflation_persists (p=0.55)
Path: Inflation remains dominant and front-end repricing extends. Tomorrow: 2Y higher, 10Y higher. +1w: curve lower, credit higher. +1m: VIX higher. Transition pressure low.
Leaf scenario: Energy impulse re-accelerates; breakevens keep grinding higher"
2021-01,2021,1,mixed_transition,0.6538653029018249,0.2967580082909283,flow_amplified,risk,risk-off / credit stress,policy relief,"moderately steep; mixed repricing; 2s10s +1.00%, 3m10y +1.05%, 5s30s +1.42%.","Breakeven 2.13% (+0.14), credit 2.17% (-0.01), VIX avg 24.8, oil 52.2 (+3.8).","Existing moves extend as positioning and narrative momentum reinforce one another. Tomorrow: 2Y higher, 10Y higher. +1w: curve lower, credit higher. +1m: VIX higher. Transition pressure low.",amplification,0.38452197759782414,2021-01-29,"2021-01: Mixed Transition
Month-end: 2021-01-29
Avg regime probability: 0.65
Transition pressure: 0.30 (low)
Expectedness: flow-amplified [macro_consistent:29%, mixed:29%, likely_flow_amplified:43%]
Curve: moderately steep; mixed repricing; 2s10s +1.00%, 3m10y +1.05%, 5s30s +1.42%.
Market / macro: Breakeven 2.13% (+0.14), credit 2.17% (-0.01), VIX avg 24.8, oil 52.2 (+3.8).
Top drivers: risk-off / credit stress; policy relief.
Top branch: amplification (p=0.38)
Path: Existing moves extend as positioning and narrative momentum reinforce one another. Tomorrow: 2Y higher, 10Y higher. +1w: curve lower, credit higher. +1m: VIX higher. Transition pressure low.
Leaf scenario: Move broadens across rates and risk; flow pressure stays elevated"
2021-02,2021,2,inflation_shock,0.46105618164212275,0.29956940578632846,flow_amplified,disproportion,flow unwind,regime rotation pressure,"moderately steep; bear steepening; 2s10s +1.30%, 3m10y +1.40%, 5s30s +1.42%.","Breakeven 2.15% (+0.04), credit 2.12% (-0.07), VIX avg 23.0, oil 61.5 (+8.0).","Inflation momentum cools and rates retrace toward a cleaner equilibrium. Tomorrow: 2Y lower, 10Y lower. +1w: curve higher, credit lower. +1m: VIX lower. Transition pressure low.",containment_normalization,0.5119832579946845,2021-02-26,"2021-02: Inflation Shock
Month-end: 2021-02-26
Avg regime probability: 0.46
Transition pressure: 0.30 (low)
Expectedness: flow-amplified [macro_consistent:30%, mixed:30%, likely_flow_amplified:40%]
Curve: moderately steep; bear steepening; 2s10s +1.30%, 3m10y +1.40%, 5s30s +1.42%.
Market / macro: Breakeven 2.15% (+0.04), credit 2.12% (-0.07), VIX avg 23.0, oil 61.5 (+8.0).
Top drivers: flow unwind; regime rotation pressure.
Top branch: containment_normalization (p=0.51)
Path: Inflation momentum cools and rates retrace toward a cleaner equilibrium. Tomorrow: 2Y lower, 10Y lower. +1w: curve higher, credit lower. +1m: VIX lower. Transition pressure low.
Leaf scenario: Commodity impulse fades; policy credibility improves"
2021-03,2021,3,inflation_shock,0.5011446255402805,0.2803025332505488,contested,disproportion,flow unwind,risk relief,"steep; bear steepening; 2s10s +1.58%, 3m10y +1.71%, 5s30s +1.49%.","Breakeven 2.37% (+0.21), credit 2.03% (-0.10), VIX avg 21.8, oil 59.2 (-1.4).","Inflation remains dominant and front-end repricing extends. Tomorrow: 2Y higher, 10Y higher. +1w: curve lower, credit higher. +1m: VIX higher. Transition pressure low.",inflation_persists,0.4354017299050942,2021-03-31,"2021-03: Inflation Shock
Month-end: 2021-03-31
Avg regime probability: 0.50
Transition pressure: 0.28 (low)
Expectedness: contested [macro_consistent:43%, mixed:39%, likely_flow_amplified:17%]
Curve: steep; bear steepening; 2s10s +1.58%, 3m10y +1.71%, 5s30s +1.49%.
Market / macro: Breakeven 2.37% (+0.21), credit 2.03% (-0.10), VIX avg 21.8, oil 59.2 (-1.4).
Top drivers: flow unwind; risk relief.
Top branch: inflation_persists (p=0.44)
Path: Inflation remains dominant and front-end repricing extends. Tomorrow: 2Y higher, 10Y higher. +1w: curve lower, credit higher. +1m: VIX higher. Transition pressure low.
Leaf scenario: Energy impulse re-accelerates; breakevens keep grinding higher"
2021-04,2021,4,mixed_transition,0.5946972653957521,0.1541718910820739,macro_confirmed,inflation,disinflation / oil fade,flow amplification / surprise,"moderately steep; bull flattening; 2s10s +1.49%, 3m10y +1.64%, 5s30s +1.44%.","Breakeven 2.41% (+0.06), credit 1.96% (-0.02), VIX avg 17.4, oil 63.5 (+2.1).","Existing moves extend as positioning and narrative momentum reinforce one another. Tomorrow: 2Y higher, 10Y higher. +1w: curve lower, credit higher. +1m: VIX higher. Transition pressure low.",amplification,0.41941744147042825,2021-04-30,"2021-04: Mixed Transition
Month-end: 2021-04-30
Avg regime probability: 0.59
Transition pressure: 0.15 (low)
Expectedness: macro-confirmed [macro_consistent:55%, mixed:32%, likely_flow_amplified:14%]
Curve: moderately steep; bull flattening; 2s10s +1.49%, 3m10y +1.64%, 5s30s +1.44%.
Market / macro: Breakeven 2.41% (+0.06), credit 1.96% (-0.02), VIX avg 17.4, oil 63.5 (+2.1).
Top drivers: disinflation / oil fade; flow amplification / surprise.
Top branch: amplification (p=0.42)
Path: Existing moves extend as positioning and narrative momentum reinforce one another. Tomorrow: 2Y higher, 10Y higher. +1w: curve lower, credit higher. +1m: VIX higher. Transition pressure low.
Leaf scenario: Move broadens across rates and risk; flow pressure stays elevated"
2021-05,2021,5,mixed_transition,0.6437956903240662,0.2679876866401894,flow_amplified,disproportion,flow amplification / surprise,regime rotation pressure,"moderately steep; bull flattening; 2s10s +1.44%, 3m10y +1.57%, 5s30s +1.47%.","Breakeven 2.42% (+0.00), credit 1.99% (+0.03), VIX avg 19.6, oil 66.3 (+1.9).","Existing moves extend as positioning and narrative momentum reinforce one another. Tomorrow: 2Y higher, 10Y higher. +1w: curve lower, credit higher. +1m: VIX higher. Transition pressure low.",amplification,0.37427144301002835,2021-05-31,"2021-05: Mixed Transition
Month-end: 2021-05-31
Avg regime probability: 0.64
Transition pressure: 0.27 (low)
Expectedness: flow-amplified [macro_consistent:33%, mixed:29%, likely_flow_amplified:38%]
Curve: moderately steep; bull flattening; 2s10s +1.44%, 3m10y +1.57%, 5s30s +1.47%.
Market / macro: Breakeven 2.42% (+0.00), credit 1.99% (+0.03), VIX avg 19.6, oil 66.3 (+1.9).
Top drivers: flow amplification / surprise; regime rotation pressure.
Top branch: amplification (p=0.37)
Path: Existing moves extend as positioning and narrative momentum reinforce one another. Tomorrow: 2Y higher, 10Y higher. +1w: curve lower, credit higher. +1m: VIX higher. Transition pressure low.
Leaf scenario: Move broadens across rates and risk; flow pressure stays elevated"
2021-06,2021,6,policy_constraint,0.4461311151493035,0.16601984134914669,macro_confirmed,disproportion,flow unwind,risk relief,"moderately steep; mixed repricing; 2s10s +1.20%, 3m10y +1.40%, 5s30s +1.19%.","Breakeven 2.32% (-0.14), credit 1.87% (-0.10), VIX avg 17.0, oil 73.5 (+5.7).","Policy pressure eases and front-end rates retrace without a major growth shock. Tomorrow: 2Y lower, 10Y lower. +1w: curve higher, credit lower. +1m: VIX lower. Transition pressure low.",front_end_relief,0.4324077555849207,2021-06-30,"2021-06: Policy Constraint
Month-end: 2021-06-30
Avg regime probability: 0.45
Transition pressure: 0.17 (low)
Expectedness: macro-confirmed [macro_consistent:41%, mixed:27%, likely_flow_amplified:32%]
Curve: moderately steep; mixed repricing; 2s10s +1.20%, 3m10y +1.40%, 5s30s +1.19%.
Market / macro: Breakeven 2.32% (-0.14), credit 1.87% (-0.10), VIX avg 17.0, oil 73.5 (+5.7).
Top drivers: flow unwind; risk relief.
Top branch: front_end_relief (p=0.43)
Path: Policy pressure eases and front-end rates retrace without a major growth shock. Tomorrow: 2Y lower, 10Y lower. +1w: curve higher, credit lower. +1m: VIX lower. Transition pressure low.
Leaf scenario: Data moderation lowers the policy premium; vol declines"
2021-07,2021,7,growth_scare,0.38988702228782685,0.17128411527320964,macro_confirmed,inflation,disinflation / oil fade,risk-off / credit stress,"moderately steep; bull flattening; 2s10s +1.05%, 3m10y +1.18%, 5s30s +1.20%.","Breakeven 2.40% (+0.05), credit 1.95% (+0.09), VIX avg 17.5, oil 73.9 (-1.4).","Risk-off pressure broadens and rates price a deeper slowdown. Tomorrow: 2Y lower, 10Y lower. +1w: curve higher, credit higher. +1m: VIX higher. Transition pressure low.",recession_signal_strengthens,0.5763326375764287,2021-07-30,"2021-07: Growth Scare
Month-end: 2021-07-30
Avg regime probability: 0.39
Transition pressure: 0.17 (low)
Expectedness: macro-confirmed [macro_consistent:68%, mixed:27%, likely_flow_amplified:5%]
Curve: moderately steep; bull flattening; 2s10s +1.05%, 3m10y +1.18%, 5s30s +1.20%.
Market / macro: Breakeven 2.40% (+0.05), credit 1.95% (+0.09), VIX avg 17.5, oil 73.9 (-1.4).
Top drivers: disinflation / oil fade; risk-off / credit stress.
Top branch: recession_signal_strengthens (p=0.58)
Path: Risk-off pressure broadens and rates price a deeper slowdown. Tomorrow: 2Y lower, 10Y lower. +1w: curve higher, credit higher. +1m: VIX higher. Transition pressure low.
Leaf scenario: Credit widening intensifies; VIX stays bid"
2021-08,2021,8,policy_constraint,0.35214851261120445,0.17033996355347703,macro_confirmed,disproportion,flow amplification / surprise,disinflation / oil fade,"moderately steep; bear steepening; 2s10s +1.10%, 3m10y +1.26%, 5s30s +1.15%.","Breakeven 2.33% (-0.04), credit 1.94% (-0.01), VIX avg 17.5, oil 68.4 (-2.9).","The front end remains pinned by policy credibility and restrictive guidance. Tomorrow: 2Y higher, 10Y higher. +1w: curve lower, credit higher. +1m: VIX higher. Transition pressure low.",policy_stays_tight,0.4160410846168003,2021-08-31,"2021-08: Policy Constraint
Month-end: 2021-08-31
Avg regime probability: 0.35
Transition pressure: 0.17 (low)
Expectedness: macro-confirmed [macro_consistent:50%, mixed:27%, likely_flow_amplified:23%]
Curve: moderately steep; bear steepening; 2s10s +1.10%, 3m10y +1.26%, 5s30s +1.15%.
Market / macro: Breakeven 2.33% (-0.04), credit 1.94% (-0.01), VIX avg 17.5, oil 68.4 (-2.9).
Top drivers: flow amplification / surprise; disinflation / oil fade.
Top branch: policy_stays_tight (p=0.42)
Path: The front end remains pinned by policy credibility and restrictive guidance. Tomorrow: 2Y higher, 10Y higher. +1w: curve lower, credit higher. +1m: VIX higher. Transition pressure low.
Leaf scenario: Front-end yields grind higher; curve keeps flattening"
2021-09,2021,9,inflation_shock,0.38447777641020914,0.23205731314435046,contested,risk,risk-off / credit stress,flow amplification / surprise,"moderately steep; bear steepening; 2s10s +1.24%, 3m10y +1.48%, 5s30s +1.10%.","Breakeven 2.37% (+0.03), credit 1.85% (-0.07), VIX avg 19.7, oil 75.2 (+6.6).","Inflation remains sticky, but growth damage starts to dominate market pricing. Tomorrow: 2Y lower, 10Y lower. +1w: curve higher, credit higher. +1m: VIX higher. Transition pressure low.",growth_deterioration,0.38144850785591455,2021-09-30,"2021-09: Inflation Shock
Month-end: 2021-09-30
Avg regime probability: 0.38
Transition pressure: 0.23 (low)
Expectedness: contested [macro_consistent:41%, mixed:36%, likely_flow_amplified:23%]
Curve: moderately steep; bear steepening; 2s10s +1.24%, 3m10y +1.48%, 5s30s +1.10%.
Market / macro: Breakeven 2.37% (+0.03), credit 1.85% (-0.07), VIX avg 19.7, oil 75.2 (+6.6).
Top drivers: risk-off / credit stress; flow amplification / surprise.
Top branch: growth_deterioration (p=0.38)
Path: Inflation remains sticky, but growth damage starts to dominate market pricing. Tomorrow: 2Y lower, 10Y lower. +1w: curve higher, credit higher. +1m: VIX higher. Transition pressure low.
Leaf scenario: Credit cracks widen; curve bull-steepens on growth fears"
2021-10,2021,10,mixed_transition,0.6033535379477633,0.16825287753383883,contested,inflation,disinflation / oil fade,flow unwind,"moderately steep; bear flattening; 2s10s +1.07%, 3m10y +1.50%, 5s30s +0.75%.","Breakeven 2.51% (+0.13), credit 1.69% (-0.16), VIX avg 17.9, oil 83.5 (+7.5).","The system stabilizes and daily moves fade into a tighter range. Tomorrow: 2Y lower, 10Y lower. +1w: curve higher, credit lower. +1m: VIX lower. Transition pressure low.",containment,0.40186422315040815,2021-10-29,"2021-10: Mixed Transition
Month-end: 2021-10-29
Avg regime probability: 0.60
Transition pressure: 0.17 (low)
Expectedness: contested [macro_consistent:38%, mixed:43%, likely_flow_amplified:19%]
Curve: moderately steep; bear flattening; 2s10s +1.07%, 3m10y +1.50%, 5s30s +0.75%.
Market / macro: Breakeven 2.51% (+0.13), credit 1.69% (-0.16), VIX avg 17.9, oil 83.5 (+7.5).
Top drivers: disinflation / oil fade; flow unwind.
Top branch: containment (p=0.40)
Path: The system stabilizes and daily moves fade into a tighter range. Tomorrow: 2Y lower, 10Y lower. +1w: curve higher, credit lower. +1m: VIX lower. Transition pressure low.
Leaf scenario: Market internals calm; scenario dispersion compresses"
2021-11,2021,11,growth_scare,0.48246623216310025,0.2801733978483765,macro_confirmed,risk,risk-off / credit stress,disinflation / oil fade,"moderately steep; mixed repricing; 2s10s +0.91%, 3m10y +1.38%, 5s30s +0.64%.","Breakeven 2.50% (+0.00), credit 1.81% (+0.12), VIX avg 18.5, oil 66.1 (-17.9).","Risk-off pressure broadens and rates price a deeper slowdown. Tomorrow: 2Y lower, 10Y lower. +1w: curve higher, credit higher. +1m: VIX higher. Transition pressure low.",recession_signal_strengthens,0.7946584776519231,2021-11-30,"2021-11: Growth Scare
Month-end: 2021-11-30
Avg regime probability: 0.48
Transition pressure: 0.28 (low)
Expectedness: macro-confirmed [macro_consistent:64%, mixed:23%, likely_flow_amplified:14%]
Curve: moderately steep; mixed repricing; 2s10s +0.91%, 3m10y +1.38%, 5s30s +0.64%.
Market / macro: Breakeven 2.50% (+0.00), credit 1.81% (+0.12), VIX avg 18.5, oil 66.1 (-17.9).
Top drivers: risk-off / credit stress; disinflation / oil fade.
Top branch: recession_signal_strengthens (p=0.79)
Path: Risk-off pressure broadens and rates price a deeper slowdown. Tomorrow: 2Y lower, 10Y lower. +1w: curve higher, credit higher. +1m: VIX higher. Transition pressure low.
Leaf scenario: Credit widening intensifies; VIX stays bid"
2021-12,2021,12,policy_constraint,0.40793246231235664,0.23319368747154642,macro_confirmed,inflation,disinflation / oil fade,flow amplification / surprise,"moderately steep; bear flattening; 2s10s +0.79%, 3m10y +1.46%, 5s30s +0.64%.","Breakeven 2.56% (+0.12), credit 1.85% (+0.04), VIX avg 21.2, oil 75.3 (+9.9).","The front end remains pinned by policy credibility and restrictive guidance. Tomorrow: 2Y higher, 10Y higher. +1w: curve lower, credit higher. +1m: VIX higher. Transition pressure low.",policy_stays_tight,0.400059722184088,2021-12-31,"2021-12: Policy Constraint
Month-end: 2021-12-31
Avg regime probability: 0.41
Transition pressure: 0.23 (low)
Expectedness: macro-confirmed [macro_consistent:74%, mixed:26%, likely_flow_amplified:0%]
Curve: moderately steep; bear flattening; 2s10s +0.79%, 3m10y +1.46%, 5s30s +0.64%.
Market / macro: Breakeven 2.56% (+0.12), credit 1.85% (+0.04), VIX avg 21.2, oil 75.3 (+9.9).
Top drivers: disinflation / oil fade; flow amplification / surprise.
Top branch: policy_stays_tight (p=0.40)
Path: The front end remains pinned by policy credibility and restrictive guidance. Tomorrow: 2Y higher, 10Y higher. +1w: curve lower, credit higher. +1m: VIX higher. Transition pressure low.
Leaf scenario: Front-end yields grind higher; curve keeps flattening"
2022-01,2022,1,policy_constraint,0.4500533080772617,0.2156870326713563,contested,disproportion,flow amplification / surprise,hawkish front-end pressure,"moderately steep; bear flattening; 2s10s +0.61%, 3m10y +1.57%, 5s30s +0.49%.","Breakeven 2.44% (-0.16), credit 1.93% (+0.11), VIX avg 23.0, oil 89.2 (+13.2).","The front end remains pinned by policy credibility and restrictive guidance. Tomorrow: 2Y higher, 10Y higher. +1w: curve lower, credit higher. +1m: VIX higher. Transition pressure low.",policy_stays_tight,0.57961147146311,2022-01-31,"2022-01: Policy Constraint
Month-end: 2022-01-31
Avg regime probability: 0.45
Transition pressure: 0.22 (low)
Expectedness: contested [macro_consistent:33%, mixed:38%, likely_flow_amplified:29%]
Curve: moderately steep; bear flattening; 2s10s +0.61%, 3m10y +1.57%, 5s30s +0.49%.
Market / macro: Breakeven 2.44% (-0.16), credit 1.93% (+0.11), VIX avg 23.0, oil 89.2 (+13.2).
Top drivers: flow amplification / surprise; hawkish front-end pressure.
Top branch: policy_stays_tight (p=0.58)
Path: The front end remains pinned by policy credibility and restrictive guidance. Tomorrow: 2Y higher, 10Y higher. +1w: curve lower, credit higher. +1m: VIX higher. Transition pressure low.
Leaf scenario: Front-end yields grind higher; curve keeps flattening"
2022-02,2022,2,growth_scare,0.4274892986628389,0.342492949529147,macro_confirmed,risk,risk-off / credit stress,inflation / oil impulse,"flat / mildly positive; bear flattening; 2s10s +0.39%, 3m10y +1.48%, 5s30s +0.46%.","Breakeven 2.62% (+0.19), credit 2.34% (+0.42), VIX avg 25.8, oil 96.1 (+7.9).","Risk-off pressure broadens and rates price a deeper slowdown. Tomorrow: 2Y lower, 10Y lower. +1w: curve higher, credit higher. +1m: VIX higher. Transition pressure low.",recession_signal_strengthens,0.6486416442278993,2022-02-28,"2022-02: Growth Scare
Month-end: 2022-02-28
Avg regime probability: 0.43
Transition pressure: 0.34 (low)
Expectedness: macro-confirmed [macro_consistent:75%, mixed:15%, likely_flow_amplified:10%]
Curve: flat / mildly positive; bear flattening; 2s10s +0.39%, 3m10y +1.48%, 5s30s +0.46%.
Market / macro: Breakeven 2.62% (+0.19), credit 2.34% (+0.42), VIX avg 25.8, oil 96.1 (+7.9).
Top drivers: risk-off / credit stress; inflation / oil impulse.
Top branch: recession_signal_strengthens (p=0.65)
Path: Risk-off pressure broadens and rates price a deeper slowdown. Tomorrow: 2Y lower, 10Y lower. +1w: curve higher, credit higher. +1m: VIX higher. Transition pressure low.
Leaf scenario: Credit widening intensifies; VIX stays bid"
2022-03,2022,3,policy_constraint,0.5541967970344593,0.36586084213102116,macro_confirmed,inflation,disinflation / oil fade,risk-off / credit stress,"flat / mildly positive; bear flattening; 2s10s +0.04%, 3m10y +1.80%, 5s30s +0.02%.","Breakeven 2.84% (+0.22), credit 1.93% (-0.32), VIX avg 27.0, oil 100.5 (-3.1).","Policy pressure eases and front-end rates retrace without a major growth shock. Tomorrow: 2Y lower, 10Y lower. +1w: curve higher, credit lower. +1m: VIX lower. Transition pressure low.",front_end_relief,0.4228224370190843,2022-03-31,"2022-03: Policy Constraint
Month-end: 2022-03-31
Avg regime probability: 0.55
Transition pressure: 0.37 (low)
Expectedness: macro-confirmed [macro_consistent:65%, mixed:13%, likely_flow_amplified:22%]
Curve: flat / mildly positive; bear flattening; 2s10s +0.04%, 3m10y +1.80%, 5s30s +0.02%.
Market / macro: Breakeven 2.84% (+0.22), credit 1.93% (-0.32), VIX avg 27.0, oil 100.5 (-3.1).
Top drivers: disinflation / oil fade; risk-off / credit stress.
Top branch: front_end_relief (p=0.42)
Path: Policy pressure eases and front-end rates retrace without a major growth shock. Tomorrow: 2Y lower, 10Y lower. +1w: curve higher, credit lower. +1m: VIX lower. Transition pressure low.
Leaf scenario: Data moderation lowers the policy premium; vol declines"
2022-04,2022,4,mixed_transition,0.6249284630811501,0.31901025259341076,macro_confirmed,inflation,disinflation / oil fade,flow amplification / surprise,"flat / mildly positive; bear steepening; 2s10s +0.19%, 3m10y +2.04%, 5s30s +0.04%.","Breakeven 2.88% (+0.08), credit 2.05% (+0.24), VIX avg 24.3, oil 104.6 (+5.3).","Existing moves extend as positioning and narrative momentum reinforce one another. Tomorrow: 2Y higher, 10Y higher. +1w: curve lower, credit higher. +1m: VIX higher. Transition pressure low.",amplification,0.723034448434502,2022-04-29,"2022-04: Mixed Transition
Month-end: 2022-04-29
Avg regime probability: 0.62
Transition pressure: 0.32 (low)
Expectedness: macro-confirmed [macro_consistent:67%, mixed:24%, likely_flow_amplified:10%]
Curve: flat / mildly positive; bear steepening; 2s10s +0.19%, 3m10y +2.04%, 5s30s +0.04%.
Market / macro: Breakeven 2.88% (+0.08), credit 2.05% (+0.24), VIX avg 24.3, oil 104.6 (+5.3).
Top drivers: disinflation / oil fade; flow amplification / surprise.
Top branch: amplification (p=0.72)
Path: Existing moves extend as positioning and narrative momentum reinforce one another. Tomorrow: 2Y higher, 10Y higher. +1w: curve lower, credit higher. +1m: VIX higher. Transition pressure low.
Leaf scenario: Move broadens across rates and risk; flow pressure stays elevated"
2022-05,2022,5,growth_scare,0.4345284848526663,0.29870703048204106,macro_confirmed,risk,risk relief,hawkish front-end pressure,"flat / mildly positive; bull steepening; 2s10s +0.32%, 3m10y +1.69%, 5s30s +0.26%.","Breakeven 2.64% (-0.17), credit 2.18% (+0.10), VIX avg 29.3, oil 114.4 (+9.2).","Growth fears stop worsening and markets move toward a calmer range. Tomorrow: 2Y higher, 10Y higher. +1w: curve flat, credit lower. +1m: VIX lower. Transition pressure low.",stabilization,0.4651730149834653,2022-05-31,"2022-05: Growth Scare
Month-end: 2022-05-31
Avg regime probability: 0.43
Transition pressure: 0.30 (low)
Expectedness: macro-confirmed [macro_consistent:68%, mixed:18%, likely_flow_amplified:14%]
Curve: flat / mildly positive; bull steepening; 2s10s +0.32%, 3m10y +1.69%, 5s30s +0.26%.
Market / macro: Breakeven 2.64% (-0.17), credit 2.18% (+0.10), VIX avg 29.3, oil 114.4 (+9.2).
Top drivers: risk relief; hawkish front-end pressure.
Top branch: stabilization (p=0.47)
Path: Growth fears stop worsening and markets move toward a calmer range. Tomorrow: 2Y higher, 10Y higher. +1w: curve flat, credit lower. +1m: VIX lower. Transition pressure low.
Leaf scenario: Volatility cools; credit stops widening"
2022-06,2022,6,policy_constraint,0.5084896409967631,0.4387786150152403,macro_confirmed,policy,policy relief,risk-off / credit stress,"flat / mildly positive; bear flattening; 2s10s +0.06%, 3m10y +1.26%, 5s30s +0.13%.","Breakeven 2.33% (-0.32), credit 2.31% (+0.23), VIX avg 28.2, oil 107.8 (-7.5).","Policy pressure eases and front-end rates retrace without a major growth shock. Tomorrow: 2Y lower, 10Y lower. +1w: curve higher, credit lower. +1m: VIX lower. Transition pressure low.",front_end_relief,0.609238264466933,2022-06-30,"2022-06: Policy Constraint
Month-end: 2022-06-30
Avg regime probability: 0.51
Transition pressure: 0.44 (low)
Expectedness: macro-confirmed [macro_consistent:59%, mixed:27%, likely_flow_amplified:14%]
Curve: flat / mildly positive; bear flattening; 2s10s +0.06%, 3m10y +1.26%, 5s30s +0.13%.
Market / macro: Breakeven 2.33% (-0.32), credit 2.31% (+0.23), VIX avg 28.2, oil 107.8 (-7.5).
Top drivers: policy relief; risk-off / credit stress.
Top branch: front_end_relief (p=0.61)
Path: Policy pressure eases and front-end rates retrace without a major growth shock. Tomorrow: 2Y lower, 10Y lower. +1w: curve higher, credit lower. +1m: VIX lower. Transition pressure low.
Leaf scenario: Data moderation lowers the policy premium; vol declines"
2022-07,2022,7,mixed_transition,0.6090655159721479,0.2978036481754289,macro_confirmed,risk,risk relief,inflation / oil impulse,"flat / mildly positive; bull flattening; 2s10s -0.22%, 3m10y +0.26%, 5s30s +0.30%.","Breakeven 2.53% (+0.19), credit 2.36% (-0.06), VIX avg 25.0, oil 101.3 (-9.0).","The system stabilizes and daily moves fade into a tighter range. Tomorrow: 2Y lower, 10Y lower. +1w: curve higher, credit lower. +1m: VIX lower. Transition pressure low.",containment,0.36904664371940615,2022-07-29,"2022-07: Mixed Transition
Month-end: 2022-07-29
Avg regime probability: 0.61
Transition pressure: 0.30 (low)
Expectedness: macro-confirmed [macro_consistent:67%, mixed:29%, likely_flow_amplified:5%]
Curve: flat / mildly positive; bull flattening; 2s10s -0.22%, 3m10y +0.26%, 5s30s +0.30%.
Market / macro: Breakeven 2.53% (+0.19), credit 2.36% (-0.06), VIX avg 25.0, oil 101.3 (-9.0).
Top drivers: risk relief; inflation / oil impulse.
Top branch: containment (p=0.37)
Path: The system stabilizes and daily moves fade into a tighter range. Tomorrow: 2Y lower, 10Y lower. +1w: curve higher, credit lower. +1m: VIX lower. Transition pressure low.
Leaf scenario: Market internals calm; scenario dispersion compresses"
2022-08,2022,8,policy_constraint,0.5020630899460549,0.24808622492271126,macro_confirmed,inflation,disinflation / oil fade,policy relief,"inversion; bear flattening; 2s10s -0.30%, 3m10y +0.19%, 5s30s -0.03%.","Breakeven 2.48% (-0.03), credit 2.18% (-0.20), VIX avg 22.2, oil 90.1 (-6.5).","Policy pressure eases and front-end rates retrace without a major growth shock. Tomorrow: 2Y lower, 10Y lower. +1w: curve higher, credit lower. +1m: VIX lower. Transition pressure low.",front_end_relief,0.456063809713911,2022-08-31,"2022-08: Policy Constraint
Month-end: 2022-08-31
Avg regime probability: 0.50
Transition pressure: 0.25 (low)
Expectedness: macro-confirmed [macro_consistent:78%, mixed:17%, likely_flow_amplified:4%]
Curve: inversion; bear flattening; 2s10s -0.30%, 3m10y +0.19%, 5s30s -0.03%.
Market / macro: Breakeven 2.48% (-0.03), credit 2.18% (-0.20), VIX avg 22.2, oil 90.1 (-6.5).
Top drivers: disinflation / oil fade; policy relief.
Top branch: front_end_relief (p=0.46)
Path: Policy pressure eases and front-end rates retrace without a major growth shock. Tomorrow: 2Y lower, 10Y lower. +1w: curve higher, credit lower. +1m: VIX lower. Transition pressure low.
Leaf scenario: Data moderation lowers the policy premium; vol declines"
2022-09,2022,9,policy_constraint,0.5835075325764358,0.3888214589193692,contested,inflation,disinflation / oil fade,hawkish front-end pressure,"inversion; bear flattening; 2s10s -0.39%, 3m10y +0.50%, 5s30s -0.27%.","Breakeven 2.15% (-0.30), credit 2.24% (+0.02), VIX avg 27.3, oil 79.9 (-7.2).","The front end remains pinned by policy credibility and restrictive guidance. Tomorrow: 2Y higher, 10Y higher. +1w: curve lower, credit higher. +1m: VIX higher. Transition pressure low.",policy_stays_tight,0.5074476766285171,2022-09-30,"2022-09: Policy Constraint
Month-end: 2022-09-30
Avg regime probability: 0.58
Transition pressure: 0.39 (low)
Expectedness: contested [macro_consistent:32%, mixed:41%, likely_flow_amplified:27%]
Curve: inversion; bear flattening; 2s10s -0.39%, 3m10y +0.50%, 5s30s -0.27%.
Market / macro: Breakeven 2.15% (-0.30), credit 2.24% (+0.02), VIX avg 27.3, oil 79.9 (-7.2).
Top drivers: disinflation / oil fade; hawkish front-end pressure.
Top branch: policy_stays_tight (p=0.51)
Path: The front end remains pinned by policy credibility and restrictive guidance. Tomorrow: 2Y higher, 10Y higher. +1w: curve lower, credit higher. +1m: VIX higher. Transition pressure low.
Leaf scenario: Front-end yields grind higher; curve keeps flattening"
2022-10,2022,10,inflation_shock,0.4882427189477281,0.4162949656727358,macro_confirmed,policy,hawkish front-end pressure,flow amplification / surprise,"inversion; bear flattening; 2s10s -0.41%, 3m10y -0.12%, 5s30s -0.05%.","Breakeven 2.52% (+0.28), credit 2.28% (-0.01), VIX avg 30.0, oil 86.5 (+2.5).","Inflation remains dominant and front-end repricing extends. Tomorrow: 2Y higher, 10Y higher. +1w: curve lower, credit higher. +1m: VIX higher. Transition pressure low.",inflation_persists,0.6642339268926208,2022-10-31,"2022-10: Inflation Shock
Month-end: 2022-10-31
Avg regime probability: 0.49
Transition pressure: 0.42 (low)
Expectedness: macro-confirmed [macro_consistent:67%, mixed:29%, likely_flow_amplified:5%]
Curve: inversion; bear flattening; 2s10s -0.41%, 3m10y -0.12%, 5s30s -0.05%.
Market / macro: Breakeven 2.52% (+0.28), credit 2.28% (-0.01), VIX avg 30.0, oil 86.5 (+2.5).
Top drivers: hawkish front-end pressure; flow amplification / surprise.
Top branch: inflation_persists (p=0.66)
Path: Inflation remains dominant and front-end repricing extends. Tomorrow: 2Y higher, 10Y higher. +1w: curve lower, credit higher. +1m: VIX higher. Transition pressure low.
Leaf scenario: Energy impulse re-accelerates; breakevens keep grinding higher"
2022-11,2022,11,policy_constraint,0.4439922614958118,0.30760784374374944,macro_confirmed,inflation,inflation / oil impulse,policy relief,"inversion; bull flattening; 2s10s -0.70%, 3m10y -0.69%, 5s30s -0.02%.","Breakeven 2.34% (-0.17), credit 2.15% (-0.07), VIX avg 23.3, oil 80.5 (-7.9).","Policy pressure eases and front-end rates retrace without a major growth shock. Tomorrow: 2Y lower, 10Y lower. +1w: curve higher, credit lower. +1m: VIX lower. Transition pressure low.",front_end_relief,0.5865313155824545,2022-11-30,"2022-11: Policy Constraint
Month-end: 2022-11-30
Avg regime probability: 0.44
Transition pressure: 0.31 (low)
Expectedness: macro-confirmed [macro_consistent:82%, mixed:9%, likely_flow_amplified:9%]
Curve: inversion; bull flattening; 2s10s -0.70%, 3m10y -0.69%, 5s30s -0.02%.
Market / macro: Breakeven 2.34% (-0.17), credit 2.15% (-0.07), VIX avg 23.3, oil 80.5 (-7.9).
Top drivers: inflation / oil impulse; policy relief.
Top branch: front_end_relief (p=0.59)
Path: Policy pressure eases and front-end rates retrace without a major growth shock. Tomorrow: 2Y lower, 10Y lower. +1w: curve higher, credit lower. +1m: VIX lower. Transition pressure low.
Leaf scenario: Data moderation lowers the policy premium; vol declines"
2022-12,2022,12,inflation_shock,0.39420878564831385,0.2714140123172823,macro_confirmed,policy,hawkish front-end pressure,flow amplification / surprise,"inversion; bear steepening; 2s10s -0.53%, 3m10y -0.54%, 5s30s -0.02%.","Breakeven 2.30% (-0.06), credit 1.99% (-0.10), VIX avg 21.7, oil 80.2 (-0.9).","Inflation remains dominant and front-end repricing extends. Tomorrow: 2Y higher, 10Y higher. +1w: curve lower, credit higher. +1m: VIX higher. Transition pressure low.",inflation_persists,0.7036844836282113,2022-12-30,"2022-12: Inflation Shock
Month-end: 2022-12-30
Avg regime probability: 0.39
Transition pressure: 0.27 (low)
Expectedness: macro-confirmed [macro_consistent:64%, mixed:27%, likely_flow_amplified:9%]
Curve: inversion; bear steepening; 2s10s -0.53%, 3m10y -0.54%, 5s30s -0.02%.
Market / macro: Breakeven 2.30% (-0.06), credit 1.99% (-0.10), VIX avg 21.7, oil 80.2 (-0.9).
Top drivers: hawkish front-end pressure; flow amplification / surprise.
Top branch: inflation_persists (p=0.70)
Path: Inflation remains dominant and front-end repricing extends. Tomorrow: 2Y higher, 10Y higher. +1w: curve lower, credit higher. +1m: VIX higher. Transition pressure low.
Leaf scenario: Energy impulse re-accelerates; breakevens keep grinding higher"
2023-01,2023,1,mixed_transition,0.6382613306261541,0.3293845316479499,contested,inflation,disinflation / oil fade,policy relief,"inversion; bull flattening; 2s10s -0.69%, 3m10y -1.18%, 5s30s +0.02%.","Breakeven 2.24% (-0.06), credit 1.90% (-0.09), VIX avg 20.2, oil 79.0 (-1.2).","A recent move mean-reverts as the initial catalyst loses traction. Tomorrow: 2Y lower, 10Y lower. +1w: curve higher, credit lower. +1m: VIX lower. Transition pressure low.",reversal,0.36293952143612734,2023-01-31,"2023-01: Mixed Transition
Month-end: 2023-01-31
Avg regime probability: 0.64
Transition pressure: 0.33 (low)
Expectedness: contested [macro_consistent:55%, mixed:41%, likely_flow_amplified:5%]
Curve: inversion; bull flattening; 2s10s -0.69%, 3m10y -1.18%, 5s30s +0.02%.
Market / macro: Breakeven 2.24% (-0.06), credit 1.90% (-0.09), VIX avg 20.2, oil 79.0 (-1.2).
Top drivers: disinflation / oil fade; policy relief.
Top branch: reversal (p=0.36)
Path: A recent move mean-reverts as the initial catalyst loses traction. Tomorrow: 2Y lower, 10Y lower. +1w: curve higher, credit lower. +1m: VIX lower. Transition pressure low.
Leaf scenario: Positioning unwinds; cross-asset confirmation fades"
2023-02,2023,2,policy_constraint,0.4896621938953133,0.2750523588375053,macro_confirmed,inflation,inflation / oil impulse,hawkish front-end pressure,"inversion; bear flattening; 2s10s -0.89%, 3m10y -0.96%, 5s30s -0.25%.","Breakeven 2.43% (+0.18), credit 1.90% (-0.01), VIX avg 20.1, oil 76.9 (+0.5).","The front end remains pinned by policy credibility and restrictive guidance. Tomorrow: 2Y higher, 10Y higher. +1w: curve lower, credit higher. +1m: VIX higher. Transition pressure low.",policy_stays_tight,0.582565712342289,2023-02-28,"2023-02: Policy Constraint
Month-end: 2023-02-28
Avg regime probability: 0.49
Transition pressure: 0.28 (low)
Expectedness: macro-confirmed [macro_consistent:75%, mixed:10%, likely_flow_amplified:15%]
Curve: inversion; bear flattening; 2s10s -0.89%, 3m10y -0.96%, 5s30s -0.25%.
Market / macro: Breakeven 2.43% (+0.18), credit 1.90% (-0.01), VIX avg 20.1, oil 76.9 (+0.5).
Top drivers: inflation / oil impulse; hawkish front-end pressure.
Top branch: policy_stays_tight (p=0.58)
Path: The front end remains pinned by policy credibility and restrictive guidance. Tomorrow: 2Y higher, 10Y higher. +1w: curve lower, credit higher. +1m: VIX higher. Transition pressure low.
Leaf scenario: Front-end yields grind higher; curve keeps flattening"
2023-03,2023,3,mixed_transition,0.7681675904522182,0.6233359727206236,contested,transition,regime rotation pressure,policy relief,"inversion; bull steepening; 2s10s -0.58%, 3m10y -1.37%, 5s30s +0.07%.","Breakeven 2.32% (-0.12), credit 2.11% (+0.27), VIX avg 21.6, oil 75.7 (-1.9).","The system stabilizes and daily moves fade into a tighter range. Tomorrow: 2Y lower, 10Y lower. +1w: curve higher, credit lower. +1m: VIX lower. Transition pressure low.",containment,0.35575085799568384,2023-03-31,"2023-03: Mixed Transition
Month-end: 2023-03-31
Avg regime probability: 0.77
Transition pressure: 0.62 (low)
Expectedness: contested [macro_consistent:43%, mixed:39%, likely_flow_amplified:17%]
Curve: inversion; bull steepening; 2s10s -0.58%, 3m10y -1.37%, 5s30s +0.07%.
Market / macro: Breakeven 2.32% (-0.12), credit 2.11% (+0.27), VIX avg 21.6, oil 75.7 (-1.9).
Top drivers: regime rotation pressure; policy relief.
Top branch: containment (p=0.36)
Path: The system stabilizes and daily moves fade into a tighter range. Tomorrow: 2Y lower, 10Y lower. +1w: curve higher, credit lower. +1m: VIX lower. Transition pressure low.
Leaf scenario: Market internals calm; scenario dispersion compresses"
2023-04,2023,4,policy_constraint,0.3804365396958417,0.3800510286397386,macro_confirmed,inflation,disinflation / oil fade,regime rotation pressure,"inversion; bull flattening; 2s10s -0.60%, 3m10y -1.66%, 5s30s +0.16%.","Breakeven 2.18% (-0.11), credit 2.08% (-0.03), VIX avg 17.8, oil 76.8 (-3.6).","Policy pressure eases and front-end rates retrace without a major growth shock. Tomorrow: 2Y lower, 10Y lower. +1w: curve higher, credit lower. +1m: VIX lower. Transition pressure low.",front_end_relief,0.3824593239407537,2023-04-28,"2023-04: Policy Constraint
Month-end: 2023-04-28
Avg regime probability: 0.38
Transition pressure: 0.38 (low)
Expectedness: macro-confirmed [macro_consistent:80%, mixed:15%, likely_flow_amplified:5%]
Curve: inversion; bull flattening; 2s10s -0.60%, 3m10y -1.66%, 5s30s +0.16%.
Market / macro: Breakeven 2.18% (-0.11), credit 2.08% (-0.03), VIX avg 17.8, oil 76.8 (-3.6).
Top drivers: disinflation / oil fade; regime rotation pressure.
Top branch: front_end_relief (p=0.38)
Path: Policy pressure eases and front-end rates retrace without a major growth shock. Tomorrow: 2Y lower, 10Y lower. +1w: curve higher, credit lower. +1m: VIX lower. Transition pressure low.
Leaf scenario: Data moderation lowers the policy premium; vol declines"
2023-05,2023,5,policy_constraint,0.43886043415392373,0.3119818741380887,macro_confirmed,policy,policy relief,disinflation / oil fade,"inversion; bear flattening; 2s10s -0.76%, 3m10y -1.88%, 5s30s +0.11%.","Breakeven 2.18% (-0.05), credit 2.16% (+0.10), VIX avg 17.6, oil 68.1 (-7.5).","Policy pressure eases and front-end rates retrace without a major growth shock. Tomorrow: 2Y lower, 10Y lower. +1w: curve higher, credit lower. +1m: VIX lower. Transition pressure low.",front_end_relief,0.5144441431064749,2023-05-31,"2023-05: Policy Constraint
Month-end: 2023-05-31
Avg regime probability: 0.44
Transition pressure: 0.31 (low)
Expectedness: macro-confirmed [macro_consistent:78%, mixed:22%, likely_flow_amplified:0%]
Curve: inversion; bear flattening; 2s10s -0.76%, 3m10y -1.88%, 5s30s +0.11%.
Market / macro: Breakeven 2.18% (-0.05), credit 2.16% (+0.10), VIX avg 17.6, oil 68.1 (-7.5).
Top drivers: policy relief; disinflation / oil fade.
Top branch: front_end_relief (p=0.51)
Path: Policy pressure eases and front-end rates retrace without a major growth shock. Tomorrow: 2Y lower, 10Y lower. +1w: curve higher, credit lower. +1m: VIX lower. Transition pressure low.
Leaf scenario: Data moderation lowers the policy premium; vol declines"
2023-06,2023,6,policy_constraint,0.5390001925810936,0.3115824582705805,macro_confirmed,risk,risk relief,inflation / oil impulse,"deep inversion; bear flattening; 2s10s -1.06%, 3m10y -1.62%, 5s30s -0.28%.","Breakeven 2.22% (+0.06), credit 1.88% (-0.27), VIX avg 14.0, oil 70.7 (+0.6).","The front end remains pinned by policy credibility and restrictive guidance. Tomorrow: 2Y higher, 10Y higher. +1w: curve lower, credit higher. +1m: VIX higher. Transition pressure low.",policy_stays_tight,0.4959383217830866,2023-06-30,"2023-06: Policy Constraint
Month-end: 2023-06-30
Avg regime probability: 0.54
Transition pressure: 0.31 (low)
Expectedness: macro-confirmed [macro_consistent:68%, mixed:23%, likely_flow_amplified:9%]
Curve: deep inversion; bear flattening; 2s10s -1.06%, 3m10y -1.62%, 5s30s -0.28%.
Market / macro: Breakeven 2.22% (+0.06), credit 1.88% (-0.27), VIX avg 14.0, oil 70.7 (+0.6).
Top drivers: risk relief; inflation / oil impulse.
Top branch: policy_stays_tight (p=0.50)
Path: The front end remains pinned by policy credibility and restrictive guidance. Tomorrow: 2Y higher, 10Y higher. +1w: curve lower, credit higher. +1m: VIX higher. Transition pressure low.
Leaf scenario: Front-end yields grind higher; curve keeps flattening"
2023-07,2023,7,inflation_shock,0.47204467651320275,0.30599103243074904,macro_confirmed,risk,risk relief,regime rotation pressure,"inversion; bear steepening; 2s10s -0.91%, 3m10y -1.58%, 5s30s -0.16%.","Breakeven 2.37% (+0.12), credit 1.77% (-0.08), VIX avg 13.9, oil 81.8 (+12.1).","Inflation remains dominant and front-end repricing extends. Tomorrow: 2Y higher, 10Y higher. +1w: curve lower, credit higher. +1m: VIX higher. Transition pressure low.",inflation_persists,0.46498360074782064,2023-07-31,"2023-07: Inflation Shock
Month-end: 2023-07-31
Avg regime probability: 0.47
Transition pressure: 0.31 (low)
Expectedness: macro-confirmed [macro_consistent:81%, mixed:14%, likely_flow_amplified:5%]
Curve: inversion; bear steepening; 2s10s -0.91%, 3m10y -1.58%, 5s30s -0.16%.
Market / macro: Breakeven 2.37% (+0.12), credit 1.77% (-0.08), VIX avg 13.9, oil 81.8 (+12.1).
Top drivers: risk relief; regime rotation pressure.
Top branch: inflation_persists (p=0.46)
Path: Inflation remains dominant and front-end repricing extends. Tomorrow: 2Y higher, 10Y higher. +1w: curve lower, credit higher. +1m: VIX higher. Transition pressure low.
Leaf scenario: Energy impulse re-accelerates; breakevens keep grinding higher"
2023-08,2023,8,growth_scare,0.37954009729191357,0.2829456432165194,macro_confirmed,policy,policy relief,flow unwind,"inversion; mixed repricing; 2s10s -0.76%, 3m10y -1.47%, 5s30s -0.03%.","Breakeven 2.24% (-0.13), credit 1.83% (+0.06), VIX avg 15.9, oil 83.5 (+2.2).","Risk-off pressure broadens and rates price a deeper slowdown. Tomorrow: 2Y lower, 10Y lower. +1w: curve higher, credit higher. +1m: VIX higher. Transition pressure low.",recession_signal_strengthens,0.49968975777993685,2023-08-31,"2023-08: Growth Scare
Month-end: 2023-08-31
Avg regime probability: 0.38
Transition pressure: 0.28 (low)
Expectedness: macro-confirmed [macro_consistent:70%, mixed:26%, likely_flow_amplified:4%]
Curve: inversion; mixed repricing; 2s10s -0.76%, 3m10y -1.47%, 5s30s -0.03%.
Market / macro: Breakeven 2.24% (-0.13), credit 1.83% (+0.06), VIX avg 15.9, oil 83.5 (+2.2).
Top drivers: policy relief; flow unwind.
Top branch: recession_signal_strengthens (p=0.50)
Path: Risk-off pressure broadens and rates price a deeper slowdown. Tomorrow: 2Y lower, 10Y lower. +1w: curve higher, credit higher. +1m: VIX higher. Transition pressure low.
Leaf scenario: Credit widening intensifies; VIX stays bid"
2023-09,2023,9,inflation_shock,0.45388537155403935,0.22203123955038662,macro_confirmed,inflation,disinflation / oil fade,flow unwind,"inversion; bear steepening; 2s10s -0.44%, 3m10y -0.96%, 5s30s +0.13%.","Breakeven 2.35% (+0.09), credit 1.78% (-0.04), VIX avg 15.2, oil 90.8 (+5.2).","Inflation momentum cools and rates retrace toward a cleaner equilibrium. Tomorrow: 2Y lower, 10Y lower. +1w: curve higher, credit lower. +1m: VIX lower. Transition pressure low.",containment_normalization,0.4505744592692878,2023-09-29,"2023-09: Inflation Shock
Month-end: 2023-09-29
Avg regime probability: 0.45
Transition pressure: 0.22 (low)
Expectedness: macro-confirmed [macro_consistent:71%, mixed:29%, likely_flow_amplified:0%]
Curve: inversion; bear steepening; 2s10s -0.44%, 3m10y -0.96%, 5s30s +0.13%.
Market / macro: Breakeven 2.35% (+0.09), credit 1.78% (-0.04), VIX avg 15.2, oil 90.8 (+5.2).
Top drivers: disinflation / oil fade; flow unwind.
Top branch: containment_normalization (p=0.45)
Path: Inflation momentum cools and rates retrace toward a cleaner equilibrium. Tomorrow: 2Y lower, 10Y lower. +1w: curve higher, credit lower. +1m: VIX lower. Transition pressure low.
Leaf scenario: Commodity impulse fades; policy credibility improves"
2023-10,2023,10,mixed_transition,0.6490596193463477,0.32858249220679936,macro_confirmed,policy,hawkish front-end pressure,risk relief,"flat / mildly positive; bear steepening; 2s10s -0.19%, 3m10y -0.71%, 5s30s +0.22%.","Breakeven 2.42% (+0.07), credit 1.85% (+0.07), VIX avg 18.9, oil 81.6 (-7.2).","Existing moves extend as positioning and narrative momentum reinforce one another. Tomorrow: 2Y higher, 10Y higher. +1w: curve lower, credit higher. +1m: VIX higher. Transition pressure low.",amplification,0.45784478568390236,2023-10-31,"2023-10: Mixed Transition
Month-end: 2023-10-31
Avg regime probability: 0.65
Transition pressure: 0.33 (low)
Expectedness: macro-confirmed [macro_consistent:59%, mixed:23%, likely_flow_amplified:18%]
Curve: flat / mildly positive; bear steepening; 2s10s -0.19%, 3m10y -0.71%, 5s30s +0.22%.
Market / macro: Breakeven 2.42% (+0.07), credit 1.85% (+0.07), VIX avg 18.9, oil 81.6 (-7.2).
Top drivers: hawkish front-end pressure; risk relief.
Top branch: amplification (p=0.46)
Path: Existing moves extend as positioning and narrative momentum reinforce one another. Tomorrow: 2Y higher, 10Y higher. +1w: curve lower, credit higher. +1m: VIX higher. Transition pressure low.
Leaf scenario: Move broadens across rates and risk; flow pressure stays elevated"
2023-11,2023,11,policy_constraint,0.38533194533338916,0.27817937822448235,macro_confirmed,policy,hawkish front-end pressure,risk relief,"inversion; bull flattening; 2s10s -0.36%, 3m10y -1.08%, 5s30s +0.23%.","Breakeven 2.23% (-0.18), credit 1.67% (-0.24), VIX avg 14.0, oil 75.7 (-5.4).","The front end remains pinned by policy credibility and restrictive guidance. Tomorrow: 2Y higher, 10Y higher. +1w: curve lower, credit higher. +1m: VIX higher. Transition pressure low.",policy_stays_tight,0.6556868044380525,2023-11-30,"2023-11: Policy Constraint
Month-end: 2023-11-30
Avg regime probability: 0.39
Transition pressure: 0.28 (low)
Expectedness: macro-confirmed [macro_consistent:59%, mixed:32%, likely_flow_amplified:9%]
Curve: inversion; bull flattening; 2s10s -0.36%, 3m10y -1.08%, 5s30s +0.23%.
Market / macro: Breakeven 2.23% (-0.18), credit 1.67% (-0.24), VIX avg 14.0, oil 75.7 (-5.4).
Top drivers: hawkish front-end pressure; risk relief.
Top branch: policy_stays_tight (p=0.66)
Path: The front end remains pinned by policy credibility and restrictive guidance. Tomorrow: 2Y higher, 10Y higher. +1w: curve lower, credit higher. +1m: VIX higher. Transition pressure low.
Leaf scenario: Front-end yields grind higher; curve keeps flattening"
2023-12,2023,12,growth_scare,0.4655761695452148,0.24899435855713975,macro_confirmed,policy,policy relief,flow unwind,"inversion; bull steepening; 2s10s -0.35%, 3m10y -1.52%, 5s30s +0.19%.","Breakeven 2.16% (-0.06), credit 1.61% (-0.10), VIX avg 12.7, oil 71.9 (-1.8).","Risk-off pressure broadens and rates price a deeper slowdown. Tomorrow: 2Y lower, 10Y lower. +1w: curve higher, credit higher. +1m: VIX higher. Transition pressure low.",recession_signal_strengthens,0.47226449027450335,2023-12-29,"2023-12: Growth Scare
Month-end: 2023-12-29
Avg regime probability: 0.47
Transition pressure: 0.25 (low)
Expectedness: macro-confirmed [macro_consistent:76%, mixed:14%, likely_flow_amplified:10%]
Curve: inversion; bull steepening; 2s10s -0.35%, 3m10y -1.52%, 5s30s +0.19%.
Market / macro: Breakeven 2.16% (-0.06), credit 1.61% (-0.10), VIX avg 12.7, oil 71.9 (-1.8).
Top drivers: policy relief; flow unwind.
Top branch: recession_signal_strengthens (p=0.47)
Path: Risk-off pressure broadens and rates price a deeper slowdown. Tomorrow: 2Y lower, 10Y lower. +1w: curve higher, credit higher. +1m: VIX higher. Transition pressure low.
Leaf scenario: Credit widening intensifies; VIX stays bid"
2024-01,2024,1,inflation_shock,0.37956251090568643,0.28989177158260865,macro_confirmed,policy,policy relief,flow unwind,"inversion; bear steepening; 2s10s -0.28%, 3m10y -1.43%, 5s30s +0.31%.","Breakeven 2.26% (+0.10), credit 1.61% (+0.00), VIX avg 13.3, oil 76.3 (+4.4).","Inflation momentum cools and rates retrace toward a cleaner equilibrium. Tomorrow: 2Y lower, 10Y lower. +1w: curve higher, credit lower. +1m: VIX lower. Transition pressure low.",containment_normalization,0.4381728826959134,2024-01-31,"2024-01: Inflation Shock
Month-end: 2024-01-31
Avg regime probability: 0.38
Transition pressure: 0.29 (low)
Expectedness: macro-confirmed [macro_consistent:65%, mixed:22%, likely_flow_amplified:13%]
Curve: inversion; bear steepening; 2s10s -0.28%, 3m10y -1.43%, 5s30s +0.31%.
Market / macro: Breakeven 2.26% (+0.10), credit 1.61% (+0.00), VIX avg 13.3, oil 76.3 (+4.4).
Top drivers: policy relief; flow unwind.
Top branch: containment_normalization (p=0.44)
Path: Inflation momentum cools and rates retrace toward a cleaner equilibrium. Tomorrow: 2Y lower, 10Y lower. +1w: curve higher, credit lower. +1m: VIX lower. Transition pressure low.
Leaf scenario: Commodity impulse fades; policy credibility improves"
2024-02,2024,2,policy_constraint,0.44450180307567677,0.35693925362500806,macro_confirmed,risk,risk relief,hawkish front-end pressure,"inversion; bear flattening; 2s10s -0.39%, 3m10y -1.20%, 5s30s +0.12%.","Breakeven 2.33% (+0.14), credit 1.55% (-0.08), VIX avg 14.0, oil 79.2 (+4.9).","The front end remains pinned by policy credibility and restrictive guidance. Tomorrow: 2Y higher, 10Y higher. +1w: curve lower, credit higher. +1m: VIX higher. Transition pressure low.",policy_stays_tight,0.4552663910620105,2024-02-29,"2024-02: Policy Constraint
Month-end: 2024-02-29
Avg regime probability: 0.44
Transition pressure: 0.36 (low)
Expectedness: macro-confirmed [macro_consistent:81%, mixed:10%, likely_flow_amplified:10%]
Curve: inversion; bear flattening; 2s10s -0.39%, 3m10y -1.20%, 5s30s +0.12%.
Market / macro: Breakeven 2.33% (+0.14), credit 1.55% (-0.08), VIX avg 14.0, oil 79.2 (+4.9).
Top drivers: risk relief; hawkish front-end pressure.
Top branch: policy_stays_tight (p=0.46)
Path: The front end remains pinned by policy credibility and restrictive guidance. Tomorrow: 2Y higher, 10Y higher. +1w: curve lower, credit higher. +1m: VIX higher. Transition pressure low.
Leaf scenario: Front-end yields grind higher; curve keeps flattening"
2024-03,2024,3,inflation_shock,0.3565101065154036,0.13326550227247907,macro_confirmed,transition,regime rotation pressure,risk relief,"inversion; bull flattening; 2s10s -0.39%, 3m10y -1.26%, 5s30s +0.13%.","Breakeven 2.32% (+0.00), credit 1.50% (-0.07), VIX avg 13.8, oil 84.0 (+3.1).","Inflation remains dominant and front-end repricing extends. Tomorrow: 2Y higher, 10Y higher. +1w: curve lower, credit higher. +1m: VIX higher. Transition pressure low.",inflation_persists,0.45093717956359913,2024-03-29,"2024-03: Inflation Shock
Month-end: 2024-03-29
Avg regime probability: 0.36
Transition pressure: 0.13 (low)
Expectedness: macro-confirmed [macro_consistent:71%, mixed:29%, likely_flow_amplified:0%]
Curve: inversion; bull flattening; 2s10s -0.39%, 3m10y -1.26%, 5s30s +0.13%.
Market / macro: Breakeven 2.32% (+0.00), credit 1.50% (-0.07), VIX avg 13.8, oil 84.0 (+3.1).
Top drivers: regime rotation pressure; risk relief.
Top branch: inflation_persists (p=0.45)
Path: Inflation remains dominant and front-end repricing extends. Tomorrow: 2Y higher, 10Y higher. +1w: curve lower, credit higher. +1m: VIX higher. Transition pressure low.
Leaf scenario: Energy impulse re-accelerates; breakevens keep grinding higher"
2024-04,2024,4,mixed_transition,0.6291539653535346,0.305072862091591,macro_confirmed,disproportion,flow amplification / surprise,hawkish front-end pressure,"inversion; bear steepening; 2s10s -0.35%, 3m10y -0.77%, 5s30s +0.07%.","Breakeven 2.41% (+0.06), credit 1.44% (-0.05), VIX avg 16.1, oil 83.5 (-1.1).","Existing moves extend as positioning and narrative momentum reinforce one another. Tomorrow: 2Y higher, 10Y higher. +1w: curve lower, credit higher. +1m: VIX higher. Transition pressure low.",amplification,0.6486221002006152,2024-04-30,"2024-04: Mixed Transition
Month-end: 2024-04-30
Avg regime probability: 0.63
Transition pressure: 0.31 (low)
Expectedness: macro-confirmed [macro_consistent:68%, mixed:18%, likely_flow_amplified:14%]
Curve: inversion; bear steepening; 2s10s -0.35%, 3m10y -0.77%, 5s30s +0.07%.
Market / macro: Breakeven 2.41% (+0.06), credit 1.44% (-0.05), VIX avg 16.1, oil 83.5 (-1.1).
Top drivers: flow amplification / surprise; hawkish front-end pressure.
Top branch: amplification (p=0.65)
Path: Existing moves extend as positioning and narrative momentum reinforce one another. Tomorrow: 2Y higher, 10Y higher. +1w: curve lower, credit higher. +1m: VIX higher. Transition pressure low.
Leaf scenario: Move broadens across rates and risk; flow pressure stays elevated"
2024-05,2024,5,growth_scare,0.35780166929568985,0.14841690575353714,contested,disproportion,flow unwind,risk relief,"inversion; bull flattening; 2s10s -0.38%, 3m10y -0.95%, 5s30s +0.13%.","Breakeven 2.35% (-0.03), credit 1.46% (+0.03), VIX avg 13.1, oil 78.0 (-2.7).","Growth fears stop worsening and markets move toward a calmer range. Tomorrow: 2Y higher, 10Y higher. +1w: curve flat, credit lower. +1m: VIX lower. Transition pressure low.",stabilization,0.5160916998367845,2024-05-31,"2024-05: Growth Scare
Month-end: 2024-05-31
Avg regime probability: 0.36
Transition pressure: 0.15 (low)
Expectedness: contested [macro_consistent:57%, mixed:43%, likely_flow_amplified:0%]
Curve: inversion; bull flattening; 2s10s -0.38%, 3m10y -0.95%, 5s30s +0.13%.
Market / macro: Breakeven 2.35% (-0.03), credit 1.46% (+0.03), VIX avg 13.1, oil 78.0 (-2.7).
Top drivers: flow unwind; risk relief.
Top branch: stabilization (p=0.52)
Path: Growth fears stop worsening and markets move toward a calmer range. Tomorrow: 2Y higher, 10Y higher. +1w: curve flat, credit lower. +1m: VIX lower. Transition pressure low.
Leaf scenario: Volatility cools; credit stops widening"
2024-06,2024,6,growth_scare,0.42557648409158966,0.22389979951560898,contested,policy,policy relief,inflation / oil impulse,"inversion; bull steepening; 2s10s -0.35%, 3m10y -1.12%, 5s30s +0.18%.","Breakeven 2.28% (-0.05), credit 1.55% (+0.08), VIX avg 12.7, oil 82.8 (+7.6).","Risk-off pressure broadens and rates price a deeper slowdown. Tomorrow: 2Y lower, 10Y lower. +1w: curve higher, credit higher. +1m: VIX higher. Transition pressure low.",recession_signal_strengthens,0.4661998126029544,2024-06-28,"2024-06: Growth Scare
Month-end: 2024-06-28
Avg regime probability: 0.43
Transition pressure: 0.22 (low)
Expectedness: contested [macro_consistent:55%, mixed:40%, likely_flow_amplified:5%]
Curve: inversion; bull steepening; 2s10s -0.35%, 3m10y -1.12%, 5s30s +0.18%.
Market / macro: Breakeven 2.28% (-0.05), credit 1.55% (+0.08), VIX avg 12.7, oil 82.8 (+7.6).
Top drivers: policy relief; inflation / oil impulse.
Top branch: recession_signal_strengthens (p=0.47)
Path: Risk-off pressure broadens and rates price a deeper slowdown. Tomorrow: 2Y lower, 10Y lower. +1w: curve higher, credit higher. +1m: VIX higher. Transition pressure low.
Leaf scenario: Credit widening intensifies; VIX stays bid"
2024-07,2024,7,growth_scare,0.5668444873479458,0.18074106949772686,macro_confirmed,disproportion,flow unwind,policy relief,"flat / mildly positive; bull steepening; 2s10s -0.20%, 3m10y -1.32%, 5s30s +0.38%.","Breakeven 2.24% (-0.08), credit 1.68% (+0.13), VIX avg 14.4, oil 79.4 (-5.3).","Risk-off pressure broadens and rates price a deeper slowdown. Tomorrow: 2Y lower, 10Y lower. +1w: curve higher, credit higher. +1m: VIX higher. Transition pressure low.",recession_signal_strengthens,0.44342762859727525,2024-07-31,"2024-07: Growth Scare
Month-end: 2024-07-31
Avg regime probability: 0.57
Transition pressure: 0.18 (low)
Expectedness: macro-confirmed [macro_consistent:65%, mixed:22%, likely_flow_amplified:13%]
Curve: flat / mildly positive; bull steepening; 2s10s -0.20%, 3m10y -1.32%, 5s30s +0.38%.
Market / macro: Breakeven 2.24% (-0.08), credit 1.68% (+0.13), VIX avg 14.4, oil 79.4 (-5.3).
Top drivers: flow unwind; policy relief.
Top branch: recession_signal_strengthens (p=0.44)
Path: Risk-off pressure broadens and rates price a deeper slowdown. Tomorrow: 2Y lower, 10Y lower. +1w: curve higher, credit higher. +1m: VIX higher. Transition pressure low.
Leaf scenario: Credit widening intensifies; VIX stays bid"
2024-08,2024,8,growth_scare,0.5021926092694023,0.3723271602679343,macro_confirmed,disproportion,flow amplification / surprise,hawkish front-end pressure,"flat / mildly positive; bull steepening; 2s10s +0.00%, 3m10y -1.30%, 5s30s +0.49%.","Breakeven 2.15% (-0.05), credit 1.69% (-0.02), VIX avg 19.3, oil 74.5 (-3.2).","Risk-off pressure broadens and rates price a deeper slowdown. Tomorrow: 2Y lower, 10Y lower. +1w: curve higher, credit higher. +1m: VIX higher. Transition pressure low.",recession_signal_strengthens,0.4532549894717661,2024-08-30,"2024-08: Growth Scare
Month-end: 2024-08-30
Avg regime probability: 0.50
Transition pressure: 0.37 (low)
Expectedness: macro-confirmed [macro_consistent:59%, mixed:32%, likely_flow_amplified:9%]
Curve: flat / mildly positive; bull steepening; 2s10s +0.00%, 3m10y -1.30%, 5s30s +0.49%.
Market / macro: Breakeven 2.15% (-0.05), credit 1.69% (-0.02), VIX avg 19.3, oil 74.5 (-3.2).
Top drivers: flow amplification / surprise; hawkish front-end pressure.
Top branch: recession_signal_strengthens (p=0.45)
Path: Risk-off pressure broadens and rates price a deeper slowdown. Tomorrow: 2Y lower, 10Y lower. +1w: curve higher, credit higher. +1m: VIX higher. Transition pressure low.
Leaf scenario: Credit widening intensifies; VIX stays bid"
2024-09,2024,9,growth_scare,0.40873518981856144,0.21531624389026138,macro_confirmed,policy,hawkish front-end pressure,flow amplification / surprise,"flat / mildly positive; bull steepening; 2s10s +0.15%, 3m10y -0.92%, 5s30s +0.56%.","Breakeven 2.18% (+0.03), credit 1.63% (-0.06), VIX avg 17.7, oil 68.8 (-5.8).","The market rotates out of the scare and back toward inflation resilience. Tomorrow: 2Y higher, 10Y higher. +1w: curve lower, credit lower. +1m: VIX lower. Transition pressure low.",inflation_rebound,0.4251783450867511,2024-09-30,"2024-09: Growth Scare
Month-end: 2024-09-30
Avg regime probability: 0.41
Transition pressure: 0.22 (low)
Expectedness: macro-confirmed [macro_consistent:62%, mixed:24%, likely_flow_amplified:14%]
Curve: flat / mildly positive; bull steepening; 2s10s +0.15%, 3m10y -0.92%, 5s30s +0.56%.
Market / macro: Breakeven 2.18% (+0.03), credit 1.63% (-0.06), VIX avg 17.7, oil 68.8 (-5.8).
Top drivers: hawkish front-end pressure; flow amplification / surprise.
Top branch: inflation_rebound (p=0.43)
Path: The market rotates out of the scare and back toward inflation resilience. Tomorrow: 2Y higher, 10Y higher. +1w: curve lower, credit lower. +1m: VIX lower. Transition pressure low.
Leaf scenario: Oil stabilizes; breakevens rebound faster than nominal yields"
2024-10,2024,10,mixed_transition,0.5927751294227799,0.2654945697486573,macro_confirmed,risk,risk-off / credit stress,flow amplification / surprise,"flat / mildly positive; bear flattening; 2s10s +0.12%, 3m10y -0.36%, 5s30s +0.32%.","Breakeven 2.33% (+0.14), credit 1.46% (-0.19), VIX avg 20.0, oil 69.6 (-0.8).","Existing moves extend as positioning and narrative momentum reinforce one another. Tomorrow: 2Y higher, 10Y higher. +1w: curve lower, credit higher. +1m: VIX higher. Transition pressure low.",amplification,0.5860314497810801,2024-10-31,"2024-10: Mixed Transition
Month-end: 2024-10-31
Avg regime probability: 0.59
Transition pressure: 0.27 (low)
Expectedness: macro-confirmed [macro_consistent:87%, mixed:9%, likely_flow_amplified:4%]
Curve: flat / mildly positive; bear flattening; 2s10s +0.12%, 3m10y -0.36%, 5s30s +0.32%.
Market / macro: Breakeven 2.33% (+0.14), credit 1.46% (-0.19), VIX avg 20.0, oil 69.6 (-0.8).
Top drivers: risk-off / credit stress; flow amplification / surprise.
Top branch: amplification (p=0.59)
Path: Existing moves extend as positioning and narrative momentum reinforce one another. Tomorrow: 2Y higher, 10Y higher. +1w: curve lower, credit higher. +1m: VIX higher. Transition pressure low.
Leaf scenario: Move broadens across rates and risk; flow pressure stays elevated"
2024-11,2024,11,policy_constraint,0.40420884184915995,0.3111542102607083,macro_confirmed,disproportion,flow unwind,policy relief,"flat / mildly positive; bull flattening; 2s10s +0.05%, 3m10y -0.40%, 5s30s +0.31%.","Breakeven 2.26% (-0.07), credit 1.44% (-0.02), VIX avg 16.0, oil 68.3 (-1.5).","Policy pressure eases and front-end rates retrace without a major growth shock. Tomorrow: 2Y lower, 10Y lower. +1w: curve higher, credit lower. +1m: VIX lower. Transition pressure low.",front_end_relief,0.5468071854652243,2024-11-29,"2024-11: Policy Constraint
Month-end: 2024-11-29
Avg regime probability: 0.40
Transition pressure: 0.31 (low)
Expectedness: macro-confirmed [macro_consistent:62%, mixed:24%, likely_flow_amplified:14%]
Curve: flat / mildly positive; bull flattening; 2s10s +0.05%, 3m10y -0.40%, 5s30s +0.31%.
Market / macro: Breakeven 2.26% (-0.07), credit 1.44% (-0.02), VIX avg 16.0, oil 68.3 (-1.5).
Top drivers: flow unwind; policy relief.
Top branch: front_end_relief (p=0.55)
Path: Policy pressure eases and front-end rates retrace without a major growth shock. Tomorrow: 2Y lower, 10Y lower. +1w: curve higher, credit lower. +1m: VIX lower. Transition pressure low.
Leaf scenario: Data moderation lowers the policy premium; vol declines"
2024-12,2024,12,inflation_shock,0.3929036679947649,0.23862531958272862,macro_confirmed,inflation,inflation / oil impulse,risk relief,"flat / mildly positive; bear steepening; 2s10s +0.33%, 3m10y +0.21%, 5s30s +0.40%.","Breakeven 2.34% (+0.08), credit 1.42% (+0.01), VIX avg 15.8, oil 72.4 (+4.1).","Inflation remains dominant and front-end repricing extends. Tomorrow: 2Y higher, 10Y higher. +1w: curve lower, credit higher. +1m: VIX higher. Transition pressure low.",inflation_persists,0.5493525747197455,2024-12-31,"2024-12: Inflation Shock
Month-end: 2024-12-31
Avg regime probability: 0.39
Transition pressure: 0.24 (low)
Expectedness: macro-confirmed [macro_consistent:73%, mixed:23%, likely_flow_amplified:5%]
Curve: flat / mildly positive; bear steepening; 2s10s +0.33%, 3m10y +0.21%, 5s30s +0.40%.
Market / macro: Breakeven 2.34% (+0.08), credit 1.42% (+0.01), VIX avg 15.8, oil 72.4 (+4.1).
Top drivers: inflation / oil impulse; risk relief.
Top branch: inflation_persists (p=0.55)
Path: Inflation remains dominant and front-end repricing extends. Tomorrow: 2Y higher, 10Y higher. +1w: curve lower, credit higher. +1m: VIX higher. Transition pressure low.
Leaf scenario: Energy impulse re-accelerates; breakevens keep grinding higher"
2025-01,2025,1,inflation_shock,0.3597578831909313,0.22459316917063127,macro_confirmed,inflation,inflation / oil impulse,flow amplification / surprise,"flat / mildly positive; bull steepening; 2s10s +0.36%, 3m10y +0.27%, 5s30s +0.47%.","Breakeven 2.42% (+0.08), credit 1.45% (+0.03), VIX avg 16.8, oil 72.8 (+0.4).","Inflation remains dominant and front-end repricing extends. Tomorrow: 2Y higher, 10Y higher. +1w: curve lower, credit higher. +1m: VIX higher. Transition pressure low.",inflation_persists,0.592100799134164,2025-01-31,"2025-01: Inflation Shock
Month-end: 2025-01-31
Avg regime probability: 0.36
Transition pressure: 0.22 (low)
Expectedness: macro-confirmed [macro_consistent:78%, mixed:13%, likely_flow_amplified:9%]
Curve: flat / mildly positive; bull steepening; 2s10s +0.36%, 3m10y +0.27%, 5s30s +0.47%.
Market / macro: Breakeven 2.42% (+0.08), credit 1.45% (+0.03), VIX avg 16.8, oil 72.8 (+0.4).
Top drivers: inflation / oil impulse; flow amplification / surprise.
Top branch: inflation_persists (p=0.59)
Path: Inflation remains dominant and front-end repricing extends. Tomorrow: 2Y higher, 10Y higher. +1w: curve lower, credit higher. +1m: VIX higher. Transition pressure low.
Leaf scenario: Energy impulse re-accelerates; breakevens keep grinding higher"
2025-02,2025,2,growth_scare,0.5037931430158303,0.13372909672065675,contested,policy,policy relief,flow unwind,"flat / mildly positive; bull flattening; 2s10s +0.25%, 3m10y -0.08%, 5s30s +0.48%.","Breakeven 2.38% (-0.07), credit 1.57% (+0.11), VIX avg 17.0, oil 70.0 (-3.5).","Risk-off pressure broadens and rates price a deeper slowdown. Tomorrow: 2Y lower, 10Y lower. +1w: curve higher, credit higher. +1m: VIX higher. Transition pressure low.",recession_signal_strengthens,0.5267665211167484,2025-02-28,"2025-02: Growth Scare
Month-end: 2025-02-28
Avg regime probability: 0.50
Transition pressure: 0.13 (low)
Expectedness: contested [macro_consistent:50%, mixed:45%, likely_flow_amplified:5%]
Curve: flat / mildly positive; bull flattening; 2s10s +0.25%, 3m10y -0.08%, 5s30s +0.48%.
Market / macro: Breakeven 2.38% (-0.07), credit 1.57% (+0.11), VIX avg 17.0, oil 70.0 (-3.5).
Top drivers: policy relief; flow unwind.
Top branch: recession_signal_strengthens (p=0.53)
Path: Risk-off pressure broadens and rates price a deeper slowdown. Tomorrow: 2Y lower, 10Y lower. +1w: curve higher, credit higher. +1m: VIX higher. Transition pressure low.
Leaf scenario: Credit widening intensifies; VIX stays bid"
2025-03,2025,3,growth_scare,0.47570762355957247,0.2391695684713248,macro_confirmed,risk,risk-off / credit stress,inflation / oil impulse,"flat / mildly positive; bull steepening; 2s10s +0.34%, 3m10y -0.09%, 5s30s +0.63%.","Breakeven 2.38% (+0.02), credit 1.76% (+0.15), VIX avg 21.8, oil 71.9 (+3.2).","Risk-off pressure broadens and rates price a deeper slowdown. Tomorrow: 2Y lower, 10Y lower. +1w: curve higher, credit higher. +1m: VIX higher. Transition pressure low.",recession_signal_strengthens,0.5124701328008435,2025-03-31,"2025-03: Growth Scare
Month-end: 2025-03-31
Avg regime probability: 0.48
Transition pressure: 0.24 (low)
Expectedness: macro-confirmed [macro_consistent:62%, mixed:33%, likely_flow_amplified:5%]
Curve: flat / mildly positive; bull steepening; 2s10s +0.34%, 3m10y -0.09%, 5s30s +0.63%.
Market / macro: Breakeven 2.38% (+0.02), credit 1.76% (+0.15), VIX avg 21.8, oil 71.9 (+3.2).
Top drivers: risk-off / credit stress; inflation / oil impulse.
Top branch: recession_signal_strengthens (p=0.51)
Path: Risk-off pressure broadens and rates price a deeper slowdown. Tomorrow: 2Y lower, 10Y lower. +1w: curve higher, credit higher. +1m: VIX higher. Transition pressure low.
Leaf scenario: Credit widening intensifies; VIX stays bid"
2025-04,2025,4,growth_scare,0.6173080493224093,0.399926582547622,macro_confirmed,risk,risk-off / credit stress,policy relief,"moderately steep; bull steepening; 2s10s +0.57%, 3m10y -0.14%, 5s30s +0.94%.","Breakeven 2.23% (-0.10), credit 1.96% (+0.23), VIX avg 31.9, oil 59.5 (-12.1).","Risk-off pressure broadens and rates price a deeper slowdown. Tomorrow: 2Y lower, 10Y lower. +1w: curve higher, credit higher. +1m: VIX higher. Transition pressure low.",recession_signal_strengthens,0.7550576279643755,2025-04-30,"2025-04: Growth Scare
Month-end: 2025-04-30
Avg regime probability: 0.62
Transition pressure: 0.40 (low)
Expectedness: macro-confirmed [macro_consistent:64%, mixed:23%, likely_flow_amplified:14%]
Curve: moderately steep; bull steepening; 2s10s +0.57%, 3m10y -0.14%, 5s30s +0.94%.
Market / macro: Breakeven 2.23% (-0.10), credit 1.96% (+0.23), VIX avg 31.9, oil 59.5 (-12.1).
Top drivers: risk-off / credit stress; policy relief.
Top branch: recession_signal_strengthens (p=0.76)
Path: Risk-off pressure broadens and rates price a deeper slowdown. Tomorrow: 2Y lower, 10Y lower. +1w: curve higher, credit higher. +1m: VIX higher. Transition pressure low.
Leaf scenario: Credit widening intensifies; VIX stays bid"
2025-05,2025,5,mixed_transition,0.5978357050786486,0.26981113400017215,macro_confirmed,policy,policy relief,flow unwind,"moderately steep; bear flattening; 2s10s +0.52%, 3m10y +0.05%, 5s30s +0.96%.","Breakeven 2.34% (+0.09), credit 1.84% (-0.11), VIX avg 20.5, oil 61.5 (+0.9).","A recent move mean-reverts as the initial catalyst loses traction. Tomorrow: 2Y lower, 10Y lower. +1w: curve higher, credit lower. +1m: VIX lower. Transition pressure low.",reversal,0.3570986220592637,2025-05-30,"2025-05: Mixed Transition
Month-end: 2025-05-30
Avg regime probability: 0.60
Transition pressure: 0.27 (low)
Expectedness: macro-confirmed [macro_consistent:68%, mixed:27%, likely_flow_amplified:5%]
Curve: moderately steep; bear flattening; 2s10s +0.52%, 3m10y +0.05%, 5s30s +0.96%.
Market / macro: Breakeven 2.34% (+0.09), credit 1.84% (-0.11), VIX avg 20.5, oil 61.5 (+0.9).
Top drivers: policy relief; flow unwind.
Top branch: reversal (p=0.36)
Path: A recent move mean-reverts as the initial catalyst loses traction. Tomorrow: 2Y lower, 10Y lower. +1w: curve higher, credit lower. +1m: VIX lower. Transition pressure low.
Leaf scenario: Positioning unwinds; cross-asset confirmation fades"
2025-06,2025,6,inflation_shock,0.3537369766889561,0.2392716492907539,macro_confirmed,disproportion,flow unwind,risk relief,"moderately steep; bull flattening; 2s10s +0.52%, 3m10y -0.17%, 5s30s +0.99%.","Breakeven 2.29% (-0.04), credit 1.75% (-0.09), VIX avg 18.4, oil 66.3 (+3.0).","Inflation remains dominant and front-end repricing extends. Tomorrow: 2Y higher, 10Y higher. +1w: curve lower, credit higher. +1m: VIX higher. Transition pressure low.",inflation_persists,0.44371659703522787,2025-06-30,"2025-06: Inflation Shock
Month-end: 2025-06-30
Avg regime probability: 0.35
Transition pressure: 0.24 (low)
Expectedness: macro-confirmed [macro_consistent:52%, mixed:33%, likely_flow_amplified:14%]
Curve: moderately steep; bull flattening; 2s10s +0.52%, 3m10y -0.17%, 5s30s +0.99%.
Market / macro: Breakeven 2.29% (-0.04), credit 1.75% (-0.09), VIX avg 18.4, oil 66.3 (+3.0).
Top drivers: flow unwind; risk relief.
Top branch: inflation_persists (p=0.44)
Path: Inflation remains dominant and front-end repricing extends. Tomorrow: 2Y higher, 10Y higher. +1w: curve lower, credit higher. +1m: VIX higher. Transition pressure low.
Leaf scenario: Energy impulse re-accelerates; breakevens keep grinding higher"
2025-07,2025,7,policy_constraint,0.39159554326487267,0.12886878137464763,macro_confirmed,inflation,disinflation / oil fade,risk-off / credit stress,"flat / mildly positive; bear flattening; 2s10s +0.43%, 3m10y -0.04%, 5s30s +0.93%.","Breakeven 2.39% (+0.10), credit 1.67% (-0.05), VIX avg 16.4, oil 70.4 (+3.7).","The front end remains pinned by policy credibility and restrictive guidance. Tomorrow: 2Y higher, 10Y higher. +1w: curve lower, credit higher. +1m: VIX higher. Transition pressure low.",policy_stays_tight,0.36942410896504596,2025-07-31,"2025-07: Policy Constraint
Month-end: 2025-07-31
Avg regime probability: 0.39
Transition pressure: 0.13 (low)
Expectedness: macro-confirmed [macro_consistent:65%, mixed:30%, likely_flow_amplified:4%]
Curve: flat / mildly positive; bear flattening; 2s10s +0.43%, 3m10y -0.04%, 5s30s +0.93%.
Market / macro: Breakeven 2.39% (+0.10), credit 1.67% (-0.05), VIX avg 16.4, oil 70.4 (+3.7).
Top drivers: disinflation / oil fade; risk-off / credit stress.
Top branch: policy_stays_tight (p=0.37)
Path: The front end remains pinned by policy credibility and restrictive guidance. Tomorrow: 2Y higher, 10Y higher. +1w: curve lower, credit higher. +1m: VIX higher. Transition pressure low.
Leaf scenario: Front-end yields grind higher; curve keeps flattening"
2025-08,2025,8,growth_scare,0.4967677030201994,0.328360601228012,macro_confirmed,risk,risk-off / credit stress,policy relief,"moderately steep; bull steepening; 2s10s +0.64%, 3m10y +0.00%, 5s30s +1.24%.","Breakeven 2.41% (+0.08), credit 1.80% (+0.05), VIX avg 15.8, oil 64.4 (-4.0).","Risk-off pressure broadens and rates price a deeper slowdown. Tomorrow: 2Y lower, 10Y lower. +1w: curve higher, credit higher. +1m: VIX higher. Transition pressure low.",recession_signal_strengthens,0.7304335578931981,2025-08-29,"2025-08: Growth Scare
Month-end: 2025-08-29
Avg regime probability: 0.50
Transition pressure: 0.33 (low)
Expectedness: macro-confirmed [macro_consistent:76%, mixed:14%, likely_flow_amplified:10%]
Curve: moderately steep; bull steepening; 2s10s +0.64%, 3m10y +0.00%, 5s30s +1.24%.
Market / macro: Breakeven 2.41% (+0.08), credit 1.80% (+0.05), VIX avg 15.8, oil 64.4 (-4.0).
Top drivers: risk-off / credit stress; policy relief.
Top branch: recession_signal_strengthens (p=0.73)
Path: Risk-off pressure broadens and rates price a deeper slowdown. Tomorrow: 2Y lower, 10Y lower. +1w: curve higher, credit higher. +1m: VIX higher. Transition pressure low.
Leaf scenario: Credit widening intensifies; VIX stays bid"
2025-09,2025,9,policy_constraint,0.3820456425677629,0.15248624490703888,macro_confirmed,policy,policy relief,risk-off / credit stress,"moderately steep; mixed repricing; 2s10s +0.56%, 3m10y +0.14%, 5s30s +0.99%.","Breakeven 2.36% (-0.05), credit 1.67% (-0.13), VIX avg 15.8, oil 63.2 (-1.2).","Policy pressure eases and front-end rates retrace without a major growth shock. Tomorrow: 2Y lower, 10Y lower. +1w: curve higher, credit lower. +1m: VIX lower. Transition pressure low.",front_end_relief,0.4501700707162419,2025-09-30,"2025-09: Policy Constraint
Month-end: 2025-09-30
Avg regime probability: 0.38
Transition pressure: 0.15 (low)
Expectedness: macro-confirmed [macro_consistent:73%, mixed:14%, likely_flow_amplified:14%]
Curve: moderately steep; mixed repricing; 2s10s +0.56%, 3m10y +0.14%, 5s30s +0.99%.
Market / macro: Breakeven 2.36% (-0.05), credit 1.67% (-0.13), VIX avg 15.8, oil 63.2 (-1.2).
Top drivers: policy relief; risk-off / credit stress.
Top branch: front_end_relief (p=0.45)
Path: Policy pressure eases and front-end rates retrace without a major growth shock. Tomorrow: 2Y lower, 10Y lower. +1w: curve higher, credit lower. +1m: VIX lower. Transition pressure low.
Leaf scenario: Data moderation lowers the policy premium; vol declines"
2025-10,2025,10,growth_scare,0.3639742230208623,0.2033182909408804,macro_confirmed,risk,risk-off / credit stress,flow amplification / surprise,"moderately steep; bull flattening; 2s10s +0.51%, 3m10y +0.22%, 5s30s +0.96%.","Breakeven 2.30% (-0.05), credit 1.69% (+0.00), VIX avg 18.1, oil 61.8 (-0.8).","Risk-off pressure broadens and rates price a deeper slowdown. Tomorrow: 2Y lower, 10Y lower. +1w: curve higher, credit higher. +1m: VIX higher. Transition pressure low.",recession_signal_strengthens,0.6149298185124858,2025-10-31,"2025-10: Growth Scare
Month-end: 2025-10-31
Avg regime probability: 0.36
Transition pressure: 0.20 (low)
Expectedness: macro-confirmed [macro_consistent:65%, mixed:30%, likely_flow_amplified:4%]
Curve: moderately steep; bull flattening; 2s10s +0.51%, 3m10y +0.22%, 5s30s +0.96%.
Market / macro: Breakeven 2.30% (-0.05), credit 1.69% (+0.00), VIX avg 18.1, oil 61.8 (-0.8).
Top drivers: risk-off / credit stress; flow amplification / surprise.
Top branch: recession_signal_strengthens (p=0.61)
Path: Risk-off pressure broadens and rates price a deeper slowdown. Tomorrow: 2Y lower, 10Y lower. +1w: curve higher, credit higher. +1m: VIX higher. Transition pressure low.
Leaf scenario: Credit widening intensifies; VIX stays bid"
2025-11,2025,11,growth_scare,0.42371977747264145,0.19827724083489087,macro_confirmed,disproportion,flow amplification / surprise,risk relief,"moderately steep; bull steepening; 2s10s +0.55%, 3m10y +0.14%, 5s30s +1.08%.","Breakeven 2.23% (-0.08), credit 1.78% (+0.07), VIX avg 19.8, oil 58.6 (-3.2).","Risk-off pressure broadens and rates price a deeper slowdown. Tomorrow: 2Y lower, 10Y lower. +1w: curve higher, credit higher. +1m: VIX higher. Transition pressure low.",recession_signal_strengthens,0.4133561825077062,2025-11-28,"2025-11: Growth Scare
Month-end: 2025-11-28
Avg regime probability: 0.42
Transition pressure: 0.20 (low)
Expectedness: macro-confirmed [macro_consistent:70%, mixed:25%, likely_flow_amplified:5%]
Curve: moderately steep; bull steepening; 2s10s +0.55%, 3m10y +0.14%, 5s30s +1.08%.
Market / macro: Breakeven 2.23% (-0.08), credit 1.78% (+0.07), VIX avg 19.8, oil 58.6 (-3.2).
Top drivers: flow amplification / surprise; risk relief.
Top branch: recession_signal_strengthens (p=0.41)
Path: Risk-off pressure broadens and rates price a deeper slowdown. Tomorrow: 2Y lower, 10Y lower. +1w: curve higher, credit higher. +1m: VIX higher. Transition pressure low.
Leaf scenario: Credit widening intensifies; VIX stays bid"
2025-12,2025,12,inflation_shock,0.3899944983083099,0.137094434604432,macro_confirmed,transition,regime rotation pressure,risk relief,"moderately steep; bear steepening; 2s10s +0.71%, 3m10y +0.51%, 5s30s +1.11%.","Breakeven 2.25% (+0.01), credit 1.72% (-0.06), VIX avg 15.5, oil 57.3 (-2.2).","Inflation remains dominant and front-end repricing extends. Tomorrow: 2Y higher, 10Y higher. +1w: curve lower, credit higher. +1m: VIX higher. Transition pressure low.",inflation_persists,0.4816710797327272,2025-12-31,"2025-12: Inflation Shock
Month-end: 2025-12-31
Avg regime probability: 0.39
Transition pressure: 0.14 (low)
Expectedness: macro-confirmed [macro_consistent:65%, mixed:30%, likely_flow_amplified:4%]
Curve: moderately steep; bear steepening; 2s10s +0.71%, 3m10y +0.51%, 5s30s +1.11%.
Market / macro: Breakeven 2.25% (+0.01), credit 1.72% (-0.06), VIX avg 15.5, oil 57.3 (-2.2).
Top drivers: regime rotation pressure; risk relief.
Top branch: inflation_persists (p=0.48)
Path: Inflation remains dominant and front-end repricing extends. Tomorrow: 2Y higher, 10Y higher. +1w: curve lower, credit higher. +1m: VIX higher. Transition pressure low.
Leaf scenario: Energy impulse re-accelerates; breakevens keep grinding higher"
2026-01,2026,1,inflation_shock,0.41002517827594837,0.15872060286552603,contested,disproportion,flow unwind,policy relief,"moderately steep; bear steepening; 2s10s +0.74%, 3m10y +0.59%, 5s30s +1.08%.","Breakeven 2.36% (+0.11), credit 1.62% (-0.10), VIX avg 16.1, oil 64.5 (+7.2).","Inflation remains dominant and front-end repricing extends. Tomorrow: 2Y higher, 10Y higher. +1w: curve lower, credit higher. +1m: VIX higher. Transition pressure low.",inflation_persists,0.3740824242680444,2026-01-30,"2026-01: Inflation Shock
Month-end: 2026-01-30
Avg regime probability: 0.41
Transition pressure: 0.16 (low)
Expectedness: contested [macro_consistent:50%, mixed:36%, likely_flow_amplified:14%]
Curve: moderately steep; bear steepening; 2s10s +0.74%, 3m10y +0.59%, 5s30s +1.08%.
Market / macro: Breakeven 2.36% (+0.11), credit 1.62% (-0.10), VIX avg 16.1, oil 64.5 (+7.2).
Top drivers: flow unwind; policy relief.
Top branch: inflation_persists (p=0.37)
Path: Inflation remains dominant and front-end repricing extends. Tomorrow: 2Y higher, 10Y higher. +1w: curve lower, credit higher. +1m: VIX higher. Transition pressure low.
Leaf scenario: Energy impulse re-accelerates; breakevens keep grinding higher"
2026-02,2026,2,growth_scare,0.5002456222923161,0.1638911055639161,macro_confirmed,risk,risk-off / credit stress,policy relief,"moderately steep; bull flattening; 2s10s +0.59%, 3m10y +0.30%, 5s30s +1.13%.","Breakeven 2.25% (-0.10), credit 1.80% (+0.19), VIX avg 19.2, oil 67.0 (+5.4).","Risk-off pressure broadens and rates price a deeper slowdown. Tomorrow: 2Y lower, 10Y lower. +1w: curve higher, credit higher. +1m: VIX higher. Transition pressure low.",recession_signal_strengthens,0.7284374762275309,2026-02-27,"2026-02: Growth Scare
Month-end: 2026-02-27
Avg regime probability: 0.50
Transition pressure: 0.16 (low)
Expectedness: macro-confirmed [macro_consistent:75%, mixed:10%, likely_flow_amplified:15%]
Curve: moderately steep; bull flattening; 2s10s +0.59%, 3m10y +0.30%, 5s30s +1.13%.
Market / macro: Breakeven 2.25% (-0.10), credit 1.80% (+0.19), VIX avg 19.2, oil 67.0 (+5.4).
Top drivers: risk-off / credit stress; policy relief.
Top branch: recession_signal_strengthens (p=0.73)
Path: Risk-off pressure broadens and rates price a deeper slowdown. Tomorrow: 2Y lower, 10Y lower. +1w: curve higher, credit higher. +1m: VIX higher. Transition pressure low.
Leaf scenario: Credit widening intensifies; VIX stays bid"
2026-03,2026,3,mixed_transition,0.6620678174177689,0.32198197151836516,contested,risk,risk relief,flow unwind,"moderately steep; bear flattening; 2s10s +0.51%, 3m10y +0.60%, 5s30s +0.96%.","Breakeven 2.30% (+0.01), credit 1.79% (+0.01), VIX avg 25.6, oil 102.9 (+31.7).","The system stabilizes and daily moves fade into a tighter range. Tomorrow: 2Y lower, 10Y lower. +1w: curve higher, credit lower. +1m: VIX lower. Transition pressure low.",containment,0.475533914596613,2026-03-31,"2026-03: Mixed Transition
Month-end: 2026-03-31
Avg regime probability: 0.66
Transition pressure: 0.32 (low)
Expectedness: contested [macro_consistent:32%, mixed:45%, likely_flow_amplified:23%]
Curve: moderately steep; bear flattening; 2s10s +0.51%, 3m10y +0.60%, 5s30s +0.96%.
Market / macro: Breakeven 2.30% (+0.01), credit 1.79% (+0.01), VIX avg 25.6, oil 102.9 (+31.7).
Top drivers: risk relief; flow unwind.
Top branch: containment (p=0.48)
Path: The system stabilizes and daily moves fade into a tighter range. Tomorrow: 2Y lower, 10Y lower. +1w: curve higher, credit lower. +1m: VIX lower. Transition pressure low.
Leaf scenario: Market internals calm; scenario dispersion compresses"
2026-04,2026,4,inflation_shock,0.45053195723763667,0.3200485731058452,macro_confirmed,inflation,disinflation / oil fade,flow amplification / surprise,"moderately steep; mixed repricing; 2s10s +0.54%, 3m10y +0.62%, 5s30s +1.02%.","Breakeven 2.36% (+0.05), credit 1.71% (-0.04), VIX avg 21.0, oil 100.7 (-1.2).","Inflation remains dominant and front-end repricing extends. Tomorrow: 2Y higher, 10Y higher. +1w: curve lower, credit higher. +1m: VIX higher. Transition pressure low.",inflation_persists,0.3772688873753009,2026-04-17,"2026-04: Inflation Shock
Month-end: 2026-04-17
Avg regime probability: 0.45
Transition pressure: 0.32 (low)
Expectedness: macro-confirmed [macro_consistent:100%, mixed:0%, likely_flow_amplified:0%]
Curve: moderately steep; mixed repricing; 2s10s +0.54%, 3m10y +0.62%, 5s30s +1.02%.
Market / macro: Breakeven 2.36% (+0.05), credit 1.71% (-0.04), VIX avg 21.0, oil 100.7 (-1.2).
Top drivers: disinflation / oil fade; flow amplification / surprise.
Top branch: inflation_persists (p=0.38)
Path: Inflation remains dominant and front-end repricing extends. Tomorrow: 2Y higher, 10Y higher. +1w: curve lower, credit higher. +1m: VIX higher. Transition pressure low.
Leaf scenario: Energy impulse re-accelerates; breakevens keep grinding higher"
